major_code,major,course_code,course,prof,bunban,isu,insertYn,book,subbook,plan,majors
A071,[A071] 국어국문전공,M020024,도큐멘팅을 위한 이미지 프로세싱,류재영,7,전선,Y,강의자료,없음,20262516341M0200247,A071|[A071] 국어국문전공;M020|[M020] C&C School
L11E,[L11E] 교양필수,GEN0924,한성 이마기난스,김선용,3,교필,Y,"한성이미기난스 교안 ppt(업로드 예정), 디자인씽킹으로 일 잘하는 방법(교재) 수업시간 업로드","'상상-한계를 거부하는 발칙한 도전'  지은이 : 임정택,  출판사 : 21세기; 북스
 그 외 상상력 관련 각종 서적",20262511366GEN09243,L11E|[L11E] 교양필수
L11E,[L11E] 교양필수,GEN0924,한성 이마기난스,김선용,U,교필,Y,"한성이미기난스 교안 ppt(업로드 예정), 디자인씽킹으로 일 잘하는 방법(교재) 수업시간 업로드","'상상-한계를 거부하는 발칙한 도전'  지은이 : 임정택,  출판사 : 21세기; 북스
 그 외 상상력 관련 각종 서적",20262511366GEN0924U,L11E|[L11E] 교양필수
L11E,[L11E] 교양필수,GEN0924,한성 이마기난스,김양수,D,교필,Y,한성 이마기난스 교안 PPT,한성 이마기난스' 강의교안 (pdf파일) / e-class탑재,20262514985GEN0924D,L11E|[L11E] 교양필수
L11E,[L11E] 교양필수,GEN0924,한성 이마기난스,김양수,R,교필,Y,한성 이마기난스 교안 PPT,한성 이마기난스' 강의교안 (pdf파일) / e-class탑재,20262514985GEN0924R,L11E|[L11E] 교양필수
L11E,[L11E] 교양필수,GEN0924,한성 이마기난스,김현숙,2,교필,Y,한성 이마기난스 교안 ppt(이클래스 업로드),상상력 관련 각종 서적,20262515963GEN09242,L11E|[L11E] 교양필수
L11E,[L11E] 교양필수,GEN0924,한성 이마기난스,김현숙,H,교필,Y,한성 이마기난스 교안 ppt(이클래스 업로드),상상력 관련 각종 서적,20262515963GEN0924H,L11E|[L11E] 교양필수
L11E,[L11E] 교양필수,GEN0924,한성 이마기난스,김현숙,S,교필,Y,한성 이마기난스 교안 ppt(이클래스 업로드),상상력 관련 각종 서적,20262515963GEN0924S,L11E|[L11E] 교양필수
L11E,[L11E] 교양필수,GEN0924,한성 이마기난스,김혜련,1,교필,Y,한성 이마기난스 교안 PPT,상상력 관련 각종 서적,20262110806GEN09241,L11E|[L11E] 교양필수
L11E,[L11E] 교양필수,GEN0924,한성 이마기난스,김혜련,7,교필,Y,한성 이마기난스 교안 PPT,상상력 관련 각종 서적,20262110806GEN09247,L11E|[L11E] 교양필수
L11E,[L11E] 교양필수,GEN0924,한성 이마기난스,김혜련,G,교필,Y,한성 이마기난스 교안 PPT,상상력 관련 각종 서적,20262110806GEN0924G,L11E|[L11E] 교양필수
L11E,[L11E] 교양필수,GEN0924,한성 이마기난스,우희정,C,교필,Y,'한성 이마기난스' 강의교안 (pdf파일) / e-class탑재,"상상,한계를 거부하는 발칙한 도전 ,임정택, 21세기북스,2011, / 예술적 상상력, 오종우, 어크로스, 2019 / 디자인과 인문학적 상상력, 최범, 안그라픽스, 2023 /세상에서 가장 시끄러운 그림책, 벤야민 고트발트, 초록글, 2023 / 베르나르 베르베르의 상상력 사전 시리즈 , 베르타르 베르베르, 별천지, 2011",20262510216GEN0924C,L11E|[L11E] 교양필수
L11E,[L11E] 교양필수,GEN0924,한성 이마기난스,우희정,L,교필,Y,'한성 이마기난스' 강의교안 (pdf파일) / e-class탑재,"상상,한계를 거부하는 발칙한 도전 ,임정택, 21세기북스,2011, / 예술적 상상력, 오종우, 어크로스, 2019 / 디자인과 인문학적 상상력, 최범, 안그라픽스, 2023 /세상에서 가장 시끄러운 그림책, 벤야민 고트발트, 초록글, 2023 / 베르나르 베르베르의 상상력 사전 시리즈 , 베르타르 베르베르, 별천지, 2011",20262510216GEN0924L,L11E|[L11E] 교양필수
L11E,[L11E] 교양필수,GEN0924,한성 이마기난스,우희정,Q,교필,Y,'한성 이마기난스' 강의교안 (pdf파일) / e-class탑재,"상상,한계를 거부하는 발칙한 도전 ,임정택, 21세기북스,2011, / 예술적 상상력, 오종우, 어크로스, 2019 / 디자인과 인문학적 상상력, 최범, 안그라픽스, 2023 /세상에서 가장 시끄러운 그림책, 벤야민 고트발트, 초록글, 2023 / 베르나르 베르베르의 상상력 사전 시리즈 , 베르타르 베르베르, 별천지, 2011",20262510216GEN0924Q,L11E|[L11E] 교양필수
L11E,[L11E] 교양필수,GEN0924,한성 이마기난스,이시원,E,교필,Y,한성 이마기난스 교안 ppt (이클래스에 업로드 예정),상상력 관련 각종 서적,20262515110GEN0924E,L11E|[L11E] 교양필수
L11E,[L11E] 교양필수,GEN0924,한성 이마기난스,이시원,K,교필,Y,한성 이마기난스 교안 ppt (이클래스에 업로드 예정),상상력 관련 각종 서적,20262515110GEN0924K,L11E|[L11E] 교양필수
L11E,[L11E] 교양필수,GEN0924,한성 이마기난스,이희승,4,교필,Y,한성 이마기난스 교안 PPT 매주 e_class에 업로드,"미래 상상력, 창의력, 융합 교육 등 관련 다양한 각종 서적",20262512668GEN09244,L11E|[L11E] 교양필수
L11E,[L11E] 교양필수,GEN0924,한성 이마기난스,이희승,J,교필,Y,한성 이마기난스 교안 PPT 매주 e_class에 업로드,"미래 상상력, 창의력, 융합 교육 등 관련 다양한 각종 서적",20262512668GEN0924J,L11E|[L11E] 교양필수
L11E,[L11E] 교양필수,GEN0924,한성 이마기난스,정유선,B,교필,Y,한성 이마기난스 교안 ppt(이클래스에 업로드 예정),상상력 관련 각종 서적,20262515964GEN0924B,L11E|[L11E] 교양필수
L11E,[L11E] 교양필수,GEN0924,한성 이마기난스,정유선,P,교필,Y,한성 이마기난스 교안 ppt(이클래스에 업로드 예정),상상력 관련 각종 서적,20262515964GEN0924P,L11E|[L11E] 교양필수
L11E,[L11E] 교양필수,GEN0924,한성 이마기난스,정유선,T,교필,Y,한성 이마기난스 교안 ppt(이클래스에 업로드 예정),상상력 관련 각종 서적,20262515964GEN0924T,L11E|[L11E] 교양필수
L11E,[L11E] 교양필수,GEN0924,한성 이마기난스,주현식,A,교필,Y,한성 이마기난스 교안 ppt (이클래스에 업로드 예정),상상력 관련 각종 서적,20262110875GEN0924A,L11E|[L11E] 교양필수
L11E,[L11E] 교양필수,GEN0924,한성 이마기난스,주현식,F,교필,Y,한성 이마기난스 교안 ppt (이클래스에 업로드 예정),상상력 관련 각종 서적,20262110875GEN0924F,L11E|[L11E] 교양필수
L11E,[L11E] 교양필수,GEN0924,한성 이마기난스,주현식,N,교필,Y,한성 이마기난스 교안 ppt (이클래스에 업로드 예정),상상력 관련 각종 서적,20262110875GEN0924N,L11E|[L11E] 교양필수
L11E,[L11E] 교양필수,GEN0925,사고와 표현,권정현,3,교필,Y,"한성대 사고와표현과정, 『대학 글쓰기와 말하기』, 한성대학교 출판부, 2025.03.","백미숙,『토론』, 커뮤니케이션북스. 2014. 
하승민, 『발표불안극복 project - 15분 컨텐츠로 명강사 도전하기』, 이페이지, 2017.  
하타케야마 소, 김진아 역, 『 철학자들의 토론회 : 인생의 고민 앞에서 철학자들을 만난다면』, 프런티어, 2023.
(* 한성대 학술정보관 홈페이지에서 전자책으로 열람 가능)",20262512569GEN09253,L11E|[L11E] 교양필수
L11E,[L11E] 교양필수,GEN0925,사고와 표현,권혁명,4,교필,Y,'대학 글쓰기와 말하기 사고와 표현',프린트물,20262110717GEN09254,L11E|[L11E] 교양필수
L11E,[L11E] 교양필수,GEN0925,사고와 표현,권혁명,A,교필,Y,'대학 글쓰기와 말하기 사고와 표현',프린트물,20262110717GEN0925A,L11E|[L11E] 교양필수
L11E,[L11E] 교양필수,GEN0925,사고와 표현,권혁명,G,교필,Y,'대학 글쓰기와 말하기 사고와 표현',프린트물,20262110717GEN0925G,L11E|[L11E] 교양필수
L11E,[L11E] 교양필수,GEN0925,사고와 표현,권혁명,K,교필,Y,'대학 글쓰기와 말하기 사고와 표현',프린트물,20262110717GEN0925K,L11E|[L11E] 교양필수
L11E,[L11E] 교양필수,GEN0925,사고와 표현,권혁명,N,교필,Y,'대학 글쓰기와 말하기 사고와 표현',프린트물,20262110717GEN0925N,L11E|[L11E] 교양필수
L11E,[L11E] 교양필수,GEN0925,사고와 표현,권혁명,Q,교필,Y,'대학 글쓰기와 말하기 사고와 표현',프린트물,20262110717GEN0925Q,L11E|[L11E] 교양필수
L11E,[L11E] 교양필수,GEN0925,사고와 표현,박혜순,E,교필,Y,"한성대 사고와표현과정, 대학 글쓰기와 말하기, 한성대학교 출판부, 2025.03.",수업 시간 제시,20262513176GEN0925E,L11E|[L11E] 교양필수
L11E,[L11E] 교양필수,GEN0925,사고와 표현,이상우,H,교필,Y,"한성대 사고와표현과정, <대학 글쓰기와 말하기>, 한성대학교 출판부, 2026.",필요시 담당교수가 배부,20262514516GEN0925H,L11E|[L11E] 교양필수
L11E,[L11E] 교양필수,GEN0925,사고와 표현,이상우,P,교필,Y,"한성대 사고와표현과정, <대학 글쓰기와 말하기>, 한성대학교 출판부, 2026.",필요시 담당교수가 배부,20262514516GEN0925P,L11E|[L11E] 교양필수
L11E,[L11E] 교양필수,GEN0925,사고와 표현,이상우,U,교필,Y,"한성대 사고와표현과정, <대학 글쓰기와 말하기>, 한성대학교 출판부, 2026.",필요시 담당교수가 배부,20262514516GEN0925U,L11E|[L11E] 교양필수
L11E,[L11E] 교양필수,GEN0925,사고와 표현,이상혁,F,교필,Y,"대학 글쓰기와 말하기, 이상혁 외, 한성대 출판부, 2026.",수업 시간에 따로 제시함.,20262110577GEN0925F,L11E|[L11E] 교양필수
L11E,[L11E] 교양필수,GEN0925,사고와 표현,이자화,1,교필,Y,"한성대 사고와표현과정, 『대학 글쓰기와 말하기』, 한성대학교 출판부, 2025.","김광기, 『전략적 글쓰기와 논술』, 에이제이, 2013; 이창덕 외, 『삶과 화법』, 박이정, 2025; 장하늘, 『글 고치기 전략』, 다산초당, 2006; 전영우, 『토의토론과 회의』, 집문당, 1999; 정희모,이재성, 『글쓰기의 전략』, 들녘, 2015; 기타 부교재는 이클래스에 게시",20262515478GEN09251,L11E|[L11E] 교양필수
L11E,[L11E] 교양필수,GEN0925,사고와 표현,이자화,@,교필,Y,"한성대 사고와표현과정, 『대학 글쓰기와 말하기』, 한성대학교 출판부, 2025.","김광기, 『전략적 글쓰기와 논술』, 에이제이, 2013; 이창덕 외, 『삶과 화법』, 박이정, 2025; 장하늘, 『글 고치기 전략』, 다산초당, 2006; 전영우, 『토의토론과 회의』, 집문당, 1999; 정희모,이재성, 『글쓰기의 전략』, 들녘, 2015; 기타 부교재는 이클래스에 게시",20262515478GEN0925@,L11E|[L11E] 교양필수
L11E,[L11E] 교양필수,GEN0925,사고와 표현,이희영,6,교필,Y,"<대학 글쓰기와 말하기>, 한성대학교 출판부, 2025",필요한 참고자료는 교수자가 이클래스 업로드함,20262110756GEN09256,L11E|[L11E] 교양필수
L11E,[L11E] 교양필수,GEN0925,사고와 표현,이희영,C,교필,Y,"<대학 글쓰기와 말하기>, 한성대학교 출판부, 2025",필요한 참고자료는 교수자가 이클래스 업로드함,20262110756GEN0925C,L11E|[L11E] 교양필수
L11E,[L11E] 교양필수,GEN0925,사고와 표현,이희영,M,교필,Y,"<대학 글쓰기와 말하기>, 한성대학교 출판부, 2025",필요한 참고자료는 교수자가 이클래스 업로드함,20262110756GEN0925M,L11E|[L11E] 교양필수
L11E,[L11E] 교양필수,GEN0925,사고와 표현,이희영,S,교필,Y,"<대학 글쓰기와 말하기>, 한성대학교 출판부, 2025",필요한 참고자료는 교수자가 이클래스 업로드함,20262110756GEN0925S,L11E|[L11E] 교양필수
L11E,[L11E] 교양필수,GEN0925,사고와 표현,임형모,5,교필,Y,"사고와표현과정 교재편찬위원회, <대학 글쓰기와 말하기: 사고와 표현>, 한성대학교출판부, 2026.",- 플립 러닝 동영상 자료 / - 의사소통센터 http://writingcenter.hansung.ac.kr,20262110792GEN09255,L11E|[L11E] 교양필수
L11E,[L11E] 교양필수,GEN0925,사고와 표현,임형모,B,교필,Y,"사고와표현과정 교재편찬위원회, <대학 글쓰기와 말하기: 사고와 표현>, 한성대학교출판부, 2026.",- 플립 러닝 동영상 자료 / - 의사소통센터 http://writingcenter.hansung.ac.kr,20262110792GEN0925B,L11E|[L11E] 교양필수
L11E,[L11E] 교양필수,GEN0925,사고와 표현,임형모,J,교필,Y,"사고와표현과정 교재편찬위원회, <대학 글쓰기와 말하기: 사고와 표현>, 한성대학교출판부, 2026.",- 플립 러닝 동영상 자료 / - 의사소통센터 http://writingcenter.hansung.ac.kr,20262110792GEN0925J,L11E|[L11E] 교양필수
L11E,[L11E] 교양필수,GEN0925,사고와 표현,임형모,L,교필,Y,"사고와표현과정 교재편찬위원회, <대학 글쓰기와 말하기: 사고와 표현>, 한성대학교출판부, 2026.",- 플립 러닝 동영상 자료 / - 의사소통센터 http://writingcenter.hansung.ac.kr,20262110792GEN0925L,L11E|[L11E] 교양필수
L11E,[L11E] 교양필수,GEN0925,사고와 표현,임형모,R,교필,Y,"사고와표현과정 교재편찬위원회, <대학 글쓰기와 말하기: 사고와 표현>, 한성대학교출판부, 2026.",- 플립 러닝 동영상 자료 / - 의사소통센터 http://writingcenter.hansung.ac.kr,20262110792GEN0925R,L11E|[L11E] 교양필수
L11E,[L11E] 교양필수,GEN0925,사고와 표현,장민정,7,교필,Y,"대학 글쓰기와 말하기, 한성대출판부, 2025.","로버트 치알디니(2023), 설득의 심리학 4부작, 21세기 북스.",20262515751GEN09257,L11E|[L11E] 교양필수
L11E,[L11E] 교양필수,GEN0925,사고와 표현,정원채,D,교필,Y,"한성대 사고와표현과정, 『대학 글쓰기와 말하기』, 한성대학교 출판부, 2026.","플립 수업 동영상(이클래스 탑재_기한 내 반드시 시청하기_태도 점수에 반영)
한성대학교 글쓰기센터, http://writingcenter.hansung.ac.kr

기타 필요한 자료는 이클래스에 업로드",20262512399GEN0925D,L11E|[L11E] 교양필수
L11E,[L11E] 교양필수,GEN0925,사고와 표현,정원채,I,교필,Y,"한성대 사고와표현과정, 『대학 글쓰기와 말하기』, 한성대학교 출판부, 2026.","플립 수업 동영상(이클래스 탑재_기한 내 반드시 시청하기_태도 점수에 반영)
한성대학교 글쓰기센터, http://writingcenter.hansung.ac.kr

기타 필요한 자료는 이클래스에 업로드",20262512399GEN0925I,L11E|[L11E] 교양필수
L11E,[L11E] 교양필수,GEN0925,사고와 표현,정주연,2,교필,Y,"한성대 사고와 표현 과정, 『대학 글쓰기와 말하기』, 한성대학교 출판부, 2025.",추후 제시,20262514423GEN09252,L11E|[L11E] 교양필수
L11E,[L11E] 교양필수,GEN0925,사고와 표현,정주연,T,교필,Y,"한성대 사고와 표현 과정, 『대학 글쓰기와 말하기』, 한성대학교 출판부, 2025.",추후 제시,20262514423GEN0925T,L11E|[L11E] 교양필수
L11E,[L11E] 교양필수,GEN0926,AI와 SW 기초,김문희,8,교필,Y,시간순삭 파이썬 ㅡ생능출판,자체 pdf 교제,20262516440GEN09268,L11E|[L11E] 교양필수
L11E,[L11E] 교양필수,GEN0926,AI와 SW 기초,장현주,X,교필,Y,강의자료,강의자료,20262110911GEN0926X,L11E|[L11E] 교양필수
L11E,[L11E] 교양필수,GEN0926,AI와 SW 기초,장현주,Y,교필,Y,강의자료,강의자료,20262110911GEN0926Y,L11E|[L11E] 교양필수
L11E,[L11E] 교양필수,GEN0926,AI와 SW 기초,장현주,Z,교필,Y,강의자료,강의자료,20262110911GEN0926Z,L11E|[L11E] 교양필수
L11E,[L11E] 교양필수,GEN0926,AI와 SW 기초,"홍희경,이신희,최승호",3,교필,Y,공동 PDF 교안,없음.,20262110780GEN09263,L11E|[L11E] 교양필수
L11E,[L11E] 교양필수,GEN0926,AI와 SW 기초,"홍희경,이신희,최승호",4,교필,Y,공동 PDF 교안,없음,20262110874GEN09264,L11E|[L11E] 교양필수
L11E,[L11E] 교양필수,GEN0926,AI와 SW 기초,"홍희경,이신희,최승호",5,교필,Y,공동 PDF 교안,없음,20262110887GEN09265,L11E|[L11E] 교양필수
L11E,[L11E] 교양필수,GEN0926,AI와 SW 기초,"홍희경,이신희,최승호",7,교필,Y,공동 PDF 교안,없음,20262110887GEN09267,L11E|[L11E] 교양필수
L11E,[L11E] 교양필수,GEN0926,AI와 SW 기초,"홍희경,이신희,최승호",A,교필,Y,공동 PDF 교안,없음.,20262110780GEN0926A,L11E|[L11E] 교양필수
L11E,[L11E] 교양필수,GEN0926,AI와 SW 기초,"홍희경,이신희,최승호",B,교필,Y,공동 PDF 교안,없음,20262110874GEN0926B,L11E|[L11E] 교양필수
L11E,[L11E] 교양필수,GEN0926,AI와 SW 기초,"홍희경,이신희,최승호",F,교필,Y,공동 PDF 교안,없음,20262110780GEN0926F,L11E|[L11E] 교양필수
L11E,[L11E] 교양필수,GEN0926,AI와 SW 기초,"홍희경,이신희,최승호",G,교필,Y,공동 PDF 교안,없음,20262110874GEN0926G,L11E|[L11E] 교양필수
L11E,[L11E] 교양필수,GEN0926,AI와 SW 기초,"홍희경,이신희,최승호",N,교필,Y,공동 PDF 교안,없음,20262110887GEN0926N,L11E|[L11E] 교양필수
L11E,[L11E] 교양필수,GEN0926,AI와 SW 기초,"홍희경,이신희,최승호",O,교필,Y,공동 PDF 교안,없음.,20262110780GEN0926O,L11E|[L11E] 교양필수
L11E,[L11E] 교양필수,GEN0926,AI와 SW 기초,"홍희경,이신희,최승호",R,교필,Y,공동 PDF 교안,없음,20262110887GEN0926R,L11E|[L11E] 교양필수
L11E,[L11E] 교양필수,GEN0926,AI와 SW 기초,"홍희경,이신희,최승호",V,교필,Y,공동 PDF 교안,없음,20262110780GEN0926V,L11E|[L11E] 교양필수
L11E,[L11E] 교양필수,GEN0926,AI와 SW 기초,"홍희경,이신희,최승호,문혜영",1,교필,Y,공동 PDF 교안,없음,20262515978GEN09261,L11E|[L11E] 교양필수
L11E,[L11E] 교양필수,GEN0926,AI와 SW 기초,"홍희경,이신희,최승호,문혜영",W,교필,Y,공동 PDF 교안,없음,20262515978GEN0926W,L11E|[L11E] 교양필수
L11E,[L11E] 교양필수,GEN0926,AI와 SW 기초,"홍희경,이신희,최승호,신믿음",D,교필,Y,공동 PDF 교안,없음,20262515961GEN0926D,L11E|[L11E] 교양필수
L11E,[L11E] 교양필수,GEN0926,AI와 SW 기초,"홍희경,이신희,최승호,신믿음",J,교필,Y,공동 PDF 교안,없음,20262515961GEN0926J,L11E|[L11E] 교양필수
L11E,[L11E] 교양필수,GEN0926,AI와 SW 기초,"홍희경,이신희,최승호,신믿음",T,교필,Y,공동 PDF 교안,없음,20262515961GEN0926T,L11E|[L11E] 교양필수
L11E,[L11E] 교양필수,GEN0926,AI와 SW 기초,"홍희경,이신희,최승호,이미선",2,교필,Y,공동 PDF 교안,없음,20262516167GEN09262,L11E|[L11E] 교양필수
L11E,[L11E] 교양필수,GEN0926,AI와 SW 기초,"홍희경,이신희,최승호,이미선",U,교필,Y,공동 PDF 교안,없음,20262516167GEN0926U,L11E|[L11E] 교양필수
L11E,[L11E] 교양필수,GEN0926,AI와 SW 기초,"홍희경,이신희,최승호,이미향",E,교필,Y,공동 PDF 교안,없음,20262515674GEN0926E,L11E|[L11E] 교양필수
L11E,[L11E] 교양필수,GEN0926,AI와 SW 기초,"홍희경,이신희,최승호,이미향",K,교필,Y,공동 PDF 교안,없음,20262515674GEN0926K,L11E|[L11E] 교양필수
L11E,[L11E] 교양필수,GEN0926,AI와 SW 기초,"홍희경,이신희,최승호,이미향",Q,교필,Y,공동 PDF 교안,없음,20262515674GEN0926Q,L11E|[L11E] 교양필수
L11E,[L11E] 교양필수,GEN0926,AI와 SW 기초,"홍희경,이신희,최승호,임제영",6,교필,Y,공동 PDF 교안,없음,20262515246GEN09266,L11E|[L11E] 교양필수
L11E,[L11E] 교양필수,GEN0926,AI와 SW 기초,"홍희경,이신희,최승호,임제영",L,교필,Y,공동 PDF 교안,없음,20262515246GEN0926L,L11E|[L11E] 교양필수
L11E,[L11E] 교양필수,GEN0926,AI와 SW 기초,"홍희경,이신희,최승호,임제영",S,교필,Y,공동 PDF 교안,없음,20262515246GEN0926S,L11E|[L11E] 교양필수
L11E,[L11E] 교양필수,GEN0926,AI와 SW 기초,"홍희경,최정섭,이신희,최승호",C,교필,Y,공동 PDF 교안,없음,20262110834GEN0926C,L11E|[L11E] 교양필수
L11E,[L11E] 교양필수,GEN0926,AI와 SW 기초,"홍희경,최정섭,이신희,최승호",H,교필,Y,공동 PDF 교안,없음,20262110834GEN0926H,L11E|[L11E] 교양필수
L11E,[L11E] 교양필수,GEN0926,AI와 SW 기초,"홍희경,최정섭,이신희,최승호",P,교필,Y,공동 PDF 교안,없음,20262110834GEN0926P,L11E|[L11E] 교양필수
L11E,[L11E] 교양필수,GEN0999,비판적 사고와 한국어 독해,박숙영,D,교필,Y,"조항록, 김은경, 유승원(2019), 문화가 있는 한국어 읽기3, 다락원.",추후 공지,20262516462GEN0999D,L11E|[L11E] 교양필수
L11E,[L11E] 교양필수,GEN0999,비판적 사고와 한국어 독해,윤경미,E,교필,Y,"조항록 외(2019), 문화가 있는 한국어 읽기 4, 다락원.",추후 안내,20262516436GEN0999E,L11E|[L11E] 교양필수
L11E,[L11E] 교양필수,GEN0999,비판적 사고와 한국어 독해,이지안,H,교필,Y,To be announced later,To be announced later,20262516458GEN0999H,L11E|[L11E] 교양필수
L11E,[L11E] 교양필수,GEN0999,비판적 사고와 한국어 독해,이효진,B,교필,Y,"조항록 외(2020), 문화가 있는 한국어 읽기 4, 다락원.",추후 안내,20262516374GEN0999B,L11E|[L11E] 교양필수
L11E,[L11E] 교양필수,GEN0999,비판적 사고와 한국어 독해,장경완,F,교필,Y,추후 안내,없음,20262516453GEN0999F,L11E|[L11E] 교양필수
L11E,[L11E] 교양필수,GEN0999,비판적 사고와 한국어 독해,장민정,I,교필,Y,"Textbook Information
Textbook: Sejong Korean 1A
Workbook: Sejong Korean 1A Workbook",-,20262515751GEN0999I,L11E|[L11E] 교양필수
L11E,[L11E] 교양필수,GEN0999,비판적 사고와 한국어 독해,최수현,C,교필,Y,"조항록·김은정·김아영, 『문화가 있는 한국어 읽기 5』, 다락원",담당교수 제작 강의자료 및 참고자료,20262514217GEN0999C,L11E|[L11E] 교양필수
L11E,[L11E] 교양필수,GEN0999,비판적 사고와 한국어 독해,형재연,A,교필,Y,"조항록, 김은경, 유승원(2019), 문화가 있는 한국어 읽기 3, 다락원",추후 공지,20262513971GEN0999A,L11E|[L11E] 교양필수
L11E,[L11E] 교양필수,GEN1000,한국어 발표와 토론,박샛별,E,교필,Y,"연세대학교 한국어학당(2012). 대학 강의 수강을 위한 한국어 말하기 중급 2, 연세대학교 대학출판문화원.",없음.,20262516442GEN1000E,L11E|[L11E] 교양필수
L11E,[L11E] 교양필수,GEN1000,한국어 발표와 토론,박혜순,B,교필,Y,추후 공지,추후 공,20262513176GEN1000B,L11E|[L11E] 교양필수
L11E,[L11E] 교양필수,GEN1000,한국어 발표와 토론,이서현,D,교필,Y,대학 강의 수강을 위한 한국어 말하기 중급1,추후 공지,20262516315GEN1000D,L11E|[L11E] 교양필수
L11E,[L11E] 교양필수,GEN1000,한국어 발표와 토론,이지안,I,교필,Y,To be announced,To be announced,20262516458GEN1000I,L11E|[L11E] 교양필수
L11E,[L11E] 교양필수,GEN1000,한국어 발표와 토론,장경완,C,교필,Y,추후 공지,추후 공지,20262516453GEN1000C,L11E|[L11E] 교양필수
L11E,[L11E] 교양필수,GEN1000,한국어 발표와 토론,최수현,H,교필,Y,"세종한국어 1B, 세종학당재단, 2013.","세종한국어 익힘책, Extension Activity Book, Vocabulary & Grammar Book",20262514217GEN1000H,L11E|[L11E] 교양필수
L11E,[L11E] 교양필수,GEN1000,한국어 발표와 토론,황주하,A,교필,Y,추후 공지,추후 공지,20262513368GEN1000A,L11E|[L11E] 교양필수
L11E,[L11E] 교양필수,GEN1000,한국어 발표와 토론,황주하,F,교필,Y,,,20262516462GEN1000F,L11E|[L11E] 교양필수
L11E,[L11E] 교양필수,REQ0311,영어커뮤니케이션 독해/작문 Ⅰ,김지원,D,교필,Y,"Q: Skills for Success-Reading and Writing 2B, 3rd ed., Oxford University Press.","- Understanding and Using English Grammar, 4th ed., Pearson.
- 논리력을 키우는 영어 글쓰기, 한빛아카데미.",20262516354REQ0311D,L11E|[L11E] 교양필수
L11E,[L11E] 교양필수,REQ0311,영어커뮤니케이션 독해/작문 Ⅰ,김지원,P,교필,Y,"Q: Skills for Success-Reading and Writing 2B, 3rd ed., Oxford University Press.","- Understanding and Using English Grammar, 4th ed., Pearson.
- 논리력을 키우는 영어 글쓰기, 한빛아카데미.",20262516354REQ0311P,L11E|[L11E] 교양필수
L11E,[L11E] 교양필수,REQ0311,영어커뮤니케이션 독해/작문 Ⅰ,박혜경,B,교필,Y,"Q Skills for Success: Reading and Writing 2 (3rd edition), Oxford University Press",Great Writing,20262516363REQ0311B,L11E|[L11E] 교양필수
L11E,[L11E] 교양필수,REQ0311,영어커뮤니케이션 독해/작문 Ⅰ,백혜정,O,교필,Y,"Joe McVeigh and Jennifer Bixby, Q Skills for Success Reading and Writing 2B, 3rd Edition, Oxford UP, 2024.",주교재 이외 자료는 파일로 제공함.,20262515472REQ0311O,L11E|[L11E] 교양필수
L11E,[L11E] 교양필수,REQ0311,영어커뮤니케이션 독해/작문 Ⅰ,심경미,Q,교필,Y,"Q: Skills for Success: Reading and Writing(Intro), 3rd edition","Pathways foundations 2nd edition, Smart Choice, 1, 2
프린트: 영어 1 문단 쓰기, 수업 활동지, 관련 유튜브 등",20262514050REQ0311Q,L11E|[L11E] 교양필수
L11E,[L11E] 교양필수,REQ0311,영어커뮤니케이션 독해/작문 Ⅰ,이종은,A,교필,Y,"Skills for Success 2B (Reading and Writing), Oxford",X,20262110696REQ0311A,L11E|[L11E] 교양필수
L11E,[L11E] 교양필수,REQ0311,영어커뮤니케이션 독해/작문 Ⅰ,이종은,C,교필,Y,"Skills for Success 2B (Reading and Writing), Oxford",X,20262110696REQ0311C,L11E|[L11E] 교양필수
L11E,[L11E] 교양필수,REQ0311,영어커뮤니케이션 독해/작문 Ⅰ,현일선,7,교필,Y,"Q Skills for Success: Reading and Writing (3rd Edition) ---2A -- (교내 서점에서 2B, 3판을 반드시 확인 후 개인적으로 구매할 것)",From Grate Paragraph to Essays,20262110793REQ03117,L11E|[L11E] 교양필수
L11E,[L11E] 교양필수,REQ0311,영어커뮤니케이션 독해/작문 Ⅰ,현일선,N,교필,Y,"Q Skills for Success: Reading and Writing (3rd Edition) ---2A -- (교내 서점에서 2A, 3판을 반드시 확인 후 개인적으로 구매할 것,  합본도 무관함)",From Great Paragraphs to Great Essays,20262110793REQ0311N,L11E|[L11E] 교양필수
L11E,[L11E] 교양필수,REQ0312,영어커뮤니케이션 독해/작문 Ⅱ,강지현,7,교필,Y,"Q Skills for Success: Reading and Writing 3B (3rd ed., Oxford University Press)",필요 시 안내,20262110719REQ03127,L11E|[L11E] 교양필수
L11E,[L11E] 교양필수,REQ0312,영어커뮤니케이션 독해/작문 Ⅱ,강지현,B,교필,Y,"Q Skills for Success: Reading and Writing 3B (3rd ed., Oxford University Press)",필요 시 안내,20262110719REQ0312B,L11E|[L11E] 교양필수
L11E,[L11E] 교양필수,REQ0312,영어커뮤니케이션 독해/작문 Ⅱ,강지현,F,교필,Y,"Q Skills for Success: Reading and Writing 3B (3rd ed., Oxford University Press)",필요 시 안내,20262110719REQ0312F,L11E|[L11E] 교양필수
L11E,[L11E] 교양필수,REQ0312,영어커뮤니케이션 독해/작문 Ⅱ,강지현,O,교필,Y,"Q Skills for Success: Reading and Writing 3B (3rd ed., Oxford University Press)",필요 시 안내,20262110719REQ0312O,L11E|[L11E] 교양필수
L11E,[L11E] 교양필수,REQ0312,영어커뮤니케이션 독해/작문 Ⅱ,강지현,Q,교필,Y,"Q Skills for Success: Reading and Writing 3B (3rd ed., Oxford University Press)",필요 시 안내,20262110719REQ0312Q,L11E|[L11E] 교양필수
L11E,[L11E] 교양필수,REQ0312,영어커뮤니케이션 독해/작문 Ⅱ,신영헌,D,교필,Y,"「 Q: Skills for Success: Reading and Writing 3 (3rd edition)」 Colin S. Ward & Margot F. Gramer, (2018. Oxford UP)",없음,20262110579REQ0312D,L11E|[L11E] 교양필수
L11E,[L11E] 교양필수,REQ0312,영어커뮤니케이션 독해/작문 Ⅱ,심경미,R,교필,Y,"책 제목: Q: Skills for Success Reading And Writing 1, 3nd edition. Oxford
저자: J. McVeigh & J. Bixby","Pathways, Smart Choice 등
프린트: 영어 쓰는 법에 관한 프린트, 다양한 흥미로운 활동지, 관련 유튜브 동영상",20262514050REQ0312R,L11E|[L11E] 교양필수
L11E,[L11E] 교양필수,REQ0312,영어커뮤니케이션 독해/작문 Ⅱ,양체진,P,교필,Y,"Q: Skills for Success: Reading and Writing 3B (by Collin S.Ward/ Margot F.Gramer)
(교재는 분권으로 사용합니다. 교재에 대해서는 첫 주 오리엔테이션때 자세히 공지할 예정입니다. 안내를 듣고 구매하기 바랍니다.)",Hand out,20262513633REQ0312P,L11E|[L11E] 교양필수
L11E,[L11E] 교양필수,REQ0312,영어커뮤니케이션 독해/작문 Ⅱ,이종은,A,교필,Y,"Q Skills for Success 3B (Reading and Writing), Oxford",X,20262110696REQ0312A,L11E|[L11E] 교양필수
L11E,[L11E] 교양필수,REQ0312,영어커뮤니케이션 독해/작문 Ⅱ,이종은,E,교필,Y,"Q Skills for Success 3B (Reading and Writing), Oxford",X,20262110696REQ0312E,L11E|[L11E] 교양필수
L11E,[L11E] 교양필수,REQ0312,영어커뮤니케이션 독해/작문 Ⅱ,이종은,N,교필,Y,"Q Skills for Success 3B (Reading and Writing), Oxford",X,20262110696REQ0312N,L11E|[L11E] 교양필수
L11E,[L11E] 교양필수,REQ0312,영어커뮤니케이션 독해/작문 Ⅱ,현일선,C,교필,Y,"Q Skills for Success (3권), 2B",없음,20262110793REQ0312C,L11E|[L11E] 교양필수
L11E,[L11E] 교양필수,REQ0313,영어커뮤니케이션 독해/작문 Ⅲ,강지현,A,교필,Y,"Q Skills for Success: Reading and Writing 4A (3rd ed., Oxford University Press)",필요 시 안내,20262110719REQ0313A,L11E|[L11E] 교양필수
L11E,[L11E] 교양필수,REQ0313,영어커뮤니케이션 독해/작문 Ⅲ,김성옥,E,교필,Y,"Q:Skills for Success 4 Reading and Writing(Third  Edition, 4A)",Hand-Out,20262513716REQ0313E,L11E|[L11E] 교양필수
L11E,[L11E] 교양필수,REQ0313,영어커뮤니케이션 독해/작문 Ⅲ,김성옥,O,교필,Y,"Q:Skills for Success 4 Reading and Writing(Third  Edition, 4A)",N/A,20262513716REQ0313O,L11E|[L11E] 교양필수
L11E,[L11E] 교양필수,REQ0313,영어커뮤니케이션 독해/작문 Ⅲ,박혜경,C,교필,Y,"Q Skills for Success: Reading and Writing 4 (3rd edition), Oxford University Press",Great Writing,20262516363REQ0313C,L11E|[L11E] 교양필수
L11E,[L11E] 교양필수,REQ0313,영어커뮤니케이션 독해/작문 Ⅲ,백혜정,7,교필,Y,"Debra Daise & Charl Norloff, Q Skills for Success: Reading and Writing,4A, 3rd edition. 2020.",주교재 이외 자료는 파일로 제공함.,20262515472REQ03137,L11E|[L11E] 교양필수
L11E,[L11E] 교양필수,REQ0313,영어커뮤니케이션 독해/작문 Ⅲ,심경미,N,교필,Y,,,20262515966REQ0313N,L11E|[L11E] 교양필수
L11E,[L11E] 교양필수,REQ0313,영어커뮤니케이션 독해/작문 Ⅲ,양체진,P,교필,Y,"Q: Skills for Success: Reading and Writing 2
(by Joe McVeigh and Jennifer Bixby)",Hand out,20262513633REQ0313P,L11E|[L11E] 교양필수
L11E,[L11E] 교양필수,REQ0313,영어커뮤니케이션 독해/작문 Ⅲ,현일선,B,교필,Y,"Q Skills for Success 3판 - 4A -- 교내 서점을 통해 4A를 반드시 확인 후 개인이 원하는 구입처에서 구매할 것 (분권 확인 !! 필수!!) 필참 (전자북, 스캔, 중고 및 복사물- 수업 중 교재 필참)",From Great Paragraphs to Great Essays,20262110793REQ0313B,L11E|[L11E] 교양필수
L11E,[L11E] 교양필수,REQ0313,영어커뮤니케이션 독해/작문 Ⅲ,현일선,D,교필,Y,"Q Skills for Success 3판 - 4A -- 교내 서점을 통해 4A를 반드시 확인 후 개인이 원하는 구입처에서 구매할 것 (분권 확인 !! 필수!!) 필참 (전자북, 스캔, 중고 및 복사물- 수업 중 교재 필참)",From Great Paragraphs to Great Essays,20262110793REQ0313D,L11E|[L11E] 교양필수
L11E,[L11E] 교양필수,REQ0421,영어커뮤니케이션 청취/회화 Ⅰ,로즈마리,7,교필,Y,"A4 notebook or paper and pen. Tablet if you prefer, but please don't use a laptop in class. File or folder to keep handouts and class notes. We will also use the class ""Coursemos"" (e-class) page.",.,20262110620REQ04217,L11E|[L11E] 교양필수
L11E,[L11E] 교양필수,REQ0421,영어커뮤니케이션 청취/회화 Ⅰ,로즈마리,B,교필,Y,"A4 notebook or paper and pen. Tablet if you prefer, but please don't use a laptop in class. File or folder to keep handouts and class notes. We will also use the class ""Coursemos"" (e-class) page.",.,20262110620REQ0421B,L11E|[L11E] 교양필수
L11E,[L11E] 교양필수,REQ0421,영어커뮤니케이션 청취/회화 Ⅰ,로즈마리,D,교필,Y,"A4 notebook or paper and pen. Tablet if you prefer, but please don't use a laptop in class. File or folder to keep handouts and class notes. We will also use the class ""Coursemos"" (e-class) page.",.,20262110620REQ0421D,L11E|[L11E] 교양필수
L11E,[L11E] 교양필수,REQ0421,영어커뮤니케이션 청취/회화 Ⅰ,로즈마리,O,교필,Y,"A4 notebook or paper and pen. Tablet if you prefer, but please don't use a laptop in class. File or folder to keep handouts and class notes. We will also use the class ""Coursemos"" (e-class) page.",.,20262110620REQ0421O,L11E|[L11E] 교양필수
L11E,[L11E] 교양필수,REQ0421,영어커뮤니케이션 청취/회화 Ⅰ,메리,A,교필,Y,"Four Corners (student's book), Cambridge University Press, by Jack C. Richards and David Bohlke (2019)",Online practice activities,20262110855REQ0421A,L11E|[L11E] 교양필수
L11E,[L11E] 교양필수,REQ0421,영어커뮤니케이션 청취/회화 Ⅰ,메리,E,교필,Y,"Four Corners (student's book), Cambridge University Press, by Jack C. Richards and David Bohlke (2019)",Online practice activities,20262110855REQ0421E,L11E|[L11E] 교양필수
L11E,[L11E] 교양필수,REQ0421,영어커뮤니케이션 청취/회화 Ⅰ,메리,N,교필,Y,"Four Corners (student's book), Cambridge University Press, by Jack C. Richards and David Bohlke (2019)",Online practice activities,20262110855REQ0421N,L11E|[L11E] 교양필수
L11E,[L11E] 교양필수,REQ0421,영어커뮤니케이션 청취/회화 Ⅰ,앤드류,C,교필,Y,"Four Corners 2B, Cambridge University Press","Notebook, pen, pencil, smartphone/tablet",20262110800REQ0421C,L11E|[L11E] 교양필수
L11E,[L11E] 교양필수,REQ0422,영어커뮤니케이션 청취/회화 Ⅱ,김정훈,7,교필,Y,Four Corners 3B,To Be Announced,20262110856REQ04227,L11E|[L11E] 교양필수
L11E,[L11E] 교양필수,REQ0422,영어커뮤니케이션 청취/회화 Ⅱ,데릭,O,교필,Y,"Four Corners 3 for 중급 (blue colored book) sold in the Hansung Book Store. Please purchase it there, and not online. There may be different versions sold online than what the school is providing.",Any additional materials used during the course of the semester will be provided to you online.,20262110582REQ0422O,L11E|[L11E] 교양필수
L11E,[L11E] 교양필수,REQ0422,영어커뮤니케이션 청취/회화 Ⅱ,로즈마리,N,교필,Y,,,20262110945REQ0422N,L11E|[L11E] 교양필수
L11E,[L11E] 교양필수,REQ0422,영어커뮤니케이션 청취/회화 Ⅱ,메리,C,교필,Y,"Four Corners (student's book), Cambridge University Press, by Jack C. Richards and David Bohlke (2019)",All materials shall be provided for by the instructor.,20262110855REQ0422C,L11E|[L11E] 교양필수
L11E,[L11E] 교양필수,REQ0422,영어커뮤니케이션 청취/회화 Ⅱ,메리,F,교필,Y,"Four Corners (student's book), Cambridge University Press, by Jack C. Richards and David Bohlke (2019)",All materials shall be provided for by the instructor.,20262110855REQ0422F,L11E|[L11E] 교양필수
L11E,[L11E] 교양필수,REQ0422,영어커뮤니케이션 청취/회화 Ⅱ,앤드류,A,교필,Y,"Four Corners 3B Student's Book, Cambridge University Press","Notebook, pen, pencil, smartphone/tablet",20262110800REQ0422A,L11E|[L11E] 교양필수
L11E,[L11E] 교양필수,REQ0422,영어커뮤니케이션 청취/회화 Ⅱ,앤드류,E,교필,Y,"Four Corners 3B Student's Book, Cambridge University Press","Notebook, pen, pencil, smartphone/tablet",20262110800REQ0422E,L11E|[L11E] 교양필수
L11E,[L11E] 교양필수,REQ0422,영어커뮤니케이션 청취/회화 Ⅱ,앤드류,G,교필,Y,"Four Corners 3B Student's Book, Cambridge University Press","Notebook, pen, pencil, smartphone/tablet",20262110800REQ0422G,L11E|[L11E] 교양필수
L11E,[L11E] 교양필수,REQ0422,영어커뮤니케이션 청취/회화 Ⅱ,앤드류,P,교필,Y,"Four Corners 3B Student's Book, Cambridge University Press","Notebook, pen, pencil, smartphone/tablet",20262110800REQ0422P,L11E|[L11E] 교양필수
L11E,[L11E] 교양필수,REQ0422,영어커뮤니케이션 청취/회화 Ⅱ,제시카,B,교필,Y,A notebook or tablet with which to take notes and plan during class activities. Please check the class homepage each week (Hansung e-class or the Coursemos app).,.,20262110945REQ0422B,L11E|[L11E] 교양필수
L11E,[L11E] 교양필수,REQ0422,영어커뮤니케이션 청취/회화 Ⅱ,제시카,D,교필,Y,A notebook or tablet with which to take notes and plan during class activities. Please check the class homepage each week (Hansung e-class or the Coursemos app).,.,20262110945REQ0422D,L11E|[L11E] 교양필수
L11E,[L11E] 교양필수,REQ0423,영어커뮤니케이션 청취/회화 Ⅲ,김정훈,A,교필,Y,Four Corners 4B,To Be Announced,20262110856REQ0423A,L11E|[L11E] 교양필수
L11E,[L11E] 교양필수,REQ0423,영어커뮤니케이션 청취/회화 Ⅲ,김정훈,N,교필,Y,Four Corners 4B,To Be Announced,20262110856REQ0423N,L11E|[L11E] 교양필수
L11E,[L11E] 교양필수,REQ0423,영어커뮤니케이션 청취/회화 Ⅲ,김정훈,O,교필,Y,Four Corners 4B,To Be Announced,20262110856REQ0423O,L11E|[L11E] 교양필수
L11E,[L11E] 교양필수,REQ0423,영어커뮤니케이션 청취/회화 Ⅲ,데릭,7,교필,Y,"Four Corners 4B (Green colored book) for 고급 sold in the Hansung Book Store. Coupang also sells it, but get the 4B book. It is 6 units instead of 12, so maybe cheaper at Hansung.",Any additional materials used during the course of the semester will be provided to you online.,20262110582REQ04237,L11E|[L11E] 교양필수
L11E,[L11E] 교양필수,REQ0423,영어커뮤니케이션 청취/회화 Ⅲ,데릭,B,교필,Y,"Four Corners 4B (Green colored book) for 고급 sold in the Hansung Book Store. Coupang also sells it, but get the 4B book. It is 6 units instead of 12, so maybe cheaper at Hansung.",Any additional materials used during the course of the semester will be provided to you online.,20262110582REQ0423B,L11E|[L11E] 교양필수
L11E,[L11E] 교양필수,REQ0423,영어커뮤니케이션 청취/회화 Ⅲ,데릭,C,교필,Y,"Four Corners 4B (Green colored book) for 고급 sold in the Hansung Book Store. Coupang also sells it, but get the 4B book. It is 6 units instead of 12, so maybe cheaper at Hansung.",Any additional materials used during the course of the semester will be provided to you online.,20262110582REQ0423C,L11E|[L11E] 교양필수
L11E,[L11E] 교양필수,REQ0423,영어커뮤니케이션 청취/회화 Ⅲ,데릭,E,교필,Y,"Four Corners 4B (Green colored book) for 고급 sold in the Hansung Book Store. Coupang also sells it, but get the 4B book. It is 6 units instead of 12, so maybe cheaper at Hansung.",Any additional materials used during the course of the semester will be provided to you online.,20262110582REQ0423E,L11E|[L11E] 교양필수
L11E,[L11E] 교양필수,REQ0423,영어커뮤니케이션 청취/회화 Ⅲ,제시카,D,교필,Y,A notebook or tablet with which to take notes and plan during class activities. Please check the class homepage each week (Hansung e-class or the Coursemos app).,.,20262110945REQ0423D,L11E|[L11E] 교양필수
L11E,[L11E] 교양필수,REQ0423,영어커뮤니케이션 청취/회화 Ⅲ,제시카,F,교필,Y,A notebook or tablet with which to take notes and plan during class activities. Please check the class homepage each week (Hansung e-class or the Coursemos app).,.,20262110945REQ0423F,L11E|[L11E] 교양필수
L11F,[L11F] 선택필수교양,GEN0658,K-댄스,김지유,7,선필교,Y,없음.,없음.,20262516330GEN06587,L11F|[L11F] 선택필수교양
L11F,[L11F] 선택필수교양,GEN0659,춤과 문화읽기,고은숙,7,선필교,Y,"앤드레 레페키(2016). 춤추는 몸, 저항하는 몸, 갈무리.
Gabriele Brandstetter(1995). Tanz-Lekt?ren: K?rperbilder und Raumfiguren der Avantgarde, Fischer Verlag.
Karlheinz Wiegmann (2004). Geschicte des des Tanzes.","Christina Thurner, Tanz, Technik und Subjektivit?t(2005). Bewegungswissen in der Moderne, Roderer Verlag.",20262513088GEN06597,L11F|[L11F] 선택필수교양
L11F,[L11F] 선택필수교양,GEN0661,구기스포츠 활동,김지훈,7,선필교,Y,강의안 제공,없음,20262110844GEN06617,L11F|[L11F] 선택필수교양
L11F,[L11F] 선택필수교양,GEN0661,구기스포츠 활동,김지훈,8,선필교,Y,강의안 제공,없음,20262110844GEN06618,L11F|[L11F] 선택필수교양
L11F,[L11F] 선택필수교양,GEN0661,구기스포츠 활동,김지훈,A,선필교,Y,강의안 제공,없음,20262110844GEN0661A,L11F|[L11F] 선택필수교양
L11F,[L11F] 선택필수교양,GEN0661,구기스포츠 활동,김지훈,B,선필교,Y,강의안 제공,없음,20262110844GEN0661B,L11F|[L11F] 선택필수교양
L11F,[L11F] 선택필수교양,GEN0662,웰빙과 레져스포츠,김로빈,8,선필교,Y,강의자료 제공,없음,20262110542GEN06628,L11F|[L11F] 선택필수교양
L11F,[L11F] 선택필수교양,GEN0662,웰빙과 레져스포츠,김로빈,B,선필교,Y,강의자료 제공,없음,20262110542GEN0662B,L11F|[L11F] 선택필수교양
L11F,[L11F] 선택필수교양,GEN0662,웰빙과 레져스포츠,김지훈,7,선필교,Y,강의자료 제공,없음,20262110844GEN06627,L11F|[L11F] 선택필수교양
L11F,[L11F] 선택필수교양,GEN0662,웰빙과 레져스포츠,김지훈,A,선필교,Y,강의자료 제공,없음,20262110844GEN0662A,L11F|[L11F] 선택필수교양
L11F,[L11F] 선택필수교양,GEN0663,오리엔티어링,김로빈,7,선필교,Y,오리엔티어링(한성대학교 출판부),없음,20262110542GEN06637,L11F|[L11F] 선택필수교양
L11F,[L11F] 선택필수교양,GEN0663,오리엔티어링,김로빈,8,선필교,Y,오리엔티어링(한성대학교 출판부),없음,20262110542GEN06638,L11F|[L11F] 선택필수교양
L11F,[L11F] 선택필수교양,GEN0663,오리엔티어링,김로빈,A,선필교,Y,오리엔티어링(한성대학교 출판부),없음,20262110542GEN0663A,L11F|[L11F] 선택필수교양
L11F,[L11F] 선택필수교양,GEN0663,오리엔티어링,김로빈,B,선필교,Y,오리엔티어링(한성대학교 출판부),없음,20262110542GEN0663B,L11F|[L11F] 선택필수교양
L11F,[L11F] 선택필수교양,GEN0664,응급구조와 안전관리,조영재,B,선필교,Y,"응급처치와 심폐소생술, (사)대한응급구조사협회, 한미의학","스포츠응급처치, 김태수 외, 한미의학
응급처치 및 심폐소생술(대한적십자사)",20262512079GEN0664B,L11F|[L11F] 선택필수교양
L11F,[L11F] 선택필수교양,GEN0664,응급구조와 안전관리,조영재,N,선필교,Y,"응급처치와 심폐소생술, (사)대한응급구조사협회, 한미의학","스포츠응급처치, 김태수 외, 한미의학
응급처치 및 심폐소생술(대한적십자사)",20262512079GEN0664N,L11F|[L11F] 선택필수교양
L11F,[L11F] 선택필수교양,GEN0664,응급구조와 안전관리,함형석,A,선필교,Y,교수강의안,"표준 응급처치와 심폐소생술, AAOS, (사)대한응급구조사협회 역, 한미의학, 2022
응급처치 일반과정(개정판), 대한적십자사, 2022.",20262516110GEN0664A,L11F|[L11F] 선택필수교양
L11F,[L11F] 선택필수교양,GEN0664,응급구조와 안전관리,함형석,P,선필교,Y,교수강의안,"표준 응급처치와 심폐소생술, AAOS, (사)대한응급구조사협회 역, 한미의학, 2022
응급처치 일반과정(개정판), 대한적십자사, 2022.",20262516110GEN0664P,L11F|[L11F] 선택필수교양
L11F,[L11F] 선택필수교양,GEN0665,뉴 스포츠 체험,배재윤,A,선필교,Y,없음,없음,20262516338GEN0665A,L11F|[L11F] 선택필수교양
L11F,[L11F] 선택필수교양,GEN0665,뉴 스포츠 체험,배재윤,P,선필교,Y,없음,없음,20262516338GEN0665P,L11F|[L11F] 선택필수교양
L11F,[L11F] 선택필수교양,GEN0665,뉴 스포츠 체험,정태린,B,선필교,Y,뉴스포츠의 이해,한국뉴스포츠협회,20262516128GEN0665B,L11F|[L11F] 선택필수교양
L11F,[L11F] 선택필수교양,GEN0665,뉴 스포츠 체험,정태린,N,선필교,Y,뉴스포츠의 이해,한국뉴스포츠협회,20262516128GEN0665N,L11F|[L11F] 선택필수교양
L11F,[L11F] 선택필수교양,GEN0666,공감 클래식,신혜승,A,선필교,Y,"강의내용 요약자료를 바탕으로 아래의 자료를 참고한다. 
신혜승. 『들리는 음악, 들리지 않는 생각』. 서울: 모노폴리, 2020.","하워드 구달. 『다시 쓰는 음악 이야기』(The Story of Music). 장호연 역. 서울: 뮤진트리, 2015.",20262515574GEN0666A,L11F|[L11F] 선택필수교양
L11F,[L11F] 선택필수교양,GEN0666,공감 클래식,신혜승,N,선필교,Y,"강의내용 요약자료를 바탕으로 아래의 자료를 참고한다. 
신혜승. 『들리는 음악, 들리지 않는 생각』. 서울: 모노폴리, 2020.","하워드 구달. 『다시 쓰는 음악 이야기』(The Story of Music). 장호연 역. 서울: 뮤진트리, 2015.",20262515574GEN0666N,L11F|[L11F] 선택필수교양
L11F,[L11F] 선택필수교양,GEN0667,성찰적 삶을 위한 그림일기,이지수,A,선필교,Y,제공 ppt,"크리스틴 네프, 크리스토퍼 거머, <나를 사랑하기로 했습니다>, 이너북스, 2020  정여주, <수용적 미술치료에 기초한 명화 감상 미술치료>, 학지사, 2021",20262516223GEN0667A,L11F|[L11F] 선택필수교양
L11F,[L11F] 선택필수교양,GEN0667,성찰적 삶을 위한 그림일기,이지수,N,선필교,Y,제공 ppt,"크리스틴 네프, 크리스토퍼 거머, <나를 사랑하기로 했습니다>, 이너북스, 2020  정여주, <수용적 미술치료에 기초한 명화 감상 미술치료>, 학지사, 2021",20262516223GEN0667N,L11F|[L11F] 선택필수교양
L11F,[L11F] 선택필수교양,GEN0668,건강과 요가체험,이승연,A,선필교,Y,자체 제작,"요가 아나토미 (레슬리 카미노프 , 에이미 매튜스 지음/ 도서풀판 푸른솔)",20262515575GEN0668A,L11F|[L11F] 선택필수교양
L11F,[L11F] 선택필수교양,GEN0668,건강과 요가체험,이승연,N,선필교,Y,자체 제작,"요가 아나토미 (레슬리 카미노프 , 에이미 매튜스 지음/ 도서풀판 푸른솔)",20262515575GEN0668N,L11F|[L11F] 선택필수교양
L11F,[L11F] 선택필수교양,GEN0669,영상정보의 이해,안건형,A,선필교,Y,(없음),(없음),20262514362GEN0669A,L11F|[L11F] 선택필수교양
L11F,[L11F] 선택필수교양,GEN0669,영상정보의 이해,안건형,N,선필교,Y,(없음),(없음),20262514362GEN0669N,L11F|[L11F] 선택필수교양
L11F,[L11F] 선택필수교양,GEN0678,우리시대의 문학읽기,강호정,A,선필교,Y,"수업시간에 공지함,.",(주차별 수업계획 참조),20262110718GEN0678A,L11F|[L11F] 선택필수교양
L11F,[L11F] 선택필수교양,GEN0678,우리시대의 문학읽기,강호정,N,선필교,Y,"수업시간에 공지함,.",(주차별 수업계획 참조),20262110718GEN0678N,L11F|[L11F] 선택필수교양
L11F,[L11F] 선택필수교양,GEN0684,비평적에세이,김기홍,A,선필교,Y,교수자가 수업시간에 PPT로 제공,교수자가 수업시간에 PPT로 제공,20262110801GEN0684A,L11F|[L11F] 선택필수교양
L11F,[L11F] 선택필수교양,GEN0684,비평적에세이,김지혜,N,선필교,Y,없음,없음,20262513957GEN0684N,L11F|[L11F] 선택필수교양
L11F,[L11F] 선택필수교양,GEN0726,생활속의 빅데이터,유상미,7,선필교,Y,pdf 파일,"모두의 데이터분석 with 파이썬, 생능출판사",20262110689GEN07267,L11F|[L11F] 선택필수교양
L11F,[L11F] 선택필수교양,GEN0727,생활속의 인공지능,지준,7,선필교,Y,"[한성대학교 SW중심대학] 생활속의 인공지능 => https://youtu.be/7uKZ7igG6Cc?si=_PBg4E5HT0iNKBVT
추가 자료는 강의중 온라인으로 배포",없음,20262110150GEN07277,L11F|[L11F] 선택필수교양
L11F,[L11F] 선택필수교양,GEN0728,4차 산업혁명과 스마트팩토리,백영삼,A,선필교,Y,ppt자료,ppt자료,20262516455GEN0728A,L11F|[L11F] 선택필수교양
L11F,[L11F] 선택필수교양,GEN0728,4차 산업혁명과 스마트팩토리,백영삼,N,선필교,Y,ppt 자료,ppt 자료,20262516455GEN0728N,L11F|[L11F] 선택필수교양
L11F,[L11F] 선택필수교양,GEN0731,디자인 논리와 창의,박지나,A,선필교,Y,교수용 PDF 읽기자료,"쓰기의 말들, 은유, 유유 / 디자인을 공부하는 사람들을 위하여, 시마다 아쓰이, 디자인하우스 / 사회적 디자인, 박지나 외 지음, 누하 / 읠리엄 모리스 평전, 박홍규 지음, 개마고원 ,  <모리스 예술론>, 윌리엄 모리스, 박홍규 옮김. 필맥, <디자인 씽킹>, 로저 마틴 지음, 이건식 옮김, 웅진윙스 / 삶은 어떻게 책이 되는가?, 임승수, 한빛비즈.",20262513277GEN0731A,L11F|[L11F] 선택필수교양
L11F,[L11F] 선택필수교양,GEN0736,철학의 이해,이원석,A,선필교,Y,"리하르트 다비트 프레히트 저, 박종대 역, <철학하는 철학사 1>, <철학하는 철학사 2>, 2021, 열린책들.","빌헬름 바이셰델 저, 이기상 외 역, <철학의 뒤안길>, 1991, 서광사.",20262516036GEN0736A,L11F|[L11F] 선택필수교양
L11F,[L11F] 선택필수교양,GEN0736,철학의 이해,이원석,N,선필교,Y,"리하르트 다비트 프레히트 저, 박종대 역, <철학하는 철학사 1>, <철학하는 철학사 2>, 2021, 열린책들.","빌헬름 바이셰델 저, 이기상 외 역, <철학의 뒤안길>, 1991, 서광사.",20262516036GEN0736N,L11F|[L11F] 선택필수교양
L11F,[L11F] 선택필수교양,GEN0738,영어로 읽는 세계문학,김영아,7,선필교,Y,"Raymond Carver “Cathedral”
D. H. Lawrence “You Touched Me”
Toni Morrison “Recitatif”,",강의PPT,20262110578GEN07387,L11F|[L11F] 선택필수교양
L11F,[L11F] 선택필수교양,GEN0738,영어로 읽는 세계문학,김영아,A,선필교,Y,"Raymond Carver “Cathedral”
D. H. Lawrence “You Touched Me”
Toni Morrison “Recitatif”,",강의PPT,20262110578GEN0738A,L11F|[L11F] 선택필수교양
L11F,[L11F] 선택필수교양,GEN0739,기록으로 읽는 사회,이호신,7,선필교,Y,"별도 교재는 없으며, 수업 자료는 이클래스를 통하여 제공함.","<기록의 이해> / James M O’Toole 저, 이승억 역 (진리탐구, 2004)
<기록한다는 것> / 오항녕 (너머학교, 2010)
<기억이 사라지는 시대 : 디지털 기억은 인간의 운명을 어떻게 바꾸는가> / 에비 스미스 럼지 지음, 곽성혜 옮김 (유노북스, 2016)",20262110724GEN07397,L11F|[L11F] 선택필수교양
L11F,[L11F] 선택필수교양,GEN0740,사건으로 본 역사,이지영,A,선필교,Y,없음,첫 시간에 진행하는 오리엔테이션 참조,20262515511GEN0740A,L11F|[L11F] 선택필수교양
L11F,[L11F] 선택필수교양,GEN0740,사건으로 본 역사,이지영,N,선필교,Y,없음,첫 시간에 진행하는 오리엔테이션 참조,20262515511GEN0740N,L11F|[L11F] 선택필수교양
L11F,[L11F] 선택필수교양,GEN0741,인간과 언어,박정은,A,선필교,Y,E-class에 수업 자료 탑재 예정,"(구입 필요 없음) 
언어의 작은 역사 : 태어나서 죽을 때까지 인간이 쓰는 언어의 모든 것 / 데이비드 크리스털 지음 ; 서순승 옮김 /  Humanist,   2013  
언어여행 : 우리 안의 언어·우리 밖의 언어 / 강옥미 / 태학사 ,   2009. 
언어의 신비 : 그 비밀을 찾아서 / Donna Jo Napoli 지음 ; 김종복 , 이성하역 등",20262516460GEN0741A,L11F|[L11F] 선택필수교양
L11F,[L11F] 선택필수교양,GEN0741,인간과 언어,박정은,N,선필교,Y,E-class에 수업 자료 탑재 예정,"(구입 필요 없음) 
언어의 작은 역사 : 태어나서 죽을 때까지 인간이 쓰는 언어의 모든 것 / 데이비드 크리스털 지음 ; 서순승 옮김 /  Humanist,   2013  
언어여행 : 우리 안의 언어·우리 밖의 언어 / 강옥미 / 태학사 ,   2009. 
언어의 신비 : 그 비밀을 찾아서 / Donna Jo Napoli 지음 ; 김종복 , 이성하역 등",20262516460GEN0741N,L11F|[L11F] 선택필수교양
L11F,[L11F] 선택필수교양,GEN0742,인물로 본 역사,장석현,A,선필교,Y,매주 이클래스에 공유하는 강의안,없음,20262515454GEN0742A,L11F|[L11F] 선택필수교양
L11F,[L11F] 선택필수교양,GEN0742,인물로 본 역사,장석현,N,선필교,Y,매주 이클래스에 공유하는 강의안,없음,20262515454GEN0742N,L11F|[L11F] 선택필수교양
L11F,[L11F] 선택필수교양,GEN0747,종교 오디세이,손영광,A,선필교,Y,"Judaism and the world's religions(David Bamberger, Behrman House Inc. 1987)","유태인이 가르치는 철학이야기(메이어레빈, 변순복역, 대서출판사, 2010)
기독교의 발흥(로드니 스타크, 손현선역, 좋은씨앗, 2017)
이슬람문화(최영길, 도서출판알림, 2010)
인간무함마드(최영길, 도서출판알림, 2006)
유대교토라, 기독교성경, 이슬람꾸란 및 이외에 다양한 기타자료들",20262515570GEN0747A,L11F|[L11F] 선택필수교양
L11F,[L11F] 선택필수교양,GEN0747,종교 오디세이,손영광,N,선필교,Y,"Judaism and the world's religions(David Bamberger, Behrman House Inc. 1987)","유태인이 가르치는 철학이야기(메이어레빈, 변순복역, 대서출판사, 2010)
기독교의 발흥(로드니 스타크, 손현선역, 좋은씨앗, 2017)
이슬람문화(최영길, 도서출판알림, 2010)
인간무함마드(최영길, 도서출판알림, 2006)
유대교토라, 기독교성경, 이슬람꾸란 및 이외에 다양한 기타자료들",20262515570GEN0747N,L11F|[L11F] 선택필수교양
L11F,[L11F] 선택필수교양,GEN0748,휴먼커뮤니케이션과 상호작용,나은미,7,선필교,Y,ppt자료,필요시 공지,20262110576GEN07487,L11F|[L11F] 선택필수교양
L11F,[L11F] 선택필수교양,GEN0748,휴먼커뮤니케이션과 상호작용,나은미,A,선필교,Y,ppt자료,필요시 공지,20262110576GEN0748A,L11F|[L11F] 선택필수교양
L11F,[L11F] 선택필수교양,GEN0749,논리적 사고와 토의 토론,박선옥,7,선필교,Y,"e-class에 게시, 배부",다양한 토의 토론 자료,20262110669GEN07497,L11F|[L11F] 선택필수교양
L11F,[L11F] 선택필수교양,GEN0749,논리적 사고와 토의 토론,박선옥,A,선필교,Y,"e-class에 게시, 배부",다양한 토의 토론 자료,20262110669GEN0749A,L11F|[L11F] 선택필수교양
L11F,[L11F] 선택필수교양,GEN0750,교양인을 위한 세상읽기,나은미,7,선필교,Y,"따로 없음, 필요시 제공 및 안내
읽을 책 -학기 초 제시",필요시 제공 및 안내,20262110576GEN07507,L11F|[L11F] 선택필수교양
L11F,[L11F] 선택필수교양,GEN0750,교양인을 위한 세상읽기,나은미,A,선필교,Y,"따로 없음, 필요시 제공 및 안내
읽을 책 -학기 초 제시",필요시 제공 및 안내,20262110576GEN0750A,L11F|[L11F] 선택필수교양
L11F,[L11F] 선택필수교양,GEN0751,훈민정음과 문자의 세계,이상혁,7,선필교,Y,"훈민정음과 한글의 세계, 이상혁, 박이정, 2021.",수업 시간에 제시함.,20262110577GEN07517,L11F|[L11F] 선택필수교양
L11F,[L11F] 선택필수교양,GEN0751,훈민정음과 문자의 세계,이상혁,A,선필교,Y,"훈민정음과 한글의 세계, 이상혁, 박이정, 2021.",수업 시간에 제시함.,20262110577GEN0751A,L11F|[L11F] 선택필수교양
L11F,[L11F] 선택필수교양,GEN0753,"인권,NGO,세계시민사회",윤보영,A,선필교,Y,"『인권, NGOs, 세계시민사회』(수업용 편집본)","다양한 인권 관련 논문과 시사 자료, 동영상물",20262516060GEN0753A,L11F|[L11F] 선택필수교양
L11F,[L11F] 선택필수교양,GEN0753,"인권,NGO,세계시민사회",윤보영,N,선필교,Y,"『인권, NGOs, 세계시민사회』(수업용 편집본)","다양한 인권 관련 논문과 시사 자료, 동영상물",20262516060GEN0753N,L11F|[L11F] 선택필수교양
L11F,[L11F] 선택필수교양,GEN0754,"일본 사회,문화의 이해",도이미호,7,선필교,Y,"『(3rd EDITION) 사진, 통계와 함께 읽는 일본 일본인 일본문화 』 정형, 다락원, 2018","『알면 다르게 보이는 일본문화1~6』 이경수·강상규·동아시아사랑방포럼, 지식의 날개, 2021~2026
『한국어와 일본어 그리고 일본인과의 커뮤니케이션』임영철, 태학사, 2008
『개정판 사진으로 보고 가장 쉽게 읽는 일본문화』김숙자 외, 시사일본어사, 2018",20262110634GEN07547,L11F|[L11F] 선택필수교양
L11F,[L11F] 선택필수교양,GEN0754,"일본 사회,문화의 이해",도이미호,A,선필교,Y,"『(3rd EDITION) 사진, 통계와 함께 읽는 일본 일본인 일본문화 』 정형, 다락원, 2018","『알면 다르게 보이는 일본문화1~6』 이경수·강상규·동아시아사랑방포럼, 지식의 날개, 2021~2026
『한국어와 일본어 그리고 일본인과의 커뮤니케이션』임영철, 태학사, 2008
『개정판 사진으로 보고 가장 쉽게 읽는 일본문화』김숙자 외, 시사일본어사, 2018",20262110634GEN0754A,L11F|[L11F] 선택필수교양
L11F,[L11F] 선택필수교양,GEN0755,"중국 정치,경제의 이해",박우,A,선필교,Y,자료는 필요에 따라 매주 수업에서 제공할 예정,"부르스 J. 딕슨 지음, 박우 옮김. 2024. ""당과 인민: 우려와 기대를 모두 넘어 진화하는 중국"", 사계절출판.(구매할 필요 없음)",20262110637GEN0755A,L11F|[L11F] 선택필수교양
L11F,[L11F] 선택필수교양,GEN0755,"중국 정치,경제의 이해",박우,N,선필교,Y,자료는 필요에 따라 매주 수업에서 제공할 예정,"부르스 J. 딕슨 지음, 박우 옮김. 2024. ""당과 인민: 우려와 기대를 모두 넘어 진화하는 중국"", 사계절출판.(구매할 필요 없음)",20262110637GEN0755N,L11F|[L11F] 선택필수교양
L11F,[L11F] 선택필수교양,GEN0756,사랑과 가족,이동옥,A,선필교,Y,파워포인트로 수업 진행,"이재경(2022), 『한국 가족: 신가족주의에서 포스트가부장제로 』, 이화여대 출판문화원
김순남(2022), 『가족을 구성할 권리 』, 오월의 봄
이동옥(2012),  『나이듦과 죽음에 관한 여성학적 성찰 』, (주)한국학술정보
이동옥(2022), ""여성주의 관점에서 대안적 노인여성 공동체에 관한 연구: 사회참여와 노인돌봄을 중심으로"", 한국여성학",20262516348GEN0756A,L11F|[L11F] 선택필수교양
L11F,[L11F] 선택필수교양,GEN0756,사랑과 가족,이동옥,N,선필교,Y,파워포인트로 수업 진행,"이재경(2022), 『한국 가족: 신가족주의에서 포스트가부장제로 』, 이화여대 출판문화원
김순남(2022), 『가족을 구성할 권리 』, 오월의 봄
이동옥(2012),  『나이듦과 죽음에 관한 여성학적 성찰 』, (주)한국학술정보
이동옥(2022), ""여성주의 관점에서 대안적 노인여성 공동체에 관한 연구: 사회참여와 노인돌봄을 중심으로"", 한국여성학",20262516348GEN0756N,L11F|[L11F] 선택필수교양
L11F,[L11F] 선택필수교양,GEN0761,IT와 사회,이동원,N,선필교,Y,수업 중 공지,수업 중 공지,20262110754GEN0761N,L11F|[L11F] 선택필수교양
L11F,[L11F] 선택필수교양,GEN0761,IT와 사회,이형용,A,선필교,Y,"Introduction to Information Systems In the Digital Age (R.K. Rainer et al.)
Essentials of Management Information Systems (Laudon et al.) the latest Edition.",Technical report와 Vendors periodical note 등의 강의관련 참고 자료,20262110588GEN0761A,L11F|[L11F] 선택필수교양
L11F,[L11F] 선택필수교양,GEN0762,대중매체탐구,박지나,7,선필교,Y,교수용 교안 PDF,"『디지털미디어의 이해: 플랫폼과 알고리즘의 시대읽기』, 이시다 히데타카, 사회평론, 2017 
『매체의 역사 읽기: 동굴벽화에서 가상현실까지』, 안드레아스 뵌, 문학과지성사, 2020
『생각하지 않는 사람들』, 니콜라스 카, 청림출판, 2020
『그래픽 디자인의 역사』, 필립. 멕스, 미진사, 2011
『디자인의 탄생』, 페니 스파크, 안그라픽스, 2013",20262513277GEN07627,L11F|[L11F] 선택필수교양
L11F,[L11F] 선택필수교양,GEN0763,데이터의 이해,김시언,A,선필교,Y,"모두를 위한 R 데이터 분석 입문, 한빛아카데미, 오세종",없음,20262514935GEN0763A,L11F|[L11F] 선택필수교양
L11F,[L11F] 선택필수교양,GEN0763,데이터의 이해,김시언,N,선필교,Y,"모두를 위한 R 데이터 분석 입문, 한빛아카데미, 오세종",없음,20262514935GEN0763N,L11F|[L11F] 선택필수교양
L11F,[L11F] 선택필수교양,GEN0765,소비와 심리,이상준,N,선필교,Y,강의교안,"소비자심리학(양윤 지음 | 학지사), 소비자심리학(Cathrine V. Jansson-Bypd, 김재휘, 이병관 지음 | 양병화 옮김 | 시그마프레스), 소비자심리학(안은미 지음 | 박학사)",20262515525GEN0765N,L11F|[L11F] 선택필수교양
L11F,[L11F] 선택필수교양,GEN0771,글로벌 노마드와 여행,이태주,A,선필교,Y,<인류학자처럼 여행하기> 로버트 고든,"정정훈, <신들의 섬을 걷는 문화인류학자>
마르코폴로 <동방견문록> (김호동 역)",20262110543GEN0771A,L11F|[L11F] 선택필수교양
L11F,[L11F] 선택필수교양,GEN0771,글로벌 노마드와 여행,이태주,N,선필교,Y,<인류학자처럼 여행하기> 로버트 고든,"정정훈, <신들의 섬을 걷는 문화인류학자>
마르코폴로 <동방견문록> (김호동 역)",20262110543GEN0771N,L11F|[L11F] 선택필수교양
L11F,[L11F] 선택필수교양,GEN0772,교양정보기술,이신희,7,선필교,Y,"pdf 교안, 난생처음 앱 인벤터, 한빛미디어, 이종원,",없음,20262110874GEN07727,L11F|[L11F] 선택필수교양
L11F,[L11F] 선택필수교양,GEN0772,교양정보기술,이신희,A,선필교,Y,"pdf 교안, 난생처음 앱 인벤터, 한빛미디어, 이종원,",없음,20262110874GEN0772A,L11F|[L11F] 선택필수교양
L11F,[L11F] 선택필수교양,GEN0774,공학의 이해,이재득,7,선필교,Y,없음,없음,20262516047GEN07747,L11F|[L11F] 선택필수교양
L11F,[L11F] 선택필수교양,GEN0775,인체의 구조와 기능,최재봉,A,선필교,Y,Handout,"임상운동학, 오정희 외 3인, Joint structure & function, Norkin 외 1인",20262510082GEN0775A,L11F|[L11F] 선택필수교양
L11F,[L11F] 선택필수교양,GEN0775,인체의 구조와 기능,최재봉,N,선필교,Y,Handout,"임상운동학, 오정희 외 3인, Joint structure & function, Norkin 외 1인",20262510082GEN0775N,L11F|[L11F] 선택필수교양
L11F,[L11F] 선택필수교양,GEN0777,인류문명과 지구환경,황성태,7,선필교,Y,동영상 및 PDF 파일 제공,"인류문명, 과학 기술과 발견, 지구환경 관련 교재 모두 가능",20262110694GEN07777,L11F|[L11F] 선택필수교양
L11F,[L11F] 선택필수교양,GEN0778,과학의 역사,황성태,7,선필교,Y,동영상과 PDF 파일 제공,과학사 관련 서적 모두 가능,20262110694GEN07787,L11F|[L11F] 선택필수교양
L11F,[L11F] 선택필수교양,GEN0780,자연계의 숨은 물리 법칙,윤정현,A,선필교,Y,강의 노트,"수학없는 물리(Conceptual Physics), 2025, 프로텍미디어, 
생활과 환경 속의 화학(Chemistry in Your World), 2025, 사이플러스",20262110854GEN0780A,L11F|[L11F] 선택필수교양
L11F,[L11F] 선택필수교양,GEN0780,자연계의 숨은 물리 법칙,윤정현,N,선필교,Y,강의 노트,"수학없는 물리(Conceptual Physics), 2025, 프로텍미디어,  
생활과 환경 속의 화학(Chemistry in Your World), 2025, 사이플러스",20262110854GEN0780N,L11F|[L11F] 선택필수교양
L11F,[L11F] 선택필수교양,GEN0844,심리학으로 세상 읽기,이지영,7,선필교,Y,"교수자가 제공하는 강의안(PDF)
로버트 치알디니(2020). 『마음과 행동을 결정하는 사회적 상황의 힘: 사회심리학』. 웅진지식하우스.","Elliot Aronson 외. 『사회심리학』
한규석. 『사회심리학의 이해』
정태연·이장주·박준성·전경숙·허성호. 『사회심리학』
기타 심리학 개론 및 사회심리학 관련 도서",20262110810GEN08447,L11F|[L11F] 선택필수교양
L11F,[L11F] 선택필수교양,GEN0844,심리학으로 세상 읽기,이지영,A,선필교,Y,"교수자가 제공하는 강의안(PDF)
로버트 치알디니(2020). 『마음과 행동을 결정하는 사회적 상황의 힘: 사회심리학』. 웅진지식하우스.","Elliot Aronson 외. 『사회심리학』
한규석. 『사회심리학의 이해』
정태연·이장주·박준성·전경숙·허성호. 『사회심리학』
기타 심리학 개론 및 사회심리학 관련 도서",20262110810GEN0844A,L11F|[L11F] 선택필수교양
L11F,[L11F] 선택필수교양,GEN0845,공학 커뮤니케이션의 이해,이희영,A,선필교,Y,Technical writing에 대한 원서들이 있으나 교수자가 필요한 부분 발췌하여 피피티 문서로 구성하여 제공. 추천 문서는 The Mayfield handbook of Technical & Scientific writing(online version) mit.edu/course/21/21.guide/,필요한 자료는 교수자가 이클래스 게시판에 업로드,20262110756GEN0845A,L11F|[L11F] 선택필수교양
L11F,[L11F] 선택필수교양,GEN0845,공학 커뮤니케이션의 이해,이희영,N,선필교,Y,Technical writing에 대한 원서들이 있으나 교수자가 필요한 부분 발췌하여 피피티 문서로 구성하여 제공. 추천 문서는 The Mayfield handbook of Technical & Scientific writing(online version) mit.edu/course/21/21.guide/,필요한 자료는 교수자가 이클래스 게시판에 업로드,20262110756GEN0845N,L11F|[L11F] 선택필수교양
L11F,[L11F] 선택필수교양,GEN0846,인문학으로 바라 본 과학생활,최재희,A,선필교,Y,"인문학으로 읽는 과학이야기, 월티 리비(2020).","Marielle Hoefnagels 저, 최재희 공역, <생명과학의 이해>, (2020).
역사로 알아보는 자연과학의 이해, 최재희 저, (2020)
세상을 바꾸는 생명과학, 서영훈 외, (2020)
화학의 이해, Nivaldo J, Tro, (2018)
기본천문학, Hannu Karttunen 외, 시그마프레스(2019)",20262513387GEN0846A,L11F|[L11F] 선택필수교양
L11F,[L11F] 선택필수교양,GEN0846,인문학으로 바라 본 과학생활,최재희,N,선필교,Y,"인문학으로 읽는 과학이야기, 월티 리비(2020).","Marielle Hoefnagels 저, 최재희 공역, <생명과학의 이해>, (2020).
역사로 알아보는 자연과학의 이해, 최재희 저, (2020)
세상을 바꾸는 생명과학, 서영훈 외, (2020)
화학의 이해, Nivaldo J, Tro, (2018)
기본천문학, Hannu Karttunen 외, 시그마프레스(2019)",20262513387GEN0846N,L11F|[L11F] 선택필수교양
L11F,[L11F] 선택필수교양,GEN0851,사회데이터의 이해,강혜연,7,선필교,Y,[주교재] PPT강의안,추후 안내,20262110883GEN08517,L11F|[L11F] 선택필수교양
L11F,[L11F] 선택필수교양,GEN0859,미래사회와 교통,김부원,7,선필교,Y,없음,없음,20262515510GEN08597,L11F|[L11F] 선택필수교양
L11F,[L11F] 선택필수교양,GEN0864,통계와 생활,민경진,7,선필교,Y,"통계와 생활( 민경진, 경문사)",강의자료,20262110691GEN08647,L11F|[L11F] 선택필수교양
L11F,[L11F] 선택필수교양,GEN0864,통계와 생활,민경진,A,선필교,Y,"통계와 생활( 민경진, 경문사)",강의자료,20262110691GEN0864A,L11F|[L11F] 선택필수교양
L11F,[L11F] 선택필수교양,GEN0865,전쟁과 스토리텔링,문찬,A,선필교,Y,"대런 애쓰모글루, 제임스 A. 로빈슨, 국가는 왜 실패하는가, ㈜시공사, 2012.",매 주차 강의자가 e-class에 탑재,20262110562GEN0865A,L11F|[L11F] 선택필수교양
L11F,[L11F] 선택필수교양,GEN0865,전쟁과 스토리텔링,문찬,N,선필교,Y,"대런 애쓰모글루, 제임스 A. 로빈슨, 국가는 왜 실패하는가, ㈜시공사, 2012.",매 주차 강의자가 e-class에 탑재,20262110562GEN0865N,L11F|[L11F] 선택필수교양
L11F,[L11F] 선택필수교양,GEN0866,글로벌 문화와 비즈니스의 이해,방성철,A,선필교,Y,강의안(e-class 업로드),"국제경영학, 국제마케팅과 관련된 교재",20262516451GEN0866A,L11F|[L11F] 선택필수교양
L11F,[L11F] 선택필수교양,GEN0866,글로벌 문화와 비즈니스의 이해,방성철,N,선필교,Y,강의안(e-class 업로드),"국제경영학, 국제마케팅과 관련된 교재",20262516451GEN0866N,L11F|[L11F] 선택필수교양
L11F,[L11F] 선택필수교양,GEN0867,생활 속 수학의 발견,민경진,7,선필교,Y,"AI렌즈로 들여다본 생활속 수학의 발견( 민경진, 한성대 출판부)","수학하자(1) 민경진, 경문사",20262110691GEN08677,L11F|[L11F] 선택필수교양
L11F,[L11F] 선택필수교양,GEN0867,생활 속 수학의 발견,민경진,A,선필교,Y,"AI렌즈로 들여다본 생활속 수학의 발견( 민경진, 한성대 출판부)","수학하자(1) 민경진, 경문사",20262110691GEN0867A,L11F|[L11F] 선택필수교양
L11F,[L11F] 선택필수교양,GEN0884,20대의 심리학,조난숙,7,선필교,Y,"20대를 위한 심리학(조난숙, 황선미, 학지사)","마음의 여섯가지 얼굴(김건종), 완벽한 수업",20262110143GEN08847,L11F|[L11F] 선택필수교양
L11F,[L11F] 선택필수교양,GEN0885,미분방정식의 이해,조난숙,7,선필교,Y,"미분방정식의 이해(조난숙, 민경진/경문사)",없음,20262110143GEN08857,L11F|[L11F] 선택필수교양
L11F,[L11F] 선택필수교양,GEN0888,대중문화와 과학의 만남,윤정현,A,선필교,Y,강의 노트,"대중과 과학기술: 무엇을, 누구를 위한 과학기술인가. 김명진, 잉걸",20262110854GEN0888A,L11F|[L11F] 선택필수교양
L11F,[L11F] 선택필수교양,GEN0888,대중문화와 과학의 만남,윤정현,N,선필교,Y,강의 노트,"대중과 과학기술: 무엇을, 누구를 위한 과학기술인가. 김명진, 잉걸",20262110854GEN0888N,L11F|[L11F] 선택필수교양
L11F,[L11F] 선택필수교양,GEN0914,메타버스와 AI,이동희,A,선필교,Y,교수 제공 PPT 교안,"메타버스로 구현하는 나만의 세상(한빛아카데미), 파이썬 마스터(한빛아카데미)",20262110759GEN0914A,L11F|[L11F] 선택필수교양
L11F,[L11F] 선택필수교양,GEN0914,메타버스와 AI,이동희,N,선필교,Y,교수 제공 PPT 교안,"메타버스로 구현하는 나만의 세상(한빛아카데미), 파이썬 마스터(한빛아카데미)",20262110759GEN0914N,L11F|[L11F] 선택필수교양
L11F,[L11F] 선택필수교양,GEN0923,사회봉사 Ⅰ,신영헌,A,선필교,Y,없음,없음,20262110579GEN0923A,L11F|[L11F] 선택필수교양
L11F,[L11F] 선택필수교양,GEN0923,사회봉사 Ⅰ,신영헌,P,선필교,Y,없음,없음,20262110579GEN0923P,L11F|[L11F] 선택필수교양
L11F,[L11F] 선택필수교양,GEN0943,문화다양성과 문화 간 대화,서대승,A,선필교,Y,매주 수업시간에 필요한 자료를 강의게시판에 업로드할 예정,"신재흡, 『다양성·소통·상호작용·결속 시대의 다문화 교육』, 동문사, 2024.",20262515576GEN0943A,L11F|[L11F] 선택필수교양
L11F,[L11F] 선택필수교양,GEN0943,문화다양성과 문화 간 대화,서대승,N,선필교,Y,매주 수업시간에 필요한 자료를 강의게시판에 업로드할 예정,"신재흡, 『다양성·소통·상호작용·결속 시대의 다문화 교육』, 동문사, 2024.",20262515576GEN0943N,L11F|[L11F] 선택필수교양
L11F,[L11F] 선택필수교양,GEN0945,글로벌 시대의 젠더와 정의,김은경,7,선필교,Y,- 매주 이클래스에 강의안 게시,"루시 딜랩, [페미니즘들: 여성의 자유와 해방에 관한 지구사], 오월의 봄, 2023 캐럴 스미스 로젠버그, 박미선 외 역, [젠더 스터디: 주요 개념과 쟁점], 후마니타스, 2024 조지 모스, [남자의 이미지: 현대 남성성의 창조], 문예출판사, 2004 수잔 스트라이커, [트랜스젠더의 역사], 이매진, 2018",20262110817GEN09457,L11F|[L11F] 선택필수교양
L11F,[L11F] 선택필수교양,GEN0945,글로벌 시대의 젠더와 정의,김은경,A,선필교,Y,- 매주 이클래스에 강의안 게시,"루시 딜랩, [페미니즘들: 여성의 자유와 해방에 관한 지구사], 오월의 봄, 2023 캐럴 스미스 로젠버그, 박미선 외 역, [젠더 스터디: 주요 개념과 쟁점], 후마니타스, 2024 조지 모스, [남자의 이미지: 현대 남성성의 창조], 문예출판사, 2004 수잔 스트라이커, [트랜스젠더의 역사], 이매진, 2018",20262110817GEN0945A,L11F|[L11F] 선택필수교양
L11F,[L11F] 선택필수교양,GEN0947,다문화 여행과 세계시민성,박선옥,7,선필교,Y,"허혜경?김혜수(2017), 『글로벌 시민교육』, 창지사.","? 김양미(2020), 사례와 법제로 살펴보는 다문화사회와 문화다양성, 지식 공동체.
? 마르틴 압달라·프릿세이, 장한업 역(2017), 유럽의 상호문화교육, 한울 아카데미.
? 이동수 외 4인(2017), 지구촌과 세계시민, 인간사랑.
? 장한업(2014), 이제는 상호문화교육이다, 교육과학사.",20262110669GEN09477,L11F|[L11F] 선택필수교양
L11F,[L11F] 선택필수교양,GEN0947,다문화 여행과 세계시민성,박선옥,A,선필교,Y,"허혜경?김혜수(2017), 『글로벌 시민교육』, 창지사.","? 김양미(2020), 사례와 법제로 살펴보는 다문화사회와 문화다양성, 지식 공동체.
? 마르틴 압달라·프릿세이, 장한업 역(2017), 유럽의 상호문화교육, 한울 아카데미.
? 이동수 외 4인(2017), 지구촌과 세계시민, 인간사랑.
? 장한업(2014), 이제는 상호문화교육이다, 교육과학사.",20262110669GEN0947A,L11F|[L11F] 선택필수교양
L11F,[L11F] 선택필수교양,GEN0951,일반물리학 및 실험Ⅱ,황성태,7,선필교,Y,"- 강의 동영상과 ppt 등 수업자료 제공(단, 저작권에 위배 되지 않는 한도 내)
*이론: 이공계열 대학생을 위한 대학물리학 Ⅱ(북스힐, 2026년)
*실험: 대학 기초 물리학 실험 Ⅱ(북스힐, 2022년)","일반물리학, 대학물리학 관련 교재 모두 가능",20262110694GEN09517,L11F|[L11F] 선택필수교양
L11F,[L11F] 선택필수교양,GEN0951,일반물리학 및 실험Ⅱ,황성태,A,선필교,Y,"- 강의 동영상과 ppt 등 수업자료 제공(단, 저작권에 위배 되지 않는 한도 내)
*이론: 이공계열 대학생을 위한 대학물리학 Ⅱ(북스힐, 2026년)
*실험: 대학 기초 물리학 실험 Ⅱ(북스힐, 2022년)","일반물리학, 대학물리학 관련 교재 모두 가능",20262110694GEN0951A,L11F|[L11F] 선택필수교양
L11F,[L11F] 선택필수교양,GEN0951,일반물리학 및 실험Ⅱ,황성태,B,선필교,Y,"- 강의 동영상과 ppt 등 수업자료 제공(단, 저작권에 위배 되지 않는 한도 내)
*이론: 이공계열 대학생을 위한 대학물리학 Ⅱ(북스힐, 2026년)
*실험: 대학 기초 물리학 실험 Ⅱ(북스힐, 2022년)","일반물리학, 대학물리학 관련 교재 모두 가능",20262110694GEN0951B,L11F|[L11F] 선택필수교양
L11F,[L11F] 선택필수교양,GEN0951,일반물리학 및 실험Ⅱ,황성태,C,선필교,Y,"- 강의 동영상과 ppt 등 수업자료 제공(단, 저작권에 위배 되지 않는 한도 내)
*이론: 이공계열 대학생을 위한 대학물리학 Ⅱ(북스힐, 2026년)
*실험: 대학 기초 물리학 실험 Ⅱ(북스힐, 2022년)","일반물리학, 대학물리학 관련 교재 모두 가능",20262110694GEN0951C,L11F|[L11F] 선택필수교양
L11F,[L11F] 선택필수교양,GEN0951,일반물리학 및 실험Ⅱ,황성태,D,선필교,Y,"- 강의 동영상과 ppt 등 수업자료 제공(단, 저작권에 위배 되지 않는 한도 내)
*이론: 이공계열 대학생을 위한 대학물리학 Ⅱ(북스힐, 2026년)
*실험: 대학 기초 물리학 실험 Ⅱ(북스힐, 2022년)","일반물리학, 대학물리학 관련 교재 모두 가능",20262110694GEN0951D,L11F|[L11F] 선택필수교양
L11F,[L11F] 선택필수교양,GEN0951,일반물리학 및 실험Ⅱ,황성태,N,선필교,Y,"- 강의 동영상과 ppt 등 수업자료 제공(단, 저작권에 위배 되지 않는 한도 내)
*이론: 이공계열 대학생을 위한 대학물리학 Ⅱ(북스힐, 2026년)
*실험: 대학 기초 물리학 실험 Ⅱ(북스힐, 2022년)","일반물리학, 대학물리학 관련 교재 모두 가능",20262110694GEN0951N,L11F|[L11F] 선택필수교양
L11F,[L11F] 선택필수교양,GEN0953,일반화학,조이상,7,선필교,Y,"Burdge 일반화학의 기초 3판,  지은이 Julia Burdge, Michelle Driessen,  역자박경호 외, · 2025냔, 1월 31일.","일반화학, 대학화학교재연구회 저, 동화기술, 2026년 03월 10일",20262110713GEN09537,L11F|[L11F] 선택필수교양
L11F,[L11F] 선택필수교양,GEN0954,전산수학,조이상,A,선필교,Y,"매트랩 프로그래밍, 개정 3판 / 임석진 지음/ 생능출판사/ 2024","매트랩의 정석/ 부광석, 박희재, 곽근창/Wiley/2016",20262110713GEN0954A,L11F|[L11F] 선택필수교양
L11F,[L11F] 선택필수교양,GEN0954,전산수학,조이상,N,선필교,Y,"매트랩 프로그래밍, 개정 3판 / 임석진 지음/ 생능출판사/ 2024","매트랩의 정석/ 부광석, 박희재, 곽근창/Wiley/2016",20262110713GEN0954N,L11F|[L11F] 선택필수교양
L11F,[L11F] 선택필수교양,GEN0960,생성형 AI의 활용,"지준,최승호",7,선필교,Y,"[한성대학교 SW중심대학] LLM의 활용 => https://youtu.be/3Phhbkk7lk8?si=hUiNV5J9DXaAersw
[한성대학교 SW중심대학] 생성형 AI의 이해와 활용 => https://www.youtube.com/watch?v=P1Ke4eNasyQ&list=PL8I6643rqCbuIk4Ym1gS_nkI-yg39Ne2Q",없음,20262110150GEN09607,L11F|[L11F] 선택필수교양
L11F,[L11F] 선택필수교양,GEN0966,영화로 보는 사회이슈,김은경,A,선필교,Y,주차별 강의안,별도 안내,20262110817GEN0966A,L11F|[L11F] 선택필수교양
L11F,[L11F] 선택필수교양,GEN0966,영화로 보는 사회이슈,주현식,7,선필교,Y,"※ 자체교재 PDF로 올려줌 ※ 상상력 이노베이터, 한성대학교 출판사 (의무적으로 살 필요는 없음)",없음,20262110875GEN09667,L11F|[L11F] 선택필수교양
L11F,[L11F] 선택필수교양,GEN0972,미래를 읽는 디자인 이야기,정유정,7,선필교,Y,'미래를 읽는 디자인 이야기'강의 교안(PDF),*시청 영상 / 이외는 수업 시 공지,20262110813GEN09727,L11F|[L11F] 선택필수교양
L11F,[L11F] 선택필수교양,GEN0972,미래를 읽는 디자인 이야기,정유정,A,선필교,Y,'미래를 읽는 디자인 이야기'강의 교안(PDF),*시청 영상 / 이외는 수업 시 공지,20262110813GEN0972A,L11F|[L11F] 선택필수교양
L11F,[L11F] 선택필수교양,GEN0991,생성형 AI와 디자인씽킹,송지후,A,선필교,Y,"강의안 및 보조자료 공유/ 부교재, 참고교재들은 교내 학술정보관 내 지정도서로 비치","AI로 디자인씽킹, 유병철, 한언, 2024 / 라이프 디자인씽킹, 마이클 루릭 외, 틔움, 2024 / 비즈니스 에코시스템과 미래 성장을 위한 디자인씨킹, 마이클 루릭 외, 틔움, 2024 / 디자인씽킹 비즈니스를 혁신하다, 패트릭 반 더 피즐 외, 틔움, 2018 / 스탠포드 대학의 디자인씽킹 강의노트, 리팅이 외, 인서트, 2019",20262110812GEN0991A,L11F|[L11F] 선택필수교양
L11F,[L11F] 선택필수교양,GEN0991,생성형 AI와 디자인씽킹,정유정,B,선필교,Y,*강의교안 및 강의자료는 온라인 탑재 *실습용 워크시트는 오프라인 수업 시 배포,"창조성을 키우는 디자인씽킹의 기술, 앤드류 프레스안, 유엑스리뷰, 2021 / 
하버드대학 디자인씽킹 수업, 어드리스 무티, 유엑스리뷰, 2019 / 
디자인씽킹 플레이북, 마이클 루릭 외, 리랙, 2018 / 
디자인디자인씽킹, 비즈니스를 혁신하다, 패트릭 반 더 퍼즐 외, 틔움, 2018 / 
스탠포드대학의 디자인씽킹 강의노트, 리팅이 외, 인서트, 2",20262110813GEN0991B,L11F|[L11F] 선택필수교양
L11F,[L11F] 선택필수교양,GEN0997,지역사회봉사,유상미,0,선필교,Y,-,-,20262110689GEN09970,L11F|[L11F] 선택필수교양
L11F,[L11F] 선택필수교양,GEN0997,지역사회봉사,이왕구,7,선필교,Y,강의안,없음,20262110924GEN09977,L11F|[L11F] 선택필수교양
L11F,[L11F] 선택필수교양,GEN0997,지역사회봉사,임욱빈,8,선필교,Y,강의안,없음,20262110716GEN09978,L11F|[L11F] 선택필수교양
L11F,[L11F] 선택필수교양,GEN0997,지역사회봉사,임욱빈,A,선필교,Y,강의안,없음,20262110716GEN0997A,L11F|[L11F] 선택필수교양
L11F,[L11F] 선택필수교양,GEN0997,지역사회봉사,장선영,9,선필교,Y,강의안,없음,20262110821GEN09979,L11F|[L11F] 선택필수교양
L11F,[L11F] 선택필수교양,GEN1001,한국어 작문,박샛별,A,선필교,Y,"이미향 외(2026), 유학생을 위한 한국어 글쓰기, 소통.",필요시 유인물 제공.,20262516442GEN1001A,L11F|[L11F] 선택필수교양
L11F,[L11F] 선택필수교양,GEN1001,한국어 작문,신아랑,B,선필교,Y,"장미정·오선경·박정은(2025), 『외국인 유학생을 위한 학술적 글쓰기』, 도서출판 하우.",추후 공지,20262513719GEN1001B,L11F|[L11F] 선택필수교양
L11F,[L11F] 선택필수교양,GEN1001,한국어 작문,신아랑,F,선필교,Y,"장미정·오선경·박정은(2025), 『외국인 유학생을 위한 학술적 글쓰기』, 도서출판 하우.",추후 공지,20262513719GEN1001F,L11F|[L11F] 선택필수교양
L11F,[L11F] 선택필수교양,GEN1001,한국어 작문,이서현,C,선필교,Y,"<외국인 유학생을 위한 학술적 글쓰기>
- 고려대학교 글쓰기 교재편찬위원회",추후 공지,20262516315GEN1001C,L11F|[L11F] 선택필수교양
L11F,[L11F] 선택필수교양,GEN1001,한국어 작문,이효진,D,선필교,Y,"이미향 외(2025), 유학생을 위한 한국어 글쓰기, 소통.","이정희(2007), 유학생을 위한 한국어 글쓰기의 기초, 하우기획출판. 
서강대학교 한국어교육원(2021), 학문 목적 과정 서강 한국어 쓰기2, 도서출판 하우.",20262516374GEN1001D,L11F|[L11F] 선택필수교양
L11F,[L11F] 선택필수교양,GEN1001,한국어 작문,형재연,E,선필교,Y,"이미향 외4(2025), 유학생을 위한 한국어 글쓰기, 소통",추후 공지,20262513971GEN1001E,L11F|[L11F] 선택필수교양
L11F,[L11F] 선택필수교양,GEN1002,미래 융합형 에듀케이터 탐색,장선영,A,선필교,Y,강의 동영상 및 강의안,없음,20262110821GEN1002A,L11F|[L11F] 선택필수교양
L11F,[L11F] 선택필수교양,GEN1004,Academic Essay Writing,메리,7,선필교,Y,"Writing Preparation and Practice 3 by Karen Blanchard & Christine Root
ISBN: 0-13-243553-5",This will be announced in the first week of the class.,20262110855GEN10047,L11F|[L11F] 선택필수교양
L11F,[L11F] 선택필수교양,GEN1005,생명의 이해,최재희,7,선필교,Y,"세상을 바꾸는 생명과학, 라이프사이언스(2020)
생활 속의 생명과학, 바이오사이언스(2016)","생물: 생명의 과학, 라이프사이언스(2021)
유전학의 이해, 라이프사이언스(2017)",20262513387GEN10057,L11F|[L11F] 선택필수교양
L11F,[L11F] 선택필수교양,GEN1010,AI시대의 휴먼브랜드,송지후,7,선필교,Y,"강의안 및 보조자료 공유/ 부교재, 참고교재들은 교내 학술정보관 내 지정도서로 비치","나라는 브랜드를 설계하라, 캐서린 카푸타, 알에이치코리아, 2023 / 브랜드로 산다는 것, 김진향, 리치케어, 2022 / Personal Branding: 3-in-1 Guide to Master Building Your Personal Brand, Self-Branding Identity & Branding Yourself, Kingsley... /",20262110812GEN10107,L11F|[L11F] 선택필수교양
L11F,[L11F] 선택필수교양,GEN1010,AI시대의 휴먼브랜드,송지후,A,선필교,Y,"강의안 및 보조자료 공유/ 부교재, 참고교재들은 교내 학술정보관 내 지정도서로 비치","나라는 브랜드를 설계하라, 캐서린 카푸타, 알에이치코리아, 2023 / 브랜드로 산다는 것, 김진향, 리치케어, 2022 / Personal Branding: 3-in-1 Guide to Master Building Your Personal Brand, Self-Branding Identity & Branding Yourself, Kingsley... /",20262110812GEN1010A,L11F|[L11F] 선택필수교양
L11F,[L11F] 선택필수교양,GEN1011,문화다양성과 다문화 공간 탐방,김혜련,7,선필교,Y,"교수 강의 노트, ppt 자료","""이주의 시대"", 스티븐 카슬, 마크 J. 밀러",20262110806GEN10117,L11F|[L11F] 선택필수교양
L11F,[L11F] 선택필수교양,GEN1011,문화다양성과 다문화 공간 탐방,김혜련,A,선필교,Y,"교수 강의 노트, ppt 자료","""이주의 시대"", 스티븐 카슬, 마크 J. 밀러",20262110806GEN1011A,L11F|[L11F] 선택필수교양
L11F,[L11F] 선택필수교양,GEN1020,AI 시대의 회계: ChatGPT를 활용한 스마트 재무분석,김용식,7,선필교,Y,"찐 실전 ChatGPT 생성형  AI 활용 재무제표 작성과 분석(김용식 저, 광문각출판미디어)","K-IFRS 회계원리(김용식 저, 박영사)",20262110616GEN10207,L11F|[L11F] 선택필수교양
L11F,[L11F] 선택필수교양,GEN1046,AI로 다가가는 미적분학 2,민경진,7,선필교,Y,"AI로 다가가는 미적분학 2( 민경진, 이모션북스)","대학수학-벡터해석(민경진, 경문사), (미분적분학 ( 이언 스튜어트)",20262110691GEN10467,L11F|[L11F] 선택필수교양
L11F,[L11F] 선택필수교양,GEN1046,AI로 다가가는 미적분학 2,민경진,A,선필교,Y,"AI로 다가가는 미적분학 2( 민경진, 이모션북스)","대학수학-벡터해석(민경진, 경문사), (미분적분학 ( 이언 스튜어트)",20262110691GEN1046A,L11F|[L11F] 선택필수교양
L11F,[L11F] 선택필수교양,GEN1054,"Hallyu Rising: Power, Impact and the Future of the Korean Wave",제시카,A,선필교,Y,A notebook or tablet with which to take notes and plan during class activities. Please check the class homepage each week (Hansung e-class or the Coursemos app).,Materials will be provided.,20262110945GEN1054A,L11F|[L11F] 선택필수교양
L11F,[L11F] 선택필수교양,GEN1054,"Hallyu Rising: Power, Impact and the Future of the Korean Wave",제시카,B,선필교,Y,A notebook or tablet with which to take notes and plan during class activities. Please check the class homepage each week (Hansung e-class or the Coursemos app).,Materials will be provided.,20262110945GEN1054B,L11F|[L11F] 선택필수교양
L11F,[L11F] 선택필수교양,GEN1055,International Migration and Intercultural Cities,오정은,A,선필교,Y,Lecture notes provided by the instructor,Lecture notes provided by the instructor,20262110787GEN1055A,L11F|[L11F] 선택필수교양
L11F,[L11F] 선택필수교양,GEN1055,International Migration and Intercultural Cities,오정은,B,선필교,Y,Lecture notes provided by the instructor,Lecture notes provided by the instructor,20262110787GEN1055B,L11F|[L11F] 선택필수교양
L11G,[L11G] 일반교양,GEN0636,중급 일본어,도이미호,A,일교,Y,"『다이나믹 일본어 작문 초급』　오현정·도이미호·이시야마데쓰야 공저, 다락원,  2012",『はじめての日本語クリエイティブライティング』田丸雅智、小林麻美他、ココ出版、2026,20262110634GEN0636A,L11G|[L11G] 일반교양
L11G,[L11G] 일반교양,GEN0636,중급 일본어,도이미호,N,일교,Y,"『다이나믹 일본어 작문 초급』　오현정·도이미호·이시야마데쓰야 공저, 다락원,  2012",『はじめての日本語クリエイティブライティング』田丸雅智、小林麻美他、ココ出版、2026,20262110634GEN0636N,L11G|[L11G] 일반교양
L11G,[L11G] 일반교양,GEN0637,중급 중국어,박우,A,일교,Y,"<빙고 중국어1> 맹주억, 권영실, 이봉 지음 (수업 1주차 다시 안내)",없음.,20262110637GEN0637A,L11G|[L11G] 일반교양
L11G,[L11G] 일반교양,GEN0637,중급 중국어,박우,N,일교,Y,"<빙고 중국어1> 맹주억, 권영실, 이봉 지음 (수업 1주차 다시 안내)",없음.,20262110637GEN0637N,L11G|[L11G] 일반교양
L11G,[L11G] 일반교양,GEN0644,English through Stage Acting,로즈마리,7,일교,Y,"A paper notebook or tablet, pen and a clear file for handouts. Laptop computers will not be convenient. All scripts and other materials provided by the professor. Check e-class weekly.","You must visit me for a consultation (상담) in my office or the classroom once during the semester to check your progress or any questions or problems you have, or visit the English Corner once.",20262110620GEN06447,L11G|[L11G] 일반교양
L11G,[L11G] 일반교양,GEN0759,Introduction to Business English,데릭,7,일교,Y,Market Leader Business English Course Book 3rd Ed. by Pearson Pre-Intermediate. http://www.kyobobook.co.kr/product/detailViewEng.laf?ejkGb=ENG&mallGb=ENG&barcode=9781408237076&orderClick=LAG&Kc=,"Provided in class. This textbook has book presentation software which I will use when teaching in the classroom, and with recorded videos. See video: https://youtu.be/tSlBV038D8Y",20262110582GEN07597,L11G|[L11G] 일반교양
L11G,[L11G] 일반교양,GEN0817,자기연출과 인간관계,오정석,A,일교,Y,"퍼스널이미지메이킹(이선경 외), 구민사",교안,20262516511GEN0817A,L11G|[L11G] 일반교양
L11G,[L11G] 일반교양,GEN0817,자기연출과 인간관계,오정석,N,일교,Y,"퍼스널이미지메이킹(이선경 외), 구민사",교안,20262516511GEN0817N,L11G|[L11G] 일반교양
L11G,[L11G] 일반교양,GEN0853,Practical English Speaking(실전 말하기 연습),김정훈,7,일교,Y,To Be Announced,Any additional materials will be provided by the professor,20262110856GEN08537,L11G|[L11G] 일반교양
L11G,[L11G] 일반교양,GEN0878,서비스이미지메이킹,홍수남,N,일교,Y,"뷰티서비스실무론(2022), 저자: 홍수남, 출판사: 구민사","관광 매너 서비스실무(2024), 최기종 저, 백산출판사",20262110826GEN0878N,L11G|[L11G] 일반교양
L11G,[L11G] 일반교양,GEN0892,식생활과 문화,김경자,N,일교,Y,다문화시대의 식생활문화 이해 / 김종욱 외2인 / 백산출판사,글로벌음식문화 / 김희선/ 교문사 식생활과문화 / 정혜경 외2인 / 교문사,20262110824GEN0892N,L11G|[L11G] 일반교양
L11G,[L11G] 일반교양,GEN0894,대학생활길라잡이Ⅱ,황영아,N,일교,Y,교안 및 워크북(별도 배포),"[참고] 심호규 황혜원. (2021) 대학생을 위한 자아성장과 심리. 양성원 
[참고] 김미옥, 김서영, 최정아. (2020) 자기계발과 인생설계. 학지사",20262110953GEN0894N,L11G|[L11G] 일반교양
L11G,[L11G] 일반교양,GEN0894,대학생활길라잡이Ⅱ,황영아,P,일교,Y,,,20262515368GEN0894P,L11G|[L11G] 일반교양
L11G,[L11G] 일반교양,GEN0894,대학생활길라잡이Ⅱ,황영아,Q,일교,Y,교안 및 워크북(별도 배포),"[참고] 심호규 황혜원. (2021) 대학생을 위한 자아성장과 심리. 양성원 
[참고] 김미옥, 김서영, 최정아. (2020) 자기계발과 인생설계. 학지사",20262110953GEN0894Q,L11G|[L11G] 일반교양
L11G,[L11G] 일반교양,GEN0894,대학생활길라잡이Ⅱ,황영아,R,일교,Y,교안 및 워크북(별도 배포),"[참고] 심호규 황혜원. (2021) 대학생을 위한 자아성장과 심리. 양성원 
[참고] 김미옥, 김서영, 최정아. (2020) 자기계발과 인생설계. 학지사",20262110953GEN0894R,L11G|[L11G] 일반교양
L11G,[L11G] 일반교양,GEN0907,과학기술과 인간사회(상상더학기),황영아,Z,일교,Y,없음 * 주차별 교안 별도 제공,-,20262515368GEN0907Z,L11G|[L11G] 일반교양
L11G,[L11G] 일반교양,GEN0908,미래기술과 진로설계,"노광현,황영아",7,일교,Y,주차별 교안 및 자료 e-class 공지,고용노동부·한국고용정보원(2023). 2023 한국직업전망 고용노동부·한국고용정보원(2021). 함께 할 미래 for 2030 신직업 고용노동부·한국고용정보원(2019). 청년을 위한 창직프로그램 등 자료 업로드 예정,20262110596GEN09087,L11G|[L11G] 일반교양
L11G,[L11G] 일반교양,GEN0912,퍼실리테이팅과 자기개발,장선영,A,일교,Y,교수자가 작성한 FL 동영상 및 강의안,없음,20262110821GEN0912A,L11G|[L11G] 일반교양
L11G,[L11G] 일반교양,GEN0973,미래사회와 진로설계,장명희,N,일교,Y,"교수자 개발 워크북, 주차별 교안(e-class 제공)",기타 참고자료(e-class 제공),20262516501GEN0973N,L11G|[L11G] 일반교양
L11G,[L11G] 일반교양,GEN1006,삶의 지도를 그리다 : 영화와 책으로 탐색하는 진로 발견,곽미선,A,일교,Y,"교수자 ppt
수업에서 활용될 관련 영화, 책 준비 필요",.,20262110921GEN1006A,L11G|[L11G] 일반교양
L11G,[L11G] 일반교양,GEN1007,숫자로 알아보는 기업의 살림살이,문혜진,A,일교,Y,.,.,20262110867GEN1007A,L11G|[L11G] 일반교양
L11G,[L11G] 일반교양,GEN1007,숫자로 알아보는 기업의 살림살이,문혜진,N,일교,Y,.,.,20262110867GEN1007N,L11G|[L11G] 일반교양
L11G,[L11G] 일반교양,GEN1008,영어로 읽는 글로벌 사회와 이슈들,신영헌,A,일교,Y,coursepack (수업 오리엔테이션에서 설명 예정),없음,20262110579GEN1008A,L11G|[L11G] 일반교양
L11G,[L11G] 일반교양,GEN1008,영어로 읽는 글로벌 사회와 이슈들,신영헌,N,일교,Y,coursepack (수업 오리엔테이션에서 설명 예정),없음,20262110579GEN1008N,L11G|[L11G] 일반교양
L11G,[L11G] 일반교양,GEN1012,미디어 스토리텔링,박현갑,7,일교,Y,문장기술 배상복 지음,이토록 간결한 글쓰기 토드 로저스 지음,20262516332GEN10127,L11G|[L11G] 일반교양
L11G,[L11G] 일반교양,GEN1013,미디어와 사회,박홍기,7,일교,Y,"없음
PPT 강의 자료",없음,20262516384GEN10137,L11G|[L11G] 일반교양
L11G,[L11G] 일반교양,GEN1014,AI시대의 컴퓨팅적 사고,이신희,7,일교,Y,자체 pdf 강의교안,없음,20262110874GEN10147,L11G|[L11G] 일반교양
L11G,[L11G] 일반교양,GEN1045,English Pronunciation Practice,앤드류,7,일교,Y,"Clear Speech, 4th Edition (Judy B. Gilbert)","Pen, pencil, notebook, smartphone/laptop/tablet",20262110800GEN10457,L11G|[L11G] 일반교양
L11G,[L11G] 일반교양,GEN1047,국가안보론과 삶,류우식,7,일교,Y,없음,없음,20262515893GEN10477,L11G|[L11G] 일반교양
L11H,[L11H] 일반선택,GEN0157,군사학2,강사,7,일선,Y,-,-,20262999999GEN01577,L11H|[L11H] 일반선택
L11H,[L11H] 일반선택,GEN0157,군사학2,강사,8,일선,Y,-,-,20262999999GEN01578,L11H|[L11H] 일반선택
L11H,[L11H] 일반선택,GEN0159,군사학4,강사,7,일선,Y,-,-,20262999999GEN01597,L11H|[L11H] 일반선택
L11H,[L11H] 일반선택,GEN0159,군사학4,강사,8,일선,Y,-,-,20262999999GEN01598,L11H|[L11H] 일반선택
L11H,[L11H] 일반선택,GEN0787,경력개발과 성공취업,김영일,I,일선,Y,PPT 자료,없음,20262110927GEN0787I,L11H|[L11H] 일반선택
L11H,[L11H] 일반선택,GEN0787,경력개발과 성공취업,봉미란,A,일선,Y,"책제목 : AI시대의 취업성공전략 / 저자: 봉미란, 이민아, 이승준 / 출판사 양성원 2024",PPT 자료 및 동영상 제공,20262110831GEN0787A,L11H|[L11H] 일반선택
L11H,[L11H] 일반선택,GEN0787,경력개발과 성공취업,이기범,7,일선,Y,"AI세대의 취업성공전략, 봉미란, 이민아, 이숭준, 양성원 2024 / 강의 교안",없음,20262110899GEN07877,L11H|[L11H] 일반선택
L11H,[L11H] 일반선택,GEN0787,경력개발과 성공취업,이동희,B,일선,Y,"AI세대의 취업성공전략, 봉미란, 이민아, 이승준, 양성원",없음,20262110759GEN0787B,L11H|[L11H] 일반선택
L11H,[L11H] 일반선택,GEN0787,경력개발과 성공취업,이승준,8,일선,Y,"AI세대의 취업성공전략, 봉미란, 이민아, 이승준, 양성원","부교재/참고문헌 AI시대의 진로탐색과 취업전략, 조성진외, 양성원",20262110894GEN07878,L11H|[L11H] 일반선택
L11H,[L11H] 일반선택,GEN0787,경력개발과 성공취업,정욱환,9,일선,Y,"AI세대의 취업성공전략, 봉미란, 이민아, 이숭준, 양성원 2024",참고문헌,20262110760GEN07879,L11H|[L11H] 일반선택
L11H,[L11H] 일반선택,GEN0787,경력개발과 성공취업,최정섭,0,일선,Y,"AI세대의 취업성공전략 , 봉미란외, 양성원",없음,20262110834GEN07870,L11H|[L11H] 일반선택
L11H,[L11H] 일반선택,GEN0792,자기개발과 진로탐색,김영일,I,일선,Y,"진로탐색 및 자기개발(봉미란, 이민아, 이기학)2021. 양성원",없음,20262110927GEN0792I,L11H|[L11H] 일반선택
L11H,[L11H] 일반선택,GEN0792,자기개발과 진로탐색,봉미란,A,일선,Y,"대학생을 위한 진로탐색과 설계(정철영, 서우석, 2023, 학지사), 
                 진로탐색 및 자기개발 (봉미란, 이민아, 이기학)2021.양성원
                 동영상 PPT 및 유인물",없음,20262110831GEN0792A,L11H|[L11H] 일반선택
L11H,[L11H] 일반선택,GEN0792,자기개발과 진로탐색,봉미란,J,일선,Y,"진로탐색 및 자기개발 (봉미란, 이민아, 이기학)
                 동영상 PPT 및 유인물","대학생을 위한 진로탐색과 설계(정철영, 서우석, 2023, 학지사),",20262110831GEN0792J,L11H|[L11H] 일반선택
L11H,[L11H] 일반선택,GEN0792,자기개발과 진로탐색,윤재석,0,일선,Y,"대학생을 위한 진로탐색과 설계(정철영, 서우석, 2023, 학지사), 
진로탐색 및 자기개발 (봉미란, 이민아, 이기학), 
동영상 PPT 및 유인물",없음,20262110933GEN07920,L11H|[L11H] 일반선택
L11H,[L11H] 일반선택,GEN0792,자기개발과 진로탐색,이기범,7,일선,Y,"대학생을 위한 진로탐색과 설계(정철영, 서우석, 2023, 학지사) 진로탐색 및 자기개발(봉미란, 이민아, 이기학. 2021, 양성원) 동영상 PPT 및 유인물","진로탕색과 생애설계 꿈을 찾아가는 포트폴리오(황매향, 김연진, 이승구, 전방연 공저, 2020) 진로와 자기개발(유채온, 조규판 공저, 2022)",20262110899GEN07927,L11H|[L11H] 일반선택
L11H,[L11H] 일반선택,GEN0792,자기개발과 진로탐색,정이진,8,일선,Y,"대학생을 위한 진로탐색과 설계(정철영, 서우석, 2023, 학지사), 
진로탐색 및 자기개발 (봉미란, 이민아, 이기학)
동영상 PPT 및 유인물",없음,20262110893GEN07928,L11H|[L11H] 일반선택
L11H,[L11H] 일반선택,GEN0792,자기개발과 진로탐색,정향진,9,일선,Y,"대학생을 위한 진로탐색과 설계(정철영, 서우석, 2023, 학지사). 진로탐색 및 자기개발 (봉미란, 이민아, 이기학). 동영상 PPT 및 유인물",없음.,20262110896GEN07929,L11H|[L11H] 일반선택
L11H,[L11H] 일반선택,GEN0872,스타트업 아이템 사업화,홍성재,7,일선,Y,자체 교안 및 동영상 강의,하버드 스타트업 바이블 / 비즈니스모델 캔버스,20262515384GEN08727,L11H|[L11H] 일반선택
L11H,[L11H] 일반선택,GEN0956,스타트업 기초 A-Z,정욱환,8,일선,Y,교수자 수업 자료,교수자 수업 자료,20262110760GEN09568,L11H|[L11H] 일반선택
L11H,[L11H] 일반선택,GEN0956,스타트업 기초 A-Z,홍성재,7,일선,Y,담당 교수 제작 자료,벤처 디스커버리(중기부) / MIT스타트업바이블(비즈니스북스) 등,20262515384GEN09567,L11H|[L11H] 일반선택
L11H,[L11H] 일반선택,GEN0957,스타트업 사업계획,홍성재,7,일선,Y,담당 교수 제작 자료,벤처 디스커버리(중기부) / MIT스타트업바이블(비즈니스북스) 등,20262515384GEN09577,L11H|[L11H] 일반선택
L11H,[L11H] 일반선택,GEN0992,온리원 마이포트폴리오 설계,"강윤주,정욱환",8,일선,Y,"유인물 및 동영상 자료, PPT",참고문헌,20262110760GEN09928,L11H|[L11H] 일반선택
L11H,[L11H] 일반선택,GEN0992,온리원 마이포트폴리오 설계,"이승준,김동철",7,일선,Y,"유인물 및 동영상 자료, PPT",없음,20262110894GEN09927,L11H|[L11H] 일반선택
L11H,[L11H] 일반선택,GEN0992,온리원 마이포트폴리오 설계,"최정섭,전유부,정병덕",9,일선,Y,없음(필요한 교안은 pdf/인쇄물 형태로 제공 예정),없음,20262110834GEN09929,L11H|[L11H] 일반선택
L11H,[L11H] 일반선택,GEN0993,전공탐색 길라잡이,강석남,C,일선,Y,"대학 학사제도 및 트랙(전공) 시스템 자료, 교수자 PPT",-,20262516413GEN0993C,L11H|[L11H] 일반선택
L11H,[L11H] 일반선택,GEN0993,전공탐색 길라잡이,강석남,P,일선,Y,"대학 학사제도 및 트랙(전공) 시스템 자료, 교수자 PPT",-,20262516413GEN0993P,L11H|[L11H] 일반선택
L11H,[L11H] 일반선택,GEN0993,전공탐색 길라잡이,곽미선,A,일선,Y,교수자 ppt,.,20262110921GEN0993A,L11H|[L11H] 일반선택
L11H,[L11H] 일반선택,GEN0993,전공탐색 길라잡이,곽미선,N,일선,Y,교수자 ppt,.,20262110921GEN0993N,L11H|[L11H] 일반선택
L11H,[L11H] 일반선택,GEN0993,전공탐색 길라잡이,김동주,0,일선,Y,"대학 학사제도 및 트랙(전공)시스템 자료, 교수자 PPT",.,20262516076GEN09930,L11H|[L11H] 일반선택
L11H,[L11H] 일반선택,GEN0993,전공탐색 길라잡이,박현경,8,일선,Y,"대학 학사제도 및 트랙(전공) 시스템 자료, 교수자 PPT",없음,20262515786GEN09938,L11H|[L11H] 일반선택
L11H,[L11H] 일반선택,GEN0993,전공탐색 길라잡이,장선영,B,일선,Y,"대학 학사제도 및 트랙(전공) 시스템 자료, 교수자 PPT",없음,20262110821GEN0993B,L11H|[L11H] 일반선택
L11H,[L11H] 일반선택,GEN0993,전공탐색 길라잡이,장지영,7,일선,Y,"대학 학사제도 및 트랙(전공) 시스템 자료, 교수자 PPT",.,20262516009GEN09937,L11H|[L11H] 일반선택
L11H,[L11H] 일반선택,GEN1031,AI와 윤리,강지현,8,일선,Y,교수자 제작 PDF 교안 및 주차별 사례 자료,"OECD, OECD Principles on Artificial Intelligence
UNESCO, Recommendation on the Ethics of Artificial Intelligence
과학기술정보통신부, 「사람이 중심이 되는 인공지능 윤리기준」
NIST, AI Risk Management Framework
국내외 AI 윤리 사례 관련 판례",20262110719GEN10318,L11H|[L11H] 일반선택
L11H,[L11H] 일반선택,GEN1031,AI와 윤리,신영헌,A,일선,Y,"교수자 제작 PDF 교안 및 주차별 사례 자료
(오리엔테이션 수업에서 소개 예정)",없음,20262110579GEN1031A,L11H|[L11H] 일반선택
L11H,[L11H] 일반선택,GEN1031,AI와 윤리,유수진,0,일선,Y,교수자 제작 PDF 교안 및 주차별 사례 자료,"OECD, OECD Principles on Artificial Intelligence
UNESCO, Recommendation on the Ethics of Artificial Intelligence
과학기술정보통신부, 「사람이 중심이 되는 인공지능 윤리기준」
NIST, AI Risk Management Framework
국내외 AI 윤리 사례 관련 판례",20262110901GEN10310,L11H|[L11H] 일반선택
L11H,[L11H] 일반선택,GEN1031,AI와 윤리,윤정현,7,일선,Y,AI와 윤리 강의자료 PPT,"OECD, OECD Principles on Artificial Intelligence
UNESCO, Recommendation on the Ethics of Artificial Intelligence
과학기술정보통신부, 「사람이 중심이 되는 인공지능 윤리기준」
NIST, AI Risk Management Framework",20262110854GEN10317,L11H|[L11H] 일반선택
L11H,[L11H] 일반선택,GEN1031,AI와 윤리,이신희,9,일선,Y,교수자 제작 PDF 교안 및 주차별 사례 자료,"OECD, OECD Principles on Artificial Intelligence
UNESCO, Recommendation on the Ethics of Artificial Intelligence
과학기술정보통신부, 「사람이 중심이 되는 인공지능 윤리기준」
NIST, AI Risk Management Framework
국내외 AI 윤리 사례 관련 판례",20262110874GEN10319,L11H|[L11H] 일반선택
L330,[L330] 학점인정,GEN9004,글로벌 사회공헌Ⅰ,임욱빈,7,일선,Y,,,20262999999GEN90047,L330|[L330] 학점인정
L330,[L330] 학점인정,GEN9004,글로벌 사회공헌Ⅰ,임욱빈,Z,일선,Y,"국제개발협력의 이해 (KOICA, 한울아카데미) 국제개발협력 심화편 (KOICA ODA교육원, 아이스크림 미디어)",없음,20262110716GEN9004Z,L330|[L330] 학점인정
L330,[L330] 학점인정,GEN9007,글로벌 사회공헌Ⅳ,임욱빈,7,일선,Y,"국제개발협력의 이해 (KOICA, 한울아카데미)
국제개발협력 심화편 (KOICA ODA교육원, 아이스크림 미디어)",없음,20262110716GEN90077,L330|[L330] 학점인정
L330,[L330] 학점인정,GEN9008,글로벌 사회공헌Ⅴ,임욱빈,7,전선,Y,"국제개발협력의 이해 (KOICA, 한울아카데미)
국제개발협력 심화편 (KOICA ODA교육원, 아이스크림 미디어)",없음,20262110716GEN90087,L330|[L330] 학점인정
L330,[L330] 학점인정,GEN9008,글로벌 사회공헌Ⅴ(상상더학기),임욱빈,Z,전선,Y,"국제개발협력의 이해 (KOICA, 한울아카데미) 국제개발협력 심화편 (KOICA ODA교육원, 아이스크림 미디어)",없음,20262110716GEN9008Z,L330|[L330] 학점인정
L330,[L330] 학점인정,GEN9009,글로벌 사회공헌Ⅵ,임욱빈,7,전선,Y,"국제개발협력의 이해 (KOICA, 한울아카데미)
국제개발협력 심화편 (KOICA ODA교육원, 아이스크림 미디어)",없음,20262110716GEN90097,L330|[L330] 학점인정
M020,[M020] C&C School,M020018,공학 수학의 시작,조이상,7,전선,Y,알기 쉽게 풀어쓴 기초공학수학 / 김동식/ 생능출판/ 2018,"기초공학수학/ 조난숙, 민경진/ 교우사/ 2014",20262110713M0200187,M020|[M020] C&C School
M020,[M020] C&C School,M020038,마케팅과 디자인(캡스톤디자인),"이승준,정향진",7,전선,Y,"1. 마케팅관리 - AIㆍ디지털시대의 마케팅 (제3판), 최은정, 정독출판사 2. 확장현실, 제레미 돌턴, 김동한 번역, 유엑스리뷰(UX REVIEW)","1. 마케팅 불변의 법칙, THE IMMUTABLE LAWS OF MARKETING, 알 리스, 잭 트라우트 저/이수정 역, 비즈니스맵 2. 디자인에 집중하라 기획에서 마케팅까지, 팀브라운 저/고성연 역, 김영사",20262110894M0200387,M020|[M020] C&C School
M034,[M034] 인공지능(AI) 전문과정,M034008,대형언어모델,공진우,7,MD전선,Y,"딥 러닝을 이용한 자연어 처리 입문, Bryce, Eddie, 위키독스 자체제작 PPT","RAG 시스템 구축을 위한 랭체인 실전 가이드, 윤성재, 루비페이퍼
7가지 프로젝트로 배우는 LLM AI 에이전트 개발, 황자, 제이펍",20262110903M0340087,M034|[M034] 인공지능(AI) 전문과정
M034,[M034] 인공지능(AI) 전문과정,M034009,멀티모달 생성형 AI,정성훈,7,MD전선,Y,"LLM을 활용한 실전 AI 애플리케이션 개발, 허정준저, 책만출판사",없음,20262110141M0340097,M034|[M034] 인공지능(AI) 전문과정
M035,[M035] 창업&프랜차이즈 아카데미,M035003,프랜차이즈 점포운영 및 수퍼바이징 실무,"서민교,김문명",7,MD전선,Y,프랜차이즈경영론/벼리커뮤니케이션,없음,20262515326M0350037,M035|[M035] 창업&프랜차이즈 아카데미
M037,[M037] 만화/웹툰 전문가과정,M037004,장면설계와 연출,문태연,7,MD전선,Y,-,-,20262516149M0370047,M037|[M037] 만화/웹툰 전문가과정
M03A,[M03A] 영상CG&시각효과 전문가과정,M03A004,VFX 장면 연출 워크샵,김미라,7,MD전선,Y,"수업 PPT 및 온라인 동영상 강의
- Film Directing shot by shot, Steven d. katz, 번역서 - 영화연출론 shot by shot",수업 시 공지되는 참고 자료 및 사이트 외,20262110886M03A0047,M03A|[M03A] 영상CG&시각효과 전문가과정
M03C,[M03C] 심리상담 전문가 과정,M03C003,청년의 심리학,조난숙,7,MD전선,Y,"20대를 위한 심리학(조난숙, 황선미)","아주작은 습관의 힘, 마음의 기술 등",20262110143M03C0037,M03C|[M03C] 심리상담 전문가 과정
M03C,[M03C] 심리상담 전문가 과정,M03C005,이상심리학 이론과 실습,이지영,7,MD전선,Y,"교수자가 제공하는 강의자료(PPT, PDF)를 주교재로 활용합니다. 이상심리학 관련 개론서는 모두 참고 가능하며, 특정 교재를 지정하지 않습니다.","권석만, 『현대 이상심리학』, 학지사.
이우경, 『최신 이상심리학』, 학지사.
DSM-5-TR 정신질환의 진단 및 통계 편람.
수업 중 제공하는 사례 및 참고자료.",20262110810M03C0057,M03C|[M03C] 심리상담 전문가 과정
M03C,[M03C] 심리상담 전문가 과정,M03C005,이상심리학 이론과 실습,이지영,A,MD전선,Y,"교수자가 제공하는 강의자료(PPT, PDF)를 주교재로 활용합니다. 이상심리학 관련 개론서는 모두 참고 가능하며, 특정 교재를 지정하지 않습니다.","권석만, 『현대 이상심리학』, 학지사.
이우경, 『최신 이상심리학』, 학지사.
DSM-5-TR 정신질환의 진단 및 통계 편람.
수업 중 제공하는 사례 및 참고자료.",20262110810M03C005A,M03C|[M03C] 심리상담 전문가 과정
M03F,[M03F] 전기기사 전문과정 MD,M03F003,전기기기 및 응용,김현수,7,MD전선,Y,"김중기 저,""전기기기"", 북두출판사","최은혁, 박숭규 저, ""처음만나는 전기기기"", 한빛아카데미",20262516290M03F0037,M03F|[M03F] 전기기사 전문과정 MD
M03F,[M03F] 전기기사 전문과정 MD,M03F004,전력시스템 공학,김현수,7,MD전선,Y,"송길영, ""전력공학"", 동일출판사",전력공학 관련 교재,20262516290M03F0047,M03F|[M03F] 전기기사 전문과정 MD
M111,[M111] 단과대학구분없음,M111003,상상설계 진로4(상상더학기),강사,Z,일선,Y,-,-,20262999999M111003Z,M111|[M111] 단과대학구분없음
M111,[M111] 단과대학구분없음,M111004,상상설계 진로5(상상더학기),강사,Z,일선,Y,-,-,20262999999M111004Z,M111|[M111] 단과대학구분없음
M111,[M111] 단과대학구분없음,M111005,상상설계 진로1(상상더학기),강사,Z,전선,Y,-,-,20262999999M111005Z,M111|[M111] 단과대학구분없음
M111,[M111] 단과대학구분없음,M111006,상상설계 진로2(상상더학기),강사,Z,전선,Y,-,-,20262999999M111006Z,M111|[M111] 단과대학구분없음
M111,[M111] 단과대학구분없음,M111007,상상설계 진로3(상상더학기),강사,Z,전선,Y,-,-,20262999999M111007Z,M111|[M111] 단과대학구분없음
M111,[M111] 단과대학구분없음,M111008,상상설계 진로6(상상더학기),강사,Z,일선,Y,-,-,20262999999M111008Z,M111|[M111] 단과대학구분없음
M111,[M111] 단과대학구분없음,M111009,상상설계 진로7(상상더학기),강사,Z,복전선,Y,-,-,20262999999M111009Z,M111|[M111] 단과대학구분없음
M111,[M111] 단과대학구분없음,M111010,상상설계 진로8(상상더학기),강사,Z,복전선,Y,-,-,20262999999M111010Z,M111|[M111] 단과대학구분없음
M111,[M111] 단과대학구분없음,M111011,상상설계 진로9(상상더학기),강사,Z,복전선,Y,-,-,20262999999M111011Z,M111|[M111] 단과대학구분없음
M111,[M111] 단과대학구분없음,M111613,산학협력교육3,강사,7,전선,Y,-,-,20262999999M1116137,M111|[M111] 단과대학구분없음
M111,[M111] 단과대학구분없음,M111614,산학협력교육4,강사,7,전선,Y,`,`,20262999999M1116147,M111|[M111] 단과대학구분없음
M111,[M111] 단과대학구분없음,M111618,산학협력교육33,강사,7,전선,Y,`,`,20262999999M1116187,M111|[M111] 단과대학구분없음
M111,[M111] 단과대학구분없음,M111619,산학협력교육34,강사,7,전선,Y,,,20262999999M1116197,M111|[M111] 단과대학구분없음
M111,[M111] 단과대학구분없음,M111653,산학협력교육19,강사,7,일선,Y,`,`,20262999999M1116537,M111|[M111] 단과대학구분없음
M111,[M111] 단과대학구분없음,M111654,산학협력교육20,강사,7,일선,Y,`,`,20262999999M1116547,M111|[M111] 단과대학구분없음
M111,[M111] 단과대학구분없음,M111661,산학협력교육52,강사,7,전필,Y,`,`,20262999999M1116617,M111|[M111] 단과대학구분없음
M111,[M111] 단과대학구분없음,M111662,산학협력교육53,강사,7,전필,Y,`,`,20262999999M1116627,M111|[M111] 단과대학구분없음
O020,[O020] 한국언어문화교육학과,O020002,한국어로 배우는 K-콘텐츠 여행,노정은,A,전필,Y,추후공지,추후공지,20262110786O020002A,O020|[O020] 한국언어문화교육학과
O020,[O020] 한국언어문화교육학과,O020014,한국 의식주 문화의 이해와 탐구,박선옥,A,전선,Y,"강의 자료(e-class 게시)
이화형 (2025), 『융합으로 읽는 한국의 의식주 인문학』, 푸른사상 (ISBN: 9791192149523)
최중녀 (2025), 『외국인 유학생을 위한 한국 문화의 이해』(제2판), 두남 (ISBN: 9791194666172)","임경순 (2013), 『한국어 문화교육을 위한 한국문화의 이해』, 한국외국어대학교 지식출판콘텐츠원 (ISBN: 9788974645441)
손호민·전상이 엮음 (2013), 『한국문화의 이해 (Essentials of Korean Culture)』, 고려대학교출판문화원 (ISBN: 9788976418265)
이연정·장경태 (2026), 『한국음식문화의 이",20262110669O020014A,O020|[O020] 한국언어문화교육학과
O020,[O020] 한국언어문화교육학과,O020015,한국어 문법의 이해와 연습,이은희,A,전선,Y,"남기심, 고영근(2019), 표준국어문법론, 한국문화사.","국립국어원(2005), 외국인을 위한 한국어문법1, 커뮤니케이션북스.",20262110128O020015A,O020|[O020] 한국언어문화교육학과
O020,[O020] 한국언어문화교육학과,O020016,한국 문화 기행과 한국어 탐색,이상혁,A,전선,Y,수업 시간에 제시함.,음성/영상 미디어 자료를 수업 시간에 제시함.,20262110577O020016A,O020|[O020] 한국언어문화교육학과
O020,[O020] 한국언어문화교육학과,O020017,한국어 표현교육의 원리와 방법,노정은,A,전필,Y,추후공지,추후공지,20262110786O020017A,O020|[O020] 한국언어문화교육학과
O030,[O030] 글로벌K비즈니스학과,O030002,경영학원론,강준,A,전필,Y,PPT자료 강의 전 업로드,없음,20262515558O030002A,O030|[O030] 글로벌K비즈니스학과
O030,[O030] 글로벌K비즈니스학과,O030002,경영학원론,강준,B,전필,Y,PPT자료 강의 전 업로드,없음,20262515558O030002B,O030|[O030] 글로벌K비즈니스학과
O030,[O030] 글로벌K비즈니스학과,O030002,경영학원론,유기섭,C,전필,Y,PPT file by professor,N/A,20262110940O030002C,O030|[O030] 글로벌K비즈니스학과
O030,[O030] 글로벌K비즈니스학과,O030002,경영학원론,유기섭,D,전필,Y,PPT file by professor,N/A,20262110940O030002D,O030|[O030] 글로벌K비즈니스학과
O030,[O030] 글로벌K비즈니스학과,O030007,글로벌경영학,김기현,A,전선,Y,TBA,TBA,20262110848O030007A,O030|[O030] 글로벌K비즈니스학과
O030,[O030] 글로벌K비즈니스학과,O030008,마케팅과K비즈니스,서정모,A,전필,Y,강의자료,"포지셔닝 - 저자: 잭트라우,  알 리스
마케팅 불변의 법칙 - 저자: 잭트라우트",20262516472O030008A,O030|[O030] 글로벌K비즈니스학과
O030,[O030] 글로벌K비즈니스학과,O030009,데이터와경영,유기섭,A,전필,Y,교수가 제작한 파일,해당사항없음,20262110940O030009A,O030|[O030] 글로벌K비즈니스학과
O030,[O030] 글로벌K비즈니스학과,O030010,회계와재무제표,이정훈,A,전선,Y,"김권중, 'K-IFRS New 회계원리' (창민사)",해당사항없음,20262516507O030010A,O030|[O030] 글로벌K비즈니스학과
O030,[O030] 글로벌K비즈니스학과,O030011,K비즈니스커리어디자인탐색,천용주,A,전선,Y,자체 제작 교재,없슴,20262110861O030011A,O030|[O030] 글로벌K비즈니스학과
O040,[O040] 영상엔터테인먼트학과,O040002,진로탐색과설계,이왕구,A,전필,Y,강의 교안,없음,20262110924O040002A,O040|[O040] 영상엔터테인먼트학과
O040,[O040] 영상엔터테인먼트학과,O040009,촬영 및 편집,조창열,A,전선,Y,,,20262516446O040009A,O040|[O040] 영상엔터테인먼트학과
O040,[O040] 영상엔터테인먼트학과,O040010,뉴미디어영상 제작실습 1,이왕구,A,전선,Y,강의 교안,없음,20262110924O040010A,O040|[O040] 영상엔터테인먼트학과
O040,[O040] 영상엔터테인먼트학과,O040011,스피치트레이닝,이왕구,A,전선,Y,강의 교안,"영화, 드라마 대본",20262110924O040011A,O040|[O040] 영상엔터테인먼트학과
O040,[O040] 영상엔터테인먼트학과,O040013,"AI 영상, 이미지 제작실습 2",조창열,A,전선,Y,,,20262516446O040013A,O040|[O040] 영상엔터테인먼트학과
O040,[O040] 영상엔터테인먼트학과,O040014,디지털 이미징2,조창열,A,전선,Y,,,20262516446O040014A,O040|[O040] 영상엔터테인먼트학과
O040,[O040] 영상엔터테인먼트학과,O040015,스토리개발실습,이왕구,A,전선,Y,강의 교안,영화 및 드라마 대본,20262110924O040015A,O040|[O040] 영상엔터테인먼트학과
O050,[O050] 패션뷰티크리에이션학과,O050002,뷰티크리에이션기초,이정민,A,전필,Y,구민사-뷰티색채학,없음,20262110807O050002A,O050|[O050] 패션뷰티크리에이션학과
O050,[O050] 패션뷰티크리에이션학과,O050002,뷰티크리에이션기초,이정민,B,전필,Y,구민사-뷰티색채학,없음,20262110807O050002B,O050|[O050] 패션뷰티크리에이션학과
O050,[O050] 패션뷰티크리에이션학과,O050009,코스메틱기초,정수연,A,전선,Y,자체 교안 및 활동,"식품의약품안전처사이트, 국가법령정보센터사이트, 대한화장품협회 화장품성분사전,  화장품 표시·광고 관리 지침",20262516130O050009A,O050|[O050] 패션뷰티크리에이션학과
O050,[O050] 패션뷰티크리에이션학과,O050010,에스테틱기초,이나현,A,전필,Y,교수자 교안,"미용사 피부 실기/송은화 외4/(주)명진씨피(2025)
페이셜 트리트먼트/이인희 외 3/메시디언(2022)",20262515972O050010A,O050|[O050] 패션뷰티크리에이션학과
O050,[O050] 패션뷰티크리에이션학과,O050010,에스테틱기초,이나현,B,전필,Y,교수자 교안,"미용사 피부 실기/송은화 외4/(주)명진씨피(2025)
페이셜 트리트먼트/이인희 외 3/메시디언(2022)",20262515972O050010B,O050|[O050] 패션뷰티크리에이션학과
O050,[O050] 패션뷰티크리에이션학과,O050011,네일기초,엄단비,A,전선,Y,,,20262515506O050011A,O050|[O050] 패션뷰티크리에이션학과
O050,[O050] 패션뷰티크리에이션학과,O050011,네일기초,엄단비,B,전선,Y,,,20262515506O050011B,O050|[O050] 패션뷰티크리에이션학과
O050,[O050] 패션뷰티크리에이션학과,O050012,패션문화사,이나현,A,전선,Y,교수자 작성 교안,"- 서양패션 멀티콘텐츠 (2010). 김민자 외 5인, (주)교문사
- 현대 패션 100년 (2006). 금기숙 외 9인, (주)교문사
- 패션을 뒤바꾼 아이디어 100 (2012). 해리엇 워슬리, SEEDPOST
- 패션, 문화를 말하다 (2011). 이재정, 박신미, 예경",20262516471O050012A,O050|[O050] 패션뷰티크리에이션학과
O050,[O050] 패션뷰티크리에이션학과,O050013,패션소재분석,장재연,A,전선,Y,"?김은애 외, 패션 텍스타일, 교문사, 개정판
?박정희 외, 의류소재, 교문사, 개정판
?김정규, 박정희, 패션소재기획, 교문사, 개정판","?김은애 외, 패션소재기획과 정보, 교문사, 개정판
?송화순 외, 텍스타일, 교문사, 개정판 
?정인희, 조윤진, 패션을 위한 소재기획 워크북, 교문사, 개정판
?박송애, 서은경, 패션 포트폴리오-패션의 시각적 표현, 경춘사
?엄소희 외, 패션상품 디자인 기획, 교문사, 개정판
?오경화 외, 패션 커넥션, 교문사
?고은주 외, 지속가능 패션 브랜드 마케팅",20262515646O050013A,O050|[O050] 패션뷰티크리에이션학과
O050,[O050] 패션뷰티크리에이션학과,O050014,패션상품메이킹2,김영신,A,전선,Y,유인물,"의복구성 1(스커트?블라우스 편), 김효숙?이소영 공저, 와이북
기초패턴디자인, 임지영 저, 교학연구사
여성복 패턴설계[수정판], 김인철 저, 교학연구사",20262516435O050014A,O050|[O050] 패션뷰티크리에이션학과
O050,[O050] 패션뷰티크리에이션학과,O050014,패션상품메이킹2,김영신,B,전선,Y,유인물,"의복구성 1(스커트?블라우스 편), 김효숙?이소영 공저, 와이북
기초패턴디자인, 임지영 저, 교학연구사
여성복 패턴설계[수정판], 김인철 저, 교학연구사",20262516435O050014B,O050|[O050] 패션뷰티크리에이션학과
O050,[O050] 패션뷰티크리에이션학과,O050015,코스메틱 VMD,"이주형,배이진",A,전선,Y,-,-,20262515561O050015A,O050|[O050] 패션뷰티크리에이션학과
O050,[O050] 패션뷰티크리에이션학과,O050015,코스메틱 VMD,"이주형,배이진",B,전선,Y,-,-,20262515561O050015B,O050|[O050] 패션뷰티크리에이션학과
O060,[O060] SW융합학과,O060001,SW융합 개론,장경배,A,전기,Y,소프트웨어와 컴퓨팅 사고,-,20262110952O060001A,O060|[O060] SW융합학과
O060,[O060] SW융합학과,O060010,머신러닝,석병진,A,전필,Y,교수자 강의자료,An Introduction to Statistical Learning with applications in Python,20262110923O060010A,O060|[O060] SW융합학과
O060,[O060] SW융합학과,O060011,자료구조 및 알고리즘,박명서,A,전필,Y,"알기쉬운 알고리즘(양성봉, 생능출판)","Algorithms Unlocked (Thomas H. Cormen) / 알고리즘 비밀의 문을 열다(토마스코멘, 최광민 번역)",20262110880O060011A,O060|[O060] SW융합학과
O060,[O060] SW융합학과,O060012,리눅스 시스템,박명서,A,전선,Y,"리눅스 시스템 원리와 실제 (생능출판, 병모)","리눅스 시스템 기초 및 실습 (리눅스 프로그래밍 입문을 위한) (21세기사, 임성락)",20262110880O060012A,O060|[O060] SW융합학과
O070,[O070] 글로벌벤처창업학과,O070002,창의적 문제 발견과 아이디어 발굴,노광현,A,전필,Y,없음,없음,20262110596O070002A,O070|[O070] 글로벌벤처창업학과
P012,[P012] 영미언어정보트랙,CTH0026,영어 시스템의 이해,"박종언,홍승진",A,전기,Y,유인물,수업 중 안내,20262110836CTH0026A,P012|[P012] 영미언어정보트랙
P012,[P012] 영미언어정보트랙,CTH0026,영어 시스템의 이해,"박종언,홍승진",N,전기,Y,유인물,수업 중 안내,20262110836CTH0026N,P012|[P012] 영미언어정보트랙
P012,[P012] 영미언어정보트랙,P010129,Job English,투랄리자,A,전선,Y,No need to buy any textbooks. I will upload all learning materials and made them available for downloading in the appropriate weekly folders of the E-class.,I will make them available in the E-class weekly folders.,20262110558P010129A,P012|[P012] 영미언어정보트랙;P01B|[P01B] 영미문화콘텐츠트랙;A040|[A040] 영어영문학부
P012,[P012] 영미언어정보트랙,P010129,Job English,투랄리자,N,전선,Y,No need to buy any textbooks. I will upload all learning materials and made them available for downloading in the appropriate weekly folders of the E-class.,I will make them available in the E-class weekly folders.,20262110558P010129N,P012|[P012] 영미언어정보트랙;P01B|[P01B] 영미문화콘텐츠트랙;A040|[A040] 영어영문학부
P012,[P012] 영미언어정보트랙,P010146,English Pronunciation,이연섭,7,전선,Y,Lecture slides and handouts,TBA,20262516304P0101467,P012|[P012] 영미언어정보트랙;A040|[A040] 영어영문학부
P012,[P012] 영미언어정보트랙,P010153,영어 구문 해석 Ⅱ,이종은,7,전선,Y,Reading Materials,X,20262110696P0101537,P012|[P012] 영미언어정보트랙
P012,[P012] 영미언어정보트랙,P010154,영한 번역,현일선,7,전선,Y,(필참서-본교재와 복사물) (1) 번역의 탄생 (이희재 지음) (2) 학교 복사실에 수업 중 필요한 활동지 중심의 핸드아웃 묶음을 구입할 수 있음 (추후 공지),"(1) 초급번역패턴 500+플러스 (현재 절판되었으므로 필요부분만 e-book/종이북으로 학교 도서관에서 대출하여 복사 가능)
(2) AI번역과 한국어 (남영자) 
(3) 번역의 모험(이희재 지음)",20262110793P0101547,P012|[P012] 영미언어정보트랙;A040|[A040] 영어영문학부
P012,[P012] 영미언어정보트랙,P010179,영미콘텐츠 독해번역,정다운,7,전선,Y,리딩 자료 e-class 업로드 예정,관련 동영상 시청,20262516448P0101797,P012|[P012] 영미언어정보트랙;P01B|[P01B] 영미문화콘텐츠트랙;A040|[A040] 영어영문학부
P012,[P012] 영미언어정보트랙,P010182,English Conversation Ⅱ,투랄리자,A,전선,Y,"Evolve 5 or Evolve 5B, if available. Both are acceptable. Cambridge University Press.",All additional learning material will be provided by the instructor and made available in the weekly folders of E-class.,20262110558P010182A,P012|[P012] 영미언어정보트랙;P01B|[P01B] 영미문화콘텐츠트랙
P012,[P012] 영미언어정보트랙,P010182,English Conversation Ⅱ,투랄리자,N,전선,Y,"Evolve 5 or Evolve 5B, if available. Both are acceptable. Cambridge University Press.",All additional learning material will be provided by the instructor and made available in the weekly folders of E-class.,20262110558P010182N,P012|[P012] 영미언어정보트랙;P01B|[P01B] 영미문화콘텐츠트랙
P012,[P012] 영미언어정보트랙,P010187,실용영어청취,투랄리자,A,전선,Y,"Unlock 4, Listening, Speaking and Critical Thinking. Cambridge University Press,",All additional materials will be provided by the instructor and uploaded in the weekly folders or E-class.,20262110558P010187A,P012|[P012] 영미언어정보트랙;P01B|[P01B] 영미문화콘텐츠트랙
P012,[P012] 영미언어정보트랙,P010187,실용영어청취,투랄리자,N,전선,Y,"Unlock 4, Listening, Speaking and Critical Thinking. Cambridge University Press,",All additional materials will be provided by the instructor and uploaded in the weekly folders or E-class.,20262110558P010187N,P012|[P012] 영미언어정보트랙;P01B|[P01B] 영미문화콘텐츠트랙
P012,[P012] 영미언어정보트랙,P010189,영어 대화 분석 캡스톤디자인,홍승진,A,전선,Y,실험언어학 (이성범외 3인 공저) 박이정 출판,수업 전이나 수업 중 부가 강의자료 제공 예정임.,20262110936P010189A,P012|[P012] 영미언어정보트랙;A040|[A040] 영어영문학부
P012,[P012] 영미언어정보트랙,P010189,영어 대화 분석 캡스톤디자인,홍승진,N,전선,Y,실험언어학 (이성범외 3인 공저) 박이정 출판,수업 전이나 수업 중 부가 강의자료 제공 예정임.,20262110936P010189N,P012|[P012] 영미언어정보트랙;A040|[A040] 영어영문학부
P012,[P012] 영미언어정보트랙,P012012,실용영문법 Ⅱ,홍승진,A,전필,Y,Practical Grammar Level 2 (by John Hughes & Ceri Jones),없음,20262110936P012012A,P012|[P012] 영미언어정보트랙;A040|[A040] 영어영문학부
P012,[P012] 영미언어정보트랙,P012012,실용영문법 Ⅱ,홍승진,N,전필,Y,Practical Grammar Level 2 (by John Hughes & Ceri Jones),없음,20262110936P012012N,P012|[P012] 영미언어정보트랙;A040|[A040] 영어영문학부
P012,[P012] 영미언어정보트랙,P012019,English Sentence Analysis,박종언,7,전필,Y,"Carnie, Andrew (2013) Syntax: A Generative Introduction (3rd ed.). Malden, MA: Blackwell Publishing.",수업 중 안내,20262110836P0120197,P012|[P012] 영미언어정보트랙
P012,[P012] 영미언어정보트랙,P012020,영어의 화용과 은유,이연섭,A,전필,Y,Lecture slides and handouts,TBA,20262516304P012020A,P012|[P012] 영미언어정보트랙
P012,[P012] 영미언어정보트랙,P012020,영어의 화용과 은유,이연섭,N,전필,Y,Lecture slides and handouts,TBA,20262516304P012020N,P012|[P012] 영미언어정보트랙
P012,[P012] 영미언어정보트랙,R010076,무역영어,최원석,A,전선,Y,"이신규, 무역영어(개정 4판), 두남(2020)","[참고문헌] 허재창, JUMP 무역영어(제 2판), 삼영사(2020)
[참고문헌] 조영정, 표준 무역영어(제 3판), 박영사(2020)",20262110815R010076A,P012|[P012] 영미언어정보트랙;R011|[R011] 국제무역트랙;D121|[D121] 무역학과
P012,[P012] 영미언어정보트랙,R010076,무역영어,최원석,N,전선,Y,"이신규, 무역영어(개정 4판), 두남(2020)","[참고문헌] 허재창, JUMP 무역영어(제 2판), 삼영사(2020)
[참고문헌] 조영정, 표준 무역영어(제 3판), 박영사(2020)",20262110815R010076N,P012|[P012] 영미언어정보트랙;R011|[R011] 국제무역트랙;D121|[D121] 무역학과
P013,[P013] 한국어교육트랙,CTH0027,한국어교육의 이해,김윤주,A,전기,Y,추후공지,추후공지,20262110753CTH0027A,P013|[P013] 한국어교육트랙;A071|[A071] 국어국문전공
P013,[P013] 한국어교육트랙,P010116,한국어교육실습,노정은,7,전선,Y,없음,없음,20262110786P0101167,P013|[P013] 한국어교육트랙;A071|[A071] 국어국문전공
P013,[P013] 한국어교육트랙,P010124,한국어 이해교육의 원리와 실제,김윤주,7,전선,Y,"① 강현화 외(2021), 한국어 이해 교육론, 한국문화사.","② 학습자 대상별, 목적별, 기관별, 지역별 실제 한국어 교재",20262110753P0101247,P013|[P013] 한국어교육트랙;A071|[A071] 국어국문전공
P013,[P013] 한국어교육트랙,P010125,한국어 교수법의 이해와 적용,김윤주,7,전선,Y,추후공지,교수법 관련 시범 수업 동영상 및 관련 외국 문헌,20262110753P0101257,P013|[P013] 한국어교육트랙;A071|[A071] 국어국문전공
P013,[P013] 한국어교육트랙,P010162,한국 문화의 이해,김희경,7,전선,Y,"김희경,정영미(2026), 한국문화의 이해, 브살렐출판사","이성희(2015), 한국문화 어떻게 가르칠 것인가-이론과 실제, (주)박이정
임경순(2009), (한국어문화교육의 위한)한국문화의 이해, 한국외국대학교출판부
박영순(2006), 한국어교육을 위한 한국문화론, 한림출판사",20262512532P0101627,P013|[P013] 한국어교육트랙;A071|[A071] 국어국문전공
P013,[P013] 한국어교육트랙,P013010,한국어 문법교육의 원리와 실제,허유경,7,전필,Y,"방성원 외(2021), 한국어문법교육론","국립국어원(2005), 외국인을 위한 한국어 문법 1, 2. 커뮤니케이션북。 그 외의 필요한 논문 및 자료는 주차별로 e-class에 제시함.",20262512769P0130107,P013|[P013] 한국어교육트랙;A071|[A071] 국어국문전공
P013,[P013] 한국어교육트랙,P013011,한국어 교재 연구,노정은,7,전필,Y,없음,없음,20262110786P0130117,P013|[P013] 한국어교육트랙;A071|[A071] 국어국문전공
P013,[P013] 한국어교육트랙,P013015,한국어 문법의 이해,이은희,7,전필,Y,"남기심, 고영근(2019), 표준국어문법론, 한국문화사.","국립국어원(2005), 외국인을 위한 한국어문법1, 커뮤니케이션북스.",20262110128P0130157,P013|[P013] 한국어교육트랙;A071|[A071] 국어국문전공
P018,[P018] 디지털인문정보학트랙,CTH0016,디지털과 지식콘텐츠,"정경희,이호신",A,전기,Y,E-Class를 통해 수업주차별 참고문헌 제공,"디지털인문학 입문. 김현, 임영상, 김바로. HUE Books, 2016 
디지털인문학의 이해. 문상호, 강지훈, 이동열. 예담, 2016. 
매체의 역사 읽기. 안드레아스 뵌, 안드레아스 자이들러. 이상훈, 황승환(역). 문학과지성사, 2020. 등",20262110724CTH0016A,P018|[P018] 디지털인문정보학트랙;A072|[A072] 문헌정보전공
P018,[P018] 디지털인문정보학트랙,CTH0016,디지털과 지식콘텐츠,"정경희,이호신",N,전기,Y,E-Class를 통해 수업주차별 참고문헌 제공,"디지털인문학 입문. 김현, 임영상, 김바로. HUE Books, 2016 
디지털인문학의 이해. 문상호, 강지훈, 이동열. 예담, 2016. 
매체의 역사 읽기. 안드레아스 뵌, 안드레아스 자이들러. 이상훈, 황승환(역). 문학과지성사, 2020. 등",20262110724CTH0016N,P018|[P018] 디지털인문정보학트랙;A072|[A072] 문헌정보전공
P018,[P018] 디지털인문정보학트랙,P010055,문화콘텐츠와 저작권,정경희,A,전선,Y,"정경희, 이호신. 2023. 도서관과 사서를 저작권법. 한울 아카데미. 전면개정판","정경희, 이호신. 2018. 사례로 보는 도서관 저작권. 한울 아카데미.
오승종. 2024. 저작권법. 박영사.",20262110609P010055A,P018|[P018] 디지털인문정보학트랙;P01C|[P01C] 지식정보문화트랙;A072|[A072] 문헌정보전공
P018,[P018] 디지털인문정보학트랙,P010055,문화콘텐츠와 저작권,정경희,N,전선,Y,"정경희, 이호신. 2023. 도서관과 사서를 저작권법. 한울 아카데미. 전면개정판","정경희, 이호신. 2018. 사례로 보는 도서관 저작권. 한울 아카데미.
오승종. 2024. 저작권법. 박영사.",20262110609P010055N,P018|[P018] 디지털인문정보학트랙;P01C|[P01C] 지식정보문화트랙;A072|[A072] 문헌정보전공
P018,[P018] 디지털인문정보학트랙,P010060,기록관리의 이해,이호신,A,전선,Y,수업 중 E-Class를 통해 게시 예정,"한국기록관리학회(2018), 기록관리의 이론과 실제 (서울: 조은글터)
James O'Toole 저, 이승억 역.(2004) 기록의 이해  (서울 : 진리탐구)
랜달 C. 지머슨 지음. 민주화운동기념사업회 옮김.(2016) 기록의 힘 : 기억, 설명책임성, 사회정의. (서울 : 민주화운동기념사업회)
설문원(2021). 기록학의 지평 (서울 : 조은글터)",20262110724P010060A,P018|[P018] 디지털인문정보학트랙;P01C|[P01C] 지식정보문화트랙;A072|[A072] 문헌정보전공
P018,[P018] 디지털인문정보학트랙,P010060,기록관리의 이해,이호신,N,전선,Y,수업 중 E-Class를 통해 게시 예정,"한국기록관리학회(2018), 기록관리의 이론과 실제 (서울: 조은글터)
James O'Toole 저, 이승억 역.(2004) 기록의 이해  (서울 : 진리탐구)
랜달 C. 지머슨 지음. 민주화운동기념사업회 옮김.(2016) 기록의 힘 : 기억, 설명책임성, 사회정의. (서울 : 민주화운동기념사업회)
설문원(2021). 기록학의 지평 (서울 : 조은글터)",20262110724P010060N,P018|[P018] 디지털인문정보학트랙;P01C|[P01C] 지식정보문화트랙;A072|[A072] 문헌정보전공
P018,[P018] 디지털인문정보학트랙,P010092,소셜데이터의 이해,박진호,7,전선,Y,교수자 제공,"Head First Data Analysis: A Learner's Guide to Big Numbers, Statistics, and Good Decisions | Milton, Michael | O'Reilly Media | 2009년 08월 03일
엑셀을 활용한 데이터 과학 실무 입문 웹 크롤링부터 데이터 분석, 시각화와 머신러닝 구현까지 | 김보겸",20262110847P0100927,P018|[P018] 디지털인문정보학트랙;P01C|[P01C] 지식정보문화트랙;A072|[A072] 문헌정보전공
P018,[P018] 디지털인문정보학트랙,P010143,카테고리와 태그,박지영,A,전선,Y,듀이십진분류법(웹듀이) 및 수업시간 배부자료 (웹듀이 접속 정보는 수업시간에 안내),수업시간에 안내,20262110642P010143A,P018|[P018] 디지털인문정보학트랙;P01C|[P01C] 지식정보문화트랙;A072|[A072] 문헌정보전공
P018,[P018] 디지털인문정보학트랙,P010143,카테고리와 태그,박지영,N,전선,Y,듀이십진분류법(웹듀이) 및 수업시간 배부자료 (웹듀이 접속 정보는 수업시간에 안내),수업시간에 안내,20262110642P010143N,P018|[P018] 디지털인문정보학트랙;P01C|[P01C] 지식정보문화트랙;A072|[A072] 문헌정보전공
P018,[P018] 디지털인문정보학트랙,P010165,공동체 아카이빙,이기영,N,전선,Y,PPT 자료,"1. 일상아카이브의 발견. 명지대학교 인간과기록연구단 편. 2012. 
2. 도시아카이브:창조적 도시재생을 위한 장소의 기록과 기억의 재구성. 권상구, 류태희, 방태곤, 정유진, 우치현, 차상훈, 최영준, 오피스아키텍톤, 국토연구원 도시재생지원센터, 세계도시정보. 2014. 
3. 마을공동체 기록관리 메뉴얼 사례집. 서울시NPOO지원센터.",20262516289P010165N,P018|[P018] 디지털인문정보학트랙;P01C|[P01C] 지식정보문화트랙
P018,[P018] 디지털인문정보학트랙,P010165,공동체 아카이빙,정경희,A,전선,Y,PPT 자료,"1. 일상아카이브의 발견. 명지대학교 인간과기록연구단 편. 2012.
2. 도시아카이브 : 창조적 도시재생을 위한 장소의 기록과 기억의 재구성. 권상구, 류태희, 방태곤, 정유진, 우지현, 차상훈, 최영준, 오피스아키텍톤, 국토연구원 도시재생지원센터, 세계도시정보, 2014년, 
3. 마을공동체 기록관리 매뉴얼 사례집. 서울시 NPO지원센터.",20262110609P010165A,P018|[P018] 디지털인문정보학트랙;P01C|[P01C] 지식정보문화트랙
P018,[P018] 디지털인문정보학트랙,P010167,프로그램 기획과 평가,박성재,A,전선,Y,"Frechtling, Joy A. (2012). 프로그램 평가와 로직모델 (지은구, 장현숙, 정효미 역). 서울: 학지사.","Enhancing program performance with logic models. University of Wisconsin-Extension, Feb. 2003. (EPPLM) Penna, R. M., & Phillips, W. J. (2016). 비영리를 위한 아웃컴 핸드북 (아름다운재단 역). 경기: 나남.",20262110654P010167A,P018|[P018] 디지털인문정보학트랙;P01C|[P01C] 지식정보문화트랙;A072|[A072] 문헌정보전공
P018,[P018] 디지털인문정보학트랙,P010167,프로그램 기획과 평가,박성재,N,전선,Y,"Frechtling, Joy A. (2012). 프로그램 평가와 로직모델 (지은구, 장현숙, 정효미 역). 서울: 학지사.","Enhancing program performance with logic models. University of Wisconsin-Extension, Feb. 2003. (EPPLM) Penna, R. M., & Phillips, W. J. (2016). 비영리를 위한 아웃컴 핸드북 (아름다운재단 역). 경기: 나남.",20262110654P010167N,P018|[P018] 디지털인문정보학트랙;P01C|[P01C] 지식정보문화트랙;A072|[A072] 문헌정보전공
P018,[P018] 디지털인문정보학트랙,P010168,정보검색의 이해,박진호,7,전선,Y,교수자 제공,해당없음,20262110847P0101687,P018|[P018] 디지털인문정보학트랙;P01C|[P01C] 지식정보문화트랙;A072|[A072] 문헌정보전공
P018,[P018] 디지털인문정보학트랙,P010169,정보시스템 설계와 평가,이고은,A,전선,Y,"최은만. (SW 개발의 첫걸음) 시스템 분석 설계 with 애자일. 경기도: 생능출판, 2021.","이정수. 도서관정보시스템 강의. 유페이퍼 김우주, 백동현, 서우종, 서창교. 경영정보시스템. 시그마프레스.",20262516177P010169A,P018|[P018] 디지털인문정보학트랙;P01C|[P01C] 지식정보문화트랙;A072|[A072] 문헌정보전공
P018,[P018] 디지털인문정보학트랙,P010169,정보시스템 설계와 평가,이고은,N,전선,Y,"최은만. (SW 개발의 첫걸음) 시스템 분석 설계 with 애자일. 경기도: 생능출판, 2021.","이정수. 도서관정보시스템 강의. 유페이퍼 김우주, 백동현, 서우종, 서창교. 경영정보시스템. 시그마프레스.",20262516177P010169N,P018|[P018] 디지털인문정보학트랙;P01C|[P01C] 지식정보문화트랙;A072|[A072] 문헌정보전공
P018,[P018] 디지털인문정보학트랙,P010170,어린이청소년 북 큐레이션,김현숙,A,전선,Y,없음,없음,20262515907P010170A,P018|[P018] 디지털인문정보학트랙;P01C|[P01C] 지식정보문화트랙;A072|[A072] 문헌정보전공
P018,[P018] 디지털인문정보학트랙,P010170,어린이청소년 북 큐레이션,김현숙,N,전선,Y,없음,없음,20262515907P010170N,P018|[P018] 디지털인문정보학트랙;P01C|[P01C] 지식정보문화트랙;A072|[A072] 문헌정보전공
P018,[P018] 디지털인문정보학트랙,P018004,메타데이터의 이해,한상은,A,전필,Y,"Zeng, Marcia Lei & Jian Qin. 2022. Metadata. 3rd edition. ALA Neal-Schuman.","노영희. 2014. 『메타데이터 이론과 실제』. 조은글터
오동근. 2004. 『메타데이터의 이해』. Priscilla Caplan 저. 태일사.
남태우, 이승민. 2018. 『정보자원의 기술과 메타데이터』. 개정판, 한국도서관협회.
Jeffry Poerantz. 2019. 『메타데이터』. 전주범 역. 한울.
Gartner, Richard. 2016. Met",20262515641P018004A,P018|[P018] 디지털인문정보학트랙;A072|[A072] 문헌정보전공
P018,[P018] 디지털인문정보학트랙,P018004,메타데이터의 이해,한상은,N,전필,Y,"Zeng, Marcia Lei & Jian Qin. 2022. Metadata. 3rd edition. ALA Neal-Schuman.","노영희. 2014. 『메타데이터 이론과 실제』. 조은글터
오동근. 2004. 『메타데이터의 이해』. Priscilla Caplan 저. 태일사.
남태우, 이승민. 2018. 『정보자원의 기술과 메타데이터』. 개정판, 한국도서관협회.
Jeffry Poerantz. 2019. 『메타데이터』. 전주범 역. 한울.
Gartner, Richard. 2016. Met",20262515641P018004N,P018|[P018] 디지털인문정보학트랙;A072|[A072] 문헌정보전공
P018,[P018] 디지털인문정보학트랙,P018018,디지털 자원 큐레이션,도슬기,A,전필,Y,"서은경, 최상희, 박희진, 윤소영 (2023).디지털 보존에서 디지털 큐레이션으로. 조은글터","Stacy T. Kowalczyk(2018). Digital Curation for Libraries and Archives, Libraries Limited. Edward M. Corrado & Heather Moulaison Sandy(2018) Digital Preservation for Libraries, Archives, and Museums?",20262110889P018018A,P018|[P018] 디지털인문정보학트랙;T02B|[T02B] 미디어디자인트랙;A072|[A072] 문헌정보전공
P018,[P018] 디지털인문정보학트랙,P018018,디지털 자원 큐레이션,도슬기,N,전필,Y,"서은경, 최상희, 박희진, 윤소영 (2023).디지털 보존에서 디지털 큐레이션으로. 조은글터","Stacy T. Kowalczyk(2018). Digital Curation for Libraries and Archives, Libraries Limited. Edward M. Corrado & Heather Moulaison Sandy(2018) Digital Preservation for Libraries, Archives, and Museums?",20262110889P018018N,P018|[P018] 디지털인문정보학트랙;T02B|[T02B] 미디어디자인트랙;A072|[A072] 문헌정보전공
P018,[P018] 디지털인문정보학트랙,P018019,문화자원 데이터 리터러시,도슬기,7,전필,Y,없음. 필요시 수업 시간에 PPT 자료 제공,e-Class에 주차별 보조 학습자료 게시,20262110889P0180197,P018|[P018] 디지털인문정보학트랙;A072|[A072] 문헌정보전공
P019,[P019] 역사문화큐레이션트랙,CTH0022,역사문화 큐레이션의 이해,윤성호,A,전기,Y,수업 중 e-class를 통하여 강의 자료 제공.,수업 중 필요시 안내,20262110837CTH0022A,P019|[P019] 역사문화큐레이션트랙;A050|[A050] 역사문화학부
P019,[P019] 역사문화큐레이션트랙,CTH0022,역사문화 큐레이션의 이해,윤성호,N,전기,Y,수업 중 e-class를 통하여 강의 자료 제공.,수업 중 필요시 안내,20262110837CTH0022N,P019|[P019] 역사문화큐레이션트랙;A050|[A050] 역사문화학부
P019,[P019] 역사문화큐레이션트랙,P010158,중국고대문명의 탄생,박근칠,A,전선,Y,한국인을 위한 중국사,순간과 영원,20262110131P010158A,P019|[P019] 역사문화큐레이션트랙;P01A|[P01A] 역사콘텐츠트랙;A050|[A050] 역사문화학부
P019,[P019] 역사문화큐레이션트랙,P010158,중국고대문명의 탄생,박근칠,N,전선,Y,한국인을 위한 중국사,순간과 영원,20262110131P010158N,P019|[P019] 역사문화큐레이션트랙;P01A|[P01A] 역사콘텐츠트랙;A050|[A050] 역사문화학부
P019,[P019] 역사문화큐레이션트랙,P010161,서양 고전 읽기,박효근,7,전선,Y,"1. 호메로스, 천병희 역, 오디세이아, 숲, 2015. 
2. 다니엘 디포, 류경희 역, 로빈슨크루소, 열린책들, 2011. 
3. 생텍쥐베리, 용경식 역, 야간비행, 문학동네, 2018.",수업교안 참고,20262513220P0101617,P019|[P019] 역사문화큐레이션트랙;P01A|[P01A] 역사콘텐츠트랙;A050|[A050] 역사문화학부
P019,[P019] 역사문화큐레이션트랙,P010178,르네상스와 종교개혁,박효근,A,전선,Y,"수업교안 배포, 
특정 교재를 사용하지 않음.",수업교안 참고,20262513220P010178A,P019|[P019] 역사문화큐레이션트랙;P01A|[P01A] 역사콘텐츠트랙;A050|[A050] 역사문화학부
P019,[P019] 역사문화큐레이션트랙,P010178,르네상스와 종교개혁,박효근,N,전선,Y,"수업교안 배포, 
특정 교재를 사용하지 않음.",수업교안 참고,20262513220P010178N,P019|[P019] 역사문화큐레이션트랙;P01A|[P01A] 역사콘텐츠트랙;A050|[A050] 역사문화학부
P019,[P019] 역사문화큐레이션트랙,P010180,"문화유산 전시, 기획 실습 종합설계",윤성호,7,전선,Y,기초 이론 PPT 자료 제공,수업 중 필요한 경우 안내 예정,20262110837P0101807,P019|[P019] 역사문화큐레이션트랙;P01A|[P01A] 역사콘텐츠트랙;A050|[A050] 역사문화학부
P019,[P019] 역사문화큐레이션트랙,P010186,테마로 보는 일본 역사 문화,김성현,A,전선,Y,없음,"일본사학회, 2011년,『아틀라스 일본사』, 사계절
(일본)역사교육자협의회편, 2005년,『동아시아 역사와 일본』, 동아시아
심경호 외, 2010년,『일본을 강하게 만든 코드 16』개정판, 나무와숲
김현경 외, 2024,『일본사 시민강좌』, 연립서가",20262515967P010186A,P019|[P019] 역사문화큐레이션트랙;P01A|[P01A] 역사콘텐츠트랙;A050|[A050] 역사문화학부
P019,[P019] 역사문화큐레이션트랙,P010186,테마로 보는 일본 역사 문화,김성현,N,전선,Y,없음,"일본사학회, 2011년,『아틀라스 일본사』, 사계절
(일본)역사교육자협의회편, 2005년,『동아시아 역사와 일본』, 동아시아
심경호 외, 2010년,『일본을 강하게 만든 코드 16』개정판, 나무와숲
김현경 외, 2024,『일본사 시민강좌』, 연립서가",20262515967P010186N,P019|[P019] 역사문화큐레이션트랙;P01A|[P01A] 역사콘텐츠트랙;A050|[A050] 역사문화학부
P019,[P019] 역사문화큐레이션트랙,P019002,한국 근현대의 라이벌,유상수,7,전필,Y,없음,수업 전 수업자료 제공,20262513556P0190027,P019|[P019] 역사문화큐레이션트랙;P01A|[P01A] 역사콘텐츠트랙;A050|[A050] 역사문화학부
P019,[P019] 역사문화큐레이션트랙,P019004,"21세기의 여명, 서양근대",신정훈,A,전필,Y,이클래스 업로드 자료,"박윤덕 외, 『개정증보판 서양사 강좌』, 아카넷 2022. 차하순, 『새로 쓴 서양사 총론』 1·2, 탐구당, 2000. 이영효 외, 『사료로 읽는 서양사』 4, 책과 함께, 2015. 노경덕 외, 『사료로 읽는 서양사』 5, 책과 함께, 2022.",20262516351P019004A,P019|[P019] 역사문화큐레이션트랙;A050|[A050] 역사문화학부
P019,[P019] 역사문화큐레이션트랙,P019004,"21세기의 여명, 서양근대",신정훈,N,전필,Y,이클래스 업로드 자료,"박윤덕 외, 『개정증보판 서양사 강좌』, 아카넷 2022. 차하순, 『새로 쓴 서양사 총론』 1·2, 탐구당, 2000. 이영효 외, 『사료로 읽는 서양사』 4, 책과 함께, 2015. 노경덕 외, 『사료로 읽는 서양사』 5, 책과 함께, 2022.",20262516351P019004N,P019|[P019] 역사문화큐레이션트랙;A050|[A050] 역사문화학부
P019,[P019] 역사문화큐레이션트랙,P019006,역사 큐레이션 실습 종합설계,윤성호,7,전필,Y,수업 중 안내,수업 중 안내,20262110837P0190067,P019|[P019] 역사문화큐레이션트랙;A050|[A050] 역사문화학부
P01A,[P01A] 역사콘텐츠트랙,CTH0023,역사콘텐츠의 이해,이재석,A,전기,Y,없음,없음,20262110645CTH0023A,P01A|[P01A] 역사콘텐츠트랙;A050|[A050] 역사문화학부
P01A,[P01A] 역사콘텐츠트랙,CTH0023,역사콘텐츠의 이해,이재석,N,전기,Y,없음,없음,20262110645CTH0023N,P01A|[P01A] 역사콘텐츠트랙;A050|[A050] 역사문화학부
P01A,[P01A] 역사콘텐츠트랙,P010183,"역사콘텐츠 기획, 제작 실습",박수진,A,전선,Y,없음,없음,20262515042P010183A,P01A|[P01A] 역사콘텐츠트랙;A050|[A050] 역사문화학부
P01A,[P01A] 역사콘텐츠트랙,P010183,"역사콘텐츠 기획, 제작 실습",박수진,N,전선,Y,없음,없음,20262515042P010183N,P01A|[P01A] 역사콘텐츠트랙;A050|[A050] 역사문화학부
P01A,[P01A] 역사콘텐츠트랙,P01A002,현대 일본의 어제와 오늘,이재석,A,전필,Y,별도 소개,없음,20262110645P01A002A,P01A|[P01A] 역사콘텐츠트랙;A050|[A050] 역사문화학부
P01A,[P01A] 역사콘텐츠트랙,P01A002,현대 일본의 어제와 오늘,이재석,N,전필,Y,별도 소개,없음,20262110645P01A002N,P01A|[P01A] 역사콘텐츠트랙;A050|[A050] 역사문화학부
P01A,[P01A] 역사콘텐츠트랙,P01A005,역사 다큐멘터리 제작하기,강성봉,A,전필,Y,"kbs역사스페셜, 한국사전, ebs다큐프라임 등의 영상 활용 /  알랜 로젠탈의 《다큐멘터리 제작론》, 커뮤니케이션북스, 2002","발표 주제 관련 도서와 논문, 다큐멘터리, 유튜브 등",20262514666P01A005A,P01A|[P01A] 역사콘텐츠트랙;A050|[A050] 역사문화학부
P01A,[P01A] 역사콘텐츠트랙,P01A005,역사 다큐멘터리 제작하기,강성봉,N,전필,Y,"kbs역사스페셜, 한국사전, ebs다큐므라임 등의 영상 활용 / 알랜 로젠탈의 <다큐멘터리 제작론>, 커뮤티케이션북스, 2002","발표 주베 관련 도서와 논문, 다큐멘터리, 유튜브 등",20262514666P01A005N,P01A|[P01A] 역사콘텐츠트랙;A050|[A050] 역사문화학부
P01A,[P01A] 역사콘텐츠트랙,P01A009,지역사와 콘텐츠 개발 종합설계,강성봉,A,전필,Y,"지역n문화 싸이트, 성북마을아카이브, 한국사데이터베이스",없음,20262514666P01A009A,P01A|[P01A] 역사콘텐츠트랙;A050|[A050] 역사문화학부
P01A,[P01A] 역사콘텐츠트랙,P01A009,지역사와 콘텐츠 개발 종합설계,강성봉,N,전필,Y,"지역n문화, 성북마을아카이브, 한국사데이터베이스 홈페이지",없음.,20262514666P01A009N,P01A|[P01A] 역사콘텐츠트랙;A050|[A050] 역사문화학부
P01B,[P01B] 영미문화콘텐츠트랙,CTH0025,영화로 읽는 영미문화콘텐츠,정다운,A,전기,Y,리딩 자료 e-class 업로드 예정,해당 영화 자료,20262516448CTH0025A,P01B|[P01B] 영미문화콘텐츠트랙
P01B,[P01B] 영미문화콘텐츠트랙,CTH0025,영화로 읽는 영미문화콘텐츠,정다운,N,전기,Y,리딩 자료 e-class 업로드 예정,해당 영화 자료,20262516448CTH0025N,P01B|[P01B] 영미문화콘텐츠트랙
P01B,[P01B] 영미문화콘텐츠트랙,P010149,영미문화 스토리텔링,황정현,7,전선,Y,이클래스 다운로드,"『마녀프레임』 (이택광, 2013)",20262110770P0101497,P01B|[P01B] 영미문화콘텐츠트랙;A040|[A040] 영어영문학부
P01B,[P01B] 영미문화콘텐츠트랙,P010171,영미콘텐츠와 미디어,황정현,7,전선,Y,(1) 편집된 교재는 e-class에서 다운로드; (2) 원서 온라인서점 개별 구매,"Isaac Asimov, I, Robot (1950: Bantam); Kazuo Ishiguro, Never Let Me Go (2005: Vintage); J. K. Rowling, Harry Potter and the Sorcerer’s Stone (1997: Scholastic); C. S. Lewis, The Chronicles of Narnia",20262110770P0101717,P01B|[P01B] 영미문화콘텐츠트랙;A040|[A040] 영어영문학부
P01B,[P01B] 영미문화콘텐츠트랙,P010188,세미나: 할리우드영화와 미국문화연구,황정현,7,전선,Y,이클래스 다운로드,"Hollywood’s America: Understanding History Through Film (Mintz et al., Wiley-Blackwell, 2016)",20262110770P0101887,P01B|[P01B] 영미문화콘텐츠트랙;A040|[A040] 영어영문학부
P01B,[P01B] 영미문화콘텐츠트랙,P01B002,현대영미희곡과 대중문화,서영윤,A,전필,Y,개강 전에 e-class 공지사항에 교재 파일을 올릴 예정임,"Styan, J.L. Modern drama in theory and practice 1,2,3.외 다수이며, 개강일에 자세히 고지할 것임.",20262516495P01B002A,P01B|[P01B] 영미문화콘텐츠트랙;A040|[A040] 영어영문학부
P01B,[P01B] 영미문화콘텐츠트랙,P01B002,현대영미희곡과 대중문화,서영윤,N,전필,Y,개강 전에 e-class 공지사항에 교재 파일을 올릴 예정임,"Styan, J.L. Modern drama in theory and practice 1,2,3.외 다수이며, 개강일에 자세히 고지할 것임.",20262516495P01B002N,P01B|[P01B] 영미문화콘텐츠트랙;A040|[A040] 영어영문학부
P01B,[P01B] 영미문화콘텐츠트랙,P01B003,시로 읽는 영국문화,이병은,A,전필,Y,e-class를 통하여 교수자가 배포한 자료,수시로 교수자가 배포하는 자료,20262516319P01B003A,P01B|[P01B] 영미문화콘텐츠트랙
P01B,[P01B] 영미문화콘텐츠트랙,P01B003,시로 읽는 영국문화,이병은,N,전필,Y,e-class를 통하여 교수자가 배포한 자료,수시로 교수자가 배포하는 자료,20262516319P01B003N,P01B|[P01B] 영미문화콘텐츠트랙
P01B,[P01B] 영미문화콘텐츠트랙,P01B005,콘텐츠로서의 셰익스피어,김영아,7,전필,Y,"William Shakespeare, Othello. No Fear Shakespeare, Sparknotes, 2003.
William Shakespeare, The Merchant of Venice. No Fear Shakespeare, Sparknotes,
2003.","① 번역본
윌리엄 셰익스피어, 최종철 옮김 ?베니스의 상인? (민음사 2010)
윌리엄 셰익스피어, 최종철 옮김 ?오셀로? (민음사 2001)
② 영화
<베니스의 상인> 마이클 래드포드 감독, 2005
<오셀로> 올리버 파커 감독, 1995
<셰익스피어 인 러브> 존 매든 감독",20262110578P01B0057,P01B|[P01B] 영미문화콘텐츠트랙
P01C,[P01C] 지식정보문화트랙,CTH0021,정보미디어와 리터러시,박성재,A,전기,Y,온라인 강의 중심,오프라인 수업에서 제공,20262110654CTH0021A,P01C|[P01C] 지식정보문화트랙;A072|[A072] 문헌정보전공
P01C,[P01C] 지식정보문화트랙,CTH0021,정보미디어와 리터러시,박성재,N,전기,Y,온라인 강의 중심,오프라인 수업에서 제공,20262110654CTH0021N,P01C|[P01C] 지식정보문화트랙;A072|[A072] 문헌정보전공
P01C,[P01C] 지식정보문화트랙,P017020,도서관과 지식자원 관리,변제연,A,전필,Y,수업 전 강의용 PPT 제공,윤희윤. 2020.『장서관리론』. 제4판. 서울: 한국도서관협회. / 윤혜영. 2020.『디지털시대의 장서관리』. 제5판. 서울: 한국도서관협회.,20262515981P017020A,P01C|[P01C] 지식정보문화트랙;A072|[A072] 문헌정보전공
P01C,[P01C] 지식정보문화트랙,P017020,도서관과 지식자원 관리,변제연,N,전필,Y,수업 전 강의용 PPT 제공,윤희윤. 2020.『장서관리론』. 제4판. 서울: 한국도서관협회. / 윤혜영. 2020.『디지털시대의 장서관리』. 제5판. 서울: 한국도서관협회.,20262515981P017020N,P01C|[P01C] 지식정보문화트랙;A072|[A072] 문헌정보전공
P01C,[P01C] 지식정보문화트랙,P017021,서지정보의 이해,도슬기,A,전필,Y,수업 시간에 PPT 자료 직접 제공,"*구매할 필요 없음
1. 김정현. (2025). 한국목록규칙(KCR) 제5판 이해와 적용. 한국도서관협회.
2. 노지현, 이미화, 이은주. (2023). 목록이론의 이해와 적용. 한국도서관협회. 
3. 한국목록규칙 제4판, 제5판. 한국도서관협회.
4. 국립중앙도서관 사서지원서비스 <https://librarian.nl.go.kr/>",20262110889P017021A,P01C|[P01C] 지식정보문화트랙;A072|[A072] 문헌정보전공
P01C,[P01C] 지식정보문화트랙,P017021,서지정보의 이해,도슬기,N,전필,Y,수업 시간에 PPT 자료 직접 제공,"*구매할 필요 없음
1. 김정현. (2025). 한국목록규칙(KCR) 제5판 이해와 적용. 한국도서관협회.
2. 노지현, 이미화, 이은주. (2023). 목록이론의 이해와 적용. 한국도서관협회. 
3. 한국목록규칙 제4판, 제5판. 한국도서관협회.
4. 국립중앙도서관 사서지원서비스 <https://librarian.nl.go.kr/>",20262110889P017021N,P01C|[P01C] 지식정보문화트랙;A072|[A072] 문헌정보전공
P01C,[P01C] 지식정보문화트랙,P017022,문헌정보학 현장실습(상상더학기),박진호,Z,전필,Y,해당사항없음,해당사항없음,20262110847P017022Z,P01C|[P01C] 지식정보문화트랙
P01C,[P01C] 지식정보문화트랙,P017023,도서관 데이터 구축 실습,박지영,7,전필,Y,수업자료 슬라이드 제공,실습 도구: Gephi 데스크톱(gephi.org) ? 실습실 사전 설치 / 개인 노트북 설치 가능,20262110642P0170237,P01C|[P01C] 지식정보문화트랙;A072|[A072] 문헌정보전공
P021,[P021] 동양화전공,CTH0013,동양화 기초회화,김유진,A,전기,Y,자체제작,"정종미, 『한국화의 재료와 기법』, 미진사, 2023.
이상현, 『전통 회화의 색』, 결, 2010.",20262516468CTH0013A,P021|[P021] 동양화전공;G161|[G161] 회화과
P021,[P021] 동양화전공,P020012,에디션워크샵Ⅱ,허은영,A,전선,Y,,,20262110791P020012A,P021|[P021] 동양화전공;P022|[P022] 서양화전공;G161|[G161] 회화과
P021,[P021] 동양화전공,P020013,조형연구Ⅱ,김진욱,A,전선,Y,없음,전시 도록 및 팜플렛,20262110941P020013A,P021|[P021] 동양화전공;P022|[P022] 서양화전공;G161|[G161] 회화과
P021,[P021] 동양화전공,P020015,진채기법Ⅱ,김선태,A,전선,Y,자체제작,자체제작,20262110791P020015A,P021|[P021] 동양화전공;P022|[P022] 서양화전공;G161|[G161] 회화과
P021,[P021] 동양화전공,P020088,미술현장 종합설계,이은경,A,전선,Y,"『시간은 흐르지 않는다』 , 카를로 로벨리
“ On Color ”, Amy Silman","『속삭임의 도시 도둑들의 집』, 크리스로
『화가의 말』, 장파, 이재헌",20262516513P020088A,P021|[P021] 동양화전공;P022|[P022] 서양화전공;G161|[G161] 회화과
P021,[P021] 동양화전공,P020096,수묵창작연구Ⅱ,한동호,A,전선,Y,"수묵의 사상과 역사 최병식 지음, 이것이 현대적 미술 임근준 지음, 여백의 무게 안경진 지음","개자원 화보, 마음으로 동양화 읽기, 동양화 구도론, 조선의 명화",20262110860P020096A,P021|[P021] 동양화전공;P022|[P022] 서양화전공;G161|[G161] 회화과
P021,[P021] 동양화전공,P020098,수묵조형실습,한동호,A,전선,Y,"오주석의 한국의 미, 동양화 구도론,","동양화 읽는법 조용진지음, 한국화화의 이해 안휘준 지음, 이것이 현대적 미술 임근준, 여백의무게 안경진 지음",20262110860P020098A,P021|[P021] 동양화전공;P022|[P022] 서양화전공;G161|[G161] 회화과
P021,[P021] 동양화전공,P020102,서양미술사2,조지훈,A,전선,Y,본 강사 제작 프린트,"1) 김 석 지음, 『조각사』, 서울: 지엔씨미디어, 2012.
2) 윤난지 엮음, 『모더니즘 이후, 미술의 화두』, 서울: 눈빛, 2025.
3) Andrew Causey, 『Sculpture since 1945 』, Oxford and New York: Oxford and New York: Oxford University Press, 1998.",20262514453P020102A,P021|[P021] 동양화전공;P022|[P022] 서양화전공
P021,[P021] 동양화전공,P020115,동양미술사: 동시대 시각미술 읽기 2,장경연,A,전선,Y,"한정희, <사상으로 읽는 동아시아의 미술>","프리초프 카프라, <현대물리학과 동양사상>",20262512990P020115A,P021|[P021] 동양화전공;P022|[P022] 서양화전공
P021,[P021] 동양화전공,P020116,한국미술사: AI 기반 시각문화 기획,장경연,A,전선,Y,"김원용, 안휘준 <한국미술의 역사>","안휘준 <한국 회화의 이해> 유홍준<화인열전>, <유홍준의 한국미술사 강의>",20262512990P020116A,P021|[P021] 동양화전공;P022|[P022] 서양화전공;G161|[G161] 회화과
P021,[P021] 동양화전공,P021002,기초필묵,한동호,A,전필,Y,"개자원 화보, 감정과 감상의 차이(문방사우 뿌리와 이해) 임명석 지음, 사군자의 세계 김외자 지음","""동양화 구도론"" 왕백민 지음, ""마음으로 동양화 읽기"" 김선현 지음, ""산수화"" 서해집 지음",20262110860P021002A,P021|[P021] 동양화전공;P022|[P022] 서양화전공;G161|[G161] 회화과
P021,[P021] 동양화전공,P021010,진채형상2,김선태,A,전필,Y,자체제작,자체제작,20262110791P021010A,P021|[P021] 동양화전공;P022|[P022] 서양화전공;G161|[G161] 회화과
P021,[P021] 동양화전공,P021012,진채창작연구Ⅱ,김선태,A,전필,Y,자체제작,자체제작,20262110791P021012A,P021|[P021] 동양화전공;P022|[P022] 서양화전공;G161|[G161] 회화과
P021,[P021] 동양화전공,P021014,수묵기법Ⅱ,한동호,A,전필,Y,개자원화보,"""마음으로 동양화 읽기"" 김선현 지음",20262110860P021014A,P021|[P021] 동양화전공;P022|[P022] 서양화전공;G161|[G161] 회화과
P021,[P021] 동양화전공,P022002,기초드로잉,윤규섭,A,전선,Y,없음 . 시대별 작가들의 작품 참고 및 예시,없음 . 시대별 작가들의 작품 참고 및 예시,20262514630P022002A,P021|[P021] 동양화전공;P022|[P022] 서양화전공;G161|[G161] 회화과
P021,[P021] 동양화전공,P022007,회화연구2,김진욱,A,전선,Y,없음,전시 도록 및 팜플렛,20262110941P022007A,P021|[P021] 동양화전공;P022|[P022] 서양화전공;G161|[G161] 회화과
P021,[P021] 동양화전공,P022008,에디션연구Ⅱ,허은영,A,전선,Y,,,20262110107P022008A,P021|[P021] 동양화전공;P022|[P022] 서양화전공
P021,[P021] 동양화전공,T020082,AI 그래픽스 스튜디오,현은주,A,전선,Y,PPT,"Richard Williams. (2009). The Animator's Survival Kit. Farrar, Straus and Giroux.",20262110873T020082A,P021|[P021] 동양화전공;P022|[P022] 서양화전공;T022|[T022] 영상·애니메이션디자인트랙;T029|[T029] 게임그래픽디자인트랙;G050|[G050] 융복합디자인학부
P021,[P021] 동양화전공,T020082,AI 그래픽스 스튜디오,현은주,B,전선,Y,PPT,"Richard Williams. (2009). The Animator's Survival Kit. Farrar, Straus and Giroux.",20262110873T020082B,P021|[P021] 동양화전공;P022|[P022] 서양화전공;T022|[T022] 영상·애니메이션디자인트랙;T029|[T029] 게임그래픽디자인트랙;G050|[G050] 융복합디자인학부
P021,[P021] 동양화전공,T020082,AI 그래픽스 스튜디오,현은주,C,전선,Y,PPT,"Richard Williams. (2009). The Animator's Survival Kit. Farrar, Straus and Giroux.",20262110873T020082C,P021|[P021] 동양화전공;P022|[P022] 서양화전공;T022|[T022] 영상·애니메이션디자인트랙;T029|[T029] 게임그래픽디자인트랙;G050|[G050] 융복합디자인학부
P022,[P022] 서양화전공,CTH0014,서양화 기초회화,김진욱,A,전기,Y,없음,전시 도록 및 팜플렛,20262110941CTH0014A,P022|[P022] 서양화전공;G161|[G161] 회화과
P022,[P022] 서양화전공,P020117,회화워크샵Ⅱ,윤규섭,A,전선,Y,없음 . 시대별 작가들의 작품 참고 및 예시,없음 . 시대별 작가들의 작품 참고 및 예시,20262514630P020117A,P022|[P022] 서양화전공
P022,[P022] 서양화전공,P022010,창작연구Ⅱ(서양화),김진욱,A,전필,Y,없음,도록 및 작가의 팜플렛,20262110941P022010A,P022|[P022] 서양화전공
P023,[P023] 한국무용전공,CTH0010,무용기본실기,"박재홍,정유정,정철인",A,전기,Y,-,-,20262110565CTH0010A,P023|[P023] 한국무용전공;P024|[P024] 현대무용전공;P025|[P025] 발레전공;G111|[G111] 무용학과
P023,[P023] 한국무용전공,P020029,레파토리실습2,"박재홍,정석순,정유정",A,전선,Y,-,-,20262110565P020029A,P023|[P023] 한국무용전공;P024|[P024] 현대무용전공;P025|[P025] 발레전공;G111|[G111] 무용학과
P023,[P023] 한국무용전공,P020037,레파토리실습4,"정석순,장혜림,박민재",A,전선,Y,.,.,20262110796P020037A,P023|[P023] 한국무용전공;P024|[P024] 현대무용전공;P025|[P025] 발레전공;G111|[G111] 무용학과
P023,[P023] 한국무용전공,P020040,무용교수학습방법,임수진,A,전선,Y,"Smith-Autard, J.M.(2002). The art of dance in education(2nd ed.). Bloomsbury Publishing. 최의창, 임수진, 박혜연, 홍애령, 김나이, 신주경, 김현정, 권선영, 박성혜(2017).미드웨이 무용교육론. 레인보우북스","정옥희, 임수진, 홍애령(2017). 발레 페다고지. 성균관대학교출판부",20262515910P020040A,P023|[P023] 한국무용전공;P024|[P024] 현대무용전공;P025|[P025] 발레전공;G111|[G111] 무용학과
P023,[P023] 한국무용전공,P020045,작품제작실습2,"박재홍,김남용,정석순",A,전선,Y,-,-,20262110565P020045A,P023|[P023] 한국무용전공;P024|[P024] 현대무용전공;P025|[P025] 발레전공;G111|[G111] 무용학과
P023,[P023] 한국무용전공,P020046,문화예술교육현장의 이해와 실습,고신영,A,전선,Y,"『문화정책과 문화예술교육』.레인보우북스, 2024.","* 한국문화예술교육진흥원(편), 『문화예술교육 현장의 이해와 실천』, 2023.
* 한국문화예술교육진흥원, 『문화예술교육사 현장실습 가이드북』(최신판)
* 문화체육관광부·한국문화예술교육진흥원 발간 자료(수업 중 별도 제공)",20262516235P020046A,P023|[P023] 한국무용전공;P024|[P024] 현대무용전공;P025|[P025] 발레전공;G111|[G111] 무용학과
P023,[P023] 한국무용전공,P020078,무용장르2(한국무용),정유정,A,전선,Y,.,.,20262515803P020078A,P023|[P023] 한국무용전공;P024|[P024] 현대무용전공;P025|[P025] 발레전공;G111|[G111] 무용학과
P023,[P023] 한국무용전공,P020103,무용음악의 활용,박수연,A,전선,Y,Movement to Music / Katherine Teck,"Grout, Burkholder, A History of Western Music (서양음악사) 
홍정수 외, 서양음악사",20262516334P020103A,P023|[P023] 한국무용전공;P024|[P024] 현대무용전공;P025|[P025] 발레전공;G111|[G111] 무용학과
P023,[P023] 한국무용전공,P020104,무용장르4(뮤지컬 댄스),이화선,A,전선,Y,없음,없음,20262516369P020104A,P023|[P023] 한국무용전공;P024|[P024] 현대무용전공;P025|[P025] 발레전공;G111|[G111] 무용학과
P023,[P023] 한국무용전공,P020105,무용영상의 활용,이정섭,A,전선,Y,강의 슬라이드 및 온라인 자료,"본 강의는 학생 개별 노트북 컴퓨터를 필요로 합니다. 경우에 따라 Isadora 소프트웨어 단기 구독이 필요할 수 있습니다. (7월 27일 기준 29,662원 이상)",20262516358P020105A,P023|[P023] 한국무용전공;P024|[P024] 현대무용전공;P025|[P025] 발레전공;G111|[G111] 무용학과
P023,[P023] 한국무용전공,P020106,무대분장,이현진,A,전선,Y,캐릭터 메이크업 디자인 / 구민사 / 임유경 / 2022,한국분장예술 / 지인당 / 강대영 / 2013,20262516364P020106A,P023|[P023] 한국무용전공;P024|[P024] 현대무용전공;P025|[P025] 발레전공;G111|[G111] 무용학과
P023,[P023] 한국무용전공,P020108,동작개발과 구성,최정식,A,전선,Y,.,.,20262516353P020108A,P023|[P023] 한국무용전공;P024|[P024] 현대무용전공;P025|[P025] 발레전공;G111|[G111] 무용학과
P023,[P023] 한국무용전공,P020109,무대연기,지서훤,A,전선,Y,없음.,수업 중 별도 자료 제공,20262516329P020109A,P023|[P023] 한국무용전공;P024|[P024] 현대무용전공;P025|[P025] 발레전공;G111|[G111] 무용학과
P023,[P023] 한국무용전공,P023001,무대공연실습(한국무용),장혜림,A,전필,Y,-,춤의 메소드 (배정혜 지음)-솔과학,20262514581P023001A,P023|[P023] 한국무용전공;G111|[G111] 무용학과
P023,[P023] 한국무용전공,P023003,한국무용1-2,김남용,A,전필,Y,.,.,20262110647P023003A,P023|[P023] 한국무용전공;G111|[G111] 무용학과
P023,[P023] 한국무용전공,P023005,한국무용2-2,김남용,A,전필,Y,.,.,20262110647P023005A,P023|[P023] 한국무용전공;G111|[G111] 무용학과
P024,[P024] 현대무용전공,P024001,무대공연실습(현대무용),"정석순,정철인",A,전필,Y,.,.,20262110796P024001A,P024|[P024] 현대무용전공;G111|[G111] 무용학과
P024,[P024] 현대무용전공,P024003,현대무용1-2,"정석순,정철인",A,전필,Y,.,.,20262110796P024003A,P024|[P024] 현대무용전공;G111|[G111] 무용학과
P024,[P024] 현대무용전공,P024005,현대무용2-2,정석순,A,전필,Y,.,.,20262110796P024005A,P024|[P024] 현대무용전공;G111|[G111] 무용학과
P025,[P025] 발레전공,P025003,발레1-2,박재홍,A,전필,Y,"Kostreovitskaya, V.(1992). 100 Lessons in Classical Ballet. Limelight Editions.","Grant, G.(1882). Technical Manual & Dic. of Classical Ballet. Dover Books.",20262110565P025003A,P025|[P025] 발레전공;G111|[G111] 무용학과
P025,[P025] 발레전공,P025005,발레2-2,박재홍,A,전필,Y,"Kostrovitskaya, V. (1983). 100 Lessons of Classical Ballet, New York: Limelight.",레퍼토리 관련 영상자료,20262110565P025005A,P025|[P025] 발레전공;G111|[G111] 무용학과
P025,[P025] 발레전공,P025007,무대공연실습(발레) 캡스톤디자인,박민재,A,전필,Y,기타.,기타.,20262516464P025007A,P025|[P025] 발레전공;G111|[G111] 무용학과
R011,[R011] 국제무역트랙,CTS0001,글로벌시대의 국제통상,김상조,A,전기,Y,"김상조, ""21세기 세계경제 - 뉴노멀인가 올드노멀인가"", 생각의힘, 2023","한국은행, 정부기관, 경제연구소 등의 보고서와 통계자료를 활용",20262110105CTS0001A,R011|[R011] 국제무역트랙
R011,[R011] 국제무역트랙,CTS0001,글로벌시대의 국제통상,최원석,N,전기,Y,"임성훈, 표준 무역학원론 1.0, 학현사(2015)","[참고문헌] 권오/홍승린, 국제무역의 이해, 두남(2014)",20262110815CTS0001N,R011|[R011] 국제무역트랙
R011,[R011] 국제무역트랙,M020022,통계로 읽어보는 빅데이터,권혁제,7,전선,Y,"권혁제(2016), R 데이터 분석과 해석, 박영사","Strang,G.(2023), Introrduction to Linear Algebra, 6e
cf) Hadley,G.(1961), Linear Algebra",20262515765M0200227,R011|[R011] 국제무역트랙;R012|[R012] 글로벌비즈니스트랙;R013|[R013] 기업·경제분석트랙;R016|[R016] 법&정책트랙;R019|[R019] 기업경영트랙;R01B|[R01B] 회계·재무경영트랙;R01C|[R01C] 공공행정트랙;R01D|[R01D] 부동산트랙;R01E|[R01E] 스마트도시·교통계획트랙;R01F|[R01F] 경제금융투자트랙;R01G|[R01G] 비즈니스애널리틱스트랙;D040|[D040] 경영학부;D121|[D121] 무역학과;D132|[D132] 경제학과;D142|[D142] 행정학과;D172|[D172] 부동산학과;D201|[D201] 부동산세무경영학과;M020|[M020] C&C School
R011,[R011] 국제무역트랙,R010020,데이터통계분석과 비즈니스,안제성,A,전선,Y,"통계 - 통계학/류근관/법문사/2013 
엑셀 - 엑셀 데이터 분석 및 활용/장효선/성안당/2019",없음,20262515316R010020A,R011|[R011] 국제무역트랙;R012|[R012] 글로벌비즈니스트랙;D121|[D121] 무역학과
R011,[R011] 국제무역트랙,R010020,데이터통계분석과 비즈니스,안제성,N,전선,Y,"통계 - 통계학/류근관/법문사/2013 
엑셀 - 엑셀 데이터 분석 및 활용/장효선/성안당/2019",없음,20262515316R010020N,R011|[R011] 국제무역트랙;R012|[R012] 글로벌비즈니스트랙;D121|[D121] 무역학과
R011,[R011] 국제무역트랙,R010023,국제무역보험론,홍승린,A,전선,Y,개강일 공지,"貨物의 損害와 클레임-濱谷原臧, 同門館 등",20262110725R010023A,R011|[R011] 국제무역트랙;R012|[R012] 글로벌비즈니스트랙;D121|[D121] 무역학과
R011,[R011] 국제무역트랙,R010023,국제무역보험론,홍승린,N,전선,Y,개강일 공지,"貨物의 損害와 클레임-濱谷原臧, 同門館 등",20262110725R010023N,R011|[R011] 국제무역트랙;R012|[R012] 글로벌비즈니스트랙;D121|[D121] 무역학과
R011,[R011] 국제무역트랙,R010029,금융파생상품론,김도완,A,전선,Y,추후공지,추후공지,20262110808R010029A,R011|[R011] 국제무역트랙;R012|[R012] 글로벌비즈니스트랙;D121|[D121] 무역학과
R011,[R011] 국제무역트랙,R010029,금융파생상품론,김도완,N,전선,Y,추후공지,추후공지,20262110808R010029N,R011|[R011] 국제무역트랙;R012|[R012] 글로벌비즈니스트랙;D121|[D121] 무역학과
R011,[R011] 국제무역트랙,R010030,글로벌기업가정신,이상기,A,전선,Y,"글로벌 기업가 정신(김병구, 마틴헴에어트, 김재진 지음), 한국방송통신대학교 출판문화원, 2022년 7월","부교재(1): 기업의 지속 가능성을 위한 기업가 정신 그리고 비전창업(방원석, 정대율 지음) 박영사, 2023년 8월
부교재(2): 패러다임 전환을 위한 4차 산업혁명 시대의 경영사례 Ⅰ및 Ⅱ(정진섭 지음), 박영사, 2022-2023년",20262516450R010030A,R011|[R011] 국제무역트랙;R012|[R012] 글로벌비즈니스트랙;D121|[D121] 무역학과
R011,[R011] 국제무역트랙,R010030,글로벌기업가정신,이상기,N,전선,Y,"글로벌 기업가 정신(김병구, 마틴헴에어트, 김재진 지음), 한국방송통신대학교 출판문화원, 2022년 7월","부교재(1): 기업의 지속 가능성을 위한 기업가 정신 그리고 비전창업(방원석, 정대율 지음) 박영사, 2023년 8월
부교재(2): 패러다임 전환을 위한 4차 산업혁명 시대의 경영사례 Ⅰ및 Ⅱ(정진섭 지음), 박영사, 2022-2023년",20262516450R010030N,R011|[R011] 국제무역트랙;R012|[R012] 글로벌비즈니스트랙;D121|[D121] 무역학과
R011,[R011] 국제무역트랙,R010074,무역시장분석,노재확,A,전선,Y,자료 제공함. 그러나 많은 빅데이터 관련 책을 활용할 수 있다.,없음.,20262110524R010074A,R011|[R011] 국제무역트랙;R012|[R012] 글로벌비즈니스트랙;D121|[D121] 무역학과
R011,[R011] 국제무역트랙,R010074,무역시장분석,노재확,N,전선,Y,없음. 수업시간에 제공,없음. 일반 빅데이터 관련 서적,20262110524R010074N,R011|[R011] 국제무역트랙;R012|[R012] 글로벌비즈니스트랙;D121|[D121] 무역학과
R011,[R011] 국제무역트랙,R010075,국제통상정책론,김상조,A,전선,Y,"김상조, 21세기 세계경제 - 뉴노멀인가 올드노멀인가, 생각의힘, 2023","- 서정희 외, 잘사니즘: 포용적 혁신 성장, 다빈, 2025
- 한국은행, 정부기관, 국책연구소의 통계자료와 보고서
- 김상조, 종횡무진 한국경제, 오마이북, 2012",20262110105R010075A,R011|[R011] 국제무역트랙;D121|[D121] 무역학과
R011,[R011] 국제무역트랙,R010075,국제통상정책론,김상조,N,전선,Y,"김상조, 21세기 세계경제 - 뉴노멀인가 올드노멀인가, 생각의힘, 2023","- 서정희 외, 잘사니즘: 포용적 혁신 성장, 다빈, 2025
- 한국은행, 정부기관, 국책연구소의 통계자료와 보고서
- 김상조, 종횡무진 한국경제, 오마이북, 2012",20262110105R010075N,R011|[R011] 국제무역트랙;D121|[D121] 무역학과
R011,[R011] 국제무역트랙,R011003,컴퓨터활용과 무역정보처리,노재확,7,전필,Y,수업에서 제공함,없음. 시중의 많은 책을 참고 할 수 있음.,20262110524R0110037,R011|[R011] 국제무역트랙;D121|[D121] 무역학과
R011,[R011] 국제무역트랙,R011004,국제무역실무론,도광호,A,전필,Y,추후공지,추후공지,20262515584R011004A,R011|[R011] 국제무역트랙;D121|[D121] 무역학과
R011,[R011] 국제무역트랙,R011004,국제무역실무론,도광호,N,전필,Y,추후공지,추후공지,20262515584R011004N,R011|[R011] 국제무역트랙;D121|[D121] 무역학과
R011,[R011] 국제무역트랙,R011009,무역 시뮬레이션 종합설계,홍승린,A,전필,Y,개강일 공지,"무역시뮬레이션 종합설계 / 형지사 등 
개강일 안내",20262110725R011009A,R011|[R011] 국제무역트랙;D121|[D121] 무역학과
R011,[R011] 국제무역트랙,R011009,무역 시뮬레이션 종합설계,홍승린,N,전필,Y,개강일 공지,"무역시뮬레이션 종합설계 / 형지사 등 
개강일 안내",20262110725R011009N,R011|[R011] 국제무역트랙;D121|[D121] 무역학과
R012,[R012] 글로벌비즈니스트랙,CTS0002,글로벌 비즈니스 마인드,이정훈,7,전기,Y,수업자료 교수자 제공,"글로벌 비즈니스 마인드 세트 (김원호 역, 청림출판)",20262110788CTS00027,R012|[R012] 글로벌비즈니스트랙
R012,[R012] 글로벌비즈니스트랙,CTS0002,글로벌 비즈니스 마인드,이정훈,A,전기,Y,수업자료 교수자 제공,"글로벌 비즈니스 마인드 세트 (김원호 역, 청림출판)",20262110788CTS0002A,R012|[R012] 글로벌비즈니스트랙
R012,[R012] 글로벌비즈니스트랙,CTS0002,글로벌 비즈니스 마인드,이정훈,N,전기,Y,수업자료 교수자 제공,"글로벌 비즈니스 마인드 세트 (김원호 역, 청림출판)",20262110788CTS0002N,R012|[R012] 글로벌비즈니스트랙
R012,[R012] 글로벌비즈니스트랙,R010112,현장주도비즈니스종합설계,"정이진,박성철",7,전선,Y,자체 제작 자료 제공,없음,20262110893R0101127,R012|[R012] 글로벌비즈니스트랙
R012,[R012] 글로벌비즈니스트랙,R010112,현장주도비즈니스종합설계,"정이진,박성철",N,전선,Y,자체 제작 자료 제공,없음,20262110893R010112N,R012|[R012] 글로벌비즈니스트랙
R012,[R012] 글로벌비즈니스트랙,R010112,현장주도비즈니스종합설계,"천용주,박창홍",A,전선,Y,제작 자료 제공,없음,20262110861R010112A,R012|[R012] 글로벌비즈니스트랙
R012,[R012] 글로벌비즈니스트랙,R012004,국제재무관리,김도완,7,전필,Y,추후공지,추후공지,20262110808R0120047,R012|[R012] 글로벌비즈니스트랙;D121|[D121] 무역학과
R012,[R012] 글로벌비즈니스트랙,R012004,국제재무관리,김도완,A,전필,Y,추후공지,추후공지,20262110808R012004A,R012|[R012] 글로벌비즈니스트랙;D121|[D121] 무역학과
R012,[R012] 글로벌비즈니스트랙,R012004,국제재무관리,김도완,N,전필,Y,추후공지,추후공지,20262110808R012004N,R012|[R012] 글로벌비즈니스트랙;D121|[D121] 무역학과
R012,[R012] 글로벌비즈니스트랙,R012009,글로벌시대 경영학 프리캡스톤,김기현,7,전필,Y,"[스마트 경영학], 최진남 성선영 지음. 생능출판사","사례중심의 경영학원론, 김영호 저, 도서출판 두남 두드림 경영학, 박상철 저, 도서출판 청람",20262110848R0120097,R012|[R012] 글로벌비즈니스트랙;D121|[D121] 무역학과
R012,[R012] 글로벌비즈니스트랙,R012009,글로벌시대 경영학 프리캡스톤,김기현,A,전필,Y,"[스마트 경영학], 최진남 성선영 지음. 생능출판사","사례중심의 경영학원론, 김영호 저, 도서출판 두남 두드림 경영학, 박상철 저, 도서출판 청람",20262110848R012009A,R012|[R012] 글로벌비즈니스트랙;D121|[D121] 무역학과
R012,[R012] 글로벌비즈니스트랙,R012009,글로벌시대 경영학 프리캡스톤,김기현,N,전필,Y,"[스마트 경영학], 최진남 성선영 지음. 생능출판사","사례중심의 경영학원론, 김영호 저, 도서출판 두남 두드림 경영학, 박상철 저, 도서출판 청람",20262110848R012009N,R012|[R012] 글로벌비즈니스트랙;D121|[D121] 무역학과
R012,[R012] 글로벌비즈니스트랙,R012011,글로벌비즈니스프리인턴십,"강명수,천용주",7,전필,Y,없음,없음,20262110551R0120117,R012|[R012] 글로벌비즈니스트랙
R012,[R012] 글로벌비즈니스트랙,R012011,글로벌비즈니스프리인턴십,"강명수,천용주",A,전필,Y,없음,없음,20262110551R012011A,R012|[R012] 글로벌비즈니스트랙
R012,[R012] 글로벌비즈니스트랙,R012011,글로벌비즈니스프리인턴십,"강명수,천용주",N,전필,Y,없음,없음,20262110551R012011N,R012|[R012] 글로벌비즈니스트랙
R013,[R013] 기업·경제분석트랙,CTS0013,경제원론I(미시경제기초),윤건용,7,전기,Y,"경제학원론 7판,   이준구, 이창용,   문우사",없음,20262514765CTS00137,R013|[R013] 기업·경제분석트랙;D132|[D132] 경제학과
R013,[R013] 기업·경제분석트랙,CTS0013,경제원론I(미시경제기초),윤건용,A,전기,Y,"경제학원론  7판,  이창용, 이준구,  문우사",없음,20262514765CTS0013A,R013|[R013] 기업·경제분석트랙;D132|[D132] 경제학과
R013,[R013] 기업·경제분석트랙,CTS0013,경제원론I(미시경제기초),윤건용,N,전기,Y,"경제학원론 7판,   이준구, 이창용,   문우사",없음,20262514765CTS0013N,R013|[R013] 기업·경제분석트랙;D132|[D132] 경제학과
R013,[R013] 기업·경제분석트랙,R010005,계량경제학,여효성,A,전선,Y,"계량경제학, 제5판, R, Carter Hill/이병락 역, 시그마프레스(2020)","Introductory Econometrics, Jeffrey Wooldridge 계량경제학-이론과 활용(2판), 남준우, 허인 저 홍문사",20262110879R010005A,R013|[R013] 기업·경제분석트랙;R01D|[R01D] 부동산트랙;R01F|[R01F] 경제금융투자트랙;D132|[D132] 경제학과
R013,[R013] 기업·경제분석트랙,R010005,계량경제학,여효성,N,전선,Y,"계량경제학, 제5판, R, Carter Hill/이병락 역, 시그마프레스(2020)","Introductory Econometrics, Jeffrey Wooldridge 계량경제학-이론과 활용(2판), 남준우, 허인 저 홍문사",20262110879R010005N,R013|[R013] 기업·경제분석트랙;R01D|[R01D] 부동산트랙;R01F|[R01F] 경제금융투자트랙;D132|[D132] 경제학과
R013,[R013] 기업·경제분석트랙,R010012,SAS데이터분석,권혁제,7,전선,Y,"권혁제(2016), 데이터 분석과 해석:SAS, 박영사
SAS Institute, SAS Procedures Guide","Hadley,G.(1961), Linear Algebra  cf) Strang
Casella,G. and R.L.Berger(2002), Statistical Inference, 2e",20262515765R0100127,R013|[R013] 기업·경제분석트랙;R01F|[R01F] 경제금융투자트랙;D132|[D132] 경제학과
R013,[R013] 기업·경제분석트랙,R010090,화폐금융론,김상봉,A,전선,Y,"김상봉, 김정렬, 화폐금융론, 2020
김상봉외, 거시경제학, 2019","김상봉, 브런치타임경제뉴스, 2019.1",20262110617R010090A,R013|[R013] 기업·경제분석트랙;R01F|[R01F] 경제금융투자트랙;D132|[D132] 경제학과
R013,[R013] 기업·경제분석트랙,R010090,화폐금융론,조이운,N,전선,Y,"* 화폐금융론(김상봉/김정렬), (주)지필미디어(2020.8) 
* 화폐와 금융시장 6판(정운찬/김홍범/김진일), 율곡출판사(2022.8.5)
--> 두 교재를 사용할 계획으로 아래 주차별 강의주제 및 내용이 일부 변동 될 수 있음","디지털금융의 이해와 활용(김수진), 금융연수원(2023.4.3)",20262515983R010090N,R013|[R013] 기업·경제분석트랙;R01F|[R01F] 경제금융투자트랙;D132|[D132] 경제학과
R013,[R013] 기업·경제분석트랙,R010111,산업빅데이터활용 기업경제전략(종합설계),허광숙,A,전선,Y,강의 노트와 사전 배포되는 자료(PPT 형식),"강의 자료에서 언급된 다양한 서적, 논문 등",20262513758R010111A,R013|[R013] 기업·경제분석트랙;D132|[D132] 경제학과
R013,[R013] 기업·경제분석트랙,R010111,산업빅데이터활용 기업경제전략(종합설계),허광숙,N,전선,Y,강의 노트와 사전 배포되는 자료(PPT 형식),"강의 자료에서 언급된 다양한 서적, 논문 등",20262513758R010111N,R013|[R013] 기업·경제분석트랙;D132|[D132] 경제학과
R013,[R013] 기업·경제분석트랙,R010113,금융투자실무,윤건용,7,전선,Y,PPT 자료,"은행 FP 자산관리사, 증권투자상담사, 외환전문역, 자산운용역, 펀드투자자문역, 세무사 등의 자격시험 교재",20262514765R0101137,R013|[R013] 기업·경제분석트랙;R01F|[R01F] 경제금융투자트랙
R013,[R013] 기업·경제분석트랙,R013006,법경제학,김시언,A,전필,Y,"법경제학입문, 오정일/송평근",없음,20262514935R013006A,R013|[R013] 기업·경제분석트랙;D132|[D132] 경제학과
R013,[R013] 기업·경제분석트랙,R013006,법경제학,김시언,N,전필,Y,"법경제학입문, 오정일/송평근",없음,20262514935R013006N,R013|[R013] 기업·경제분석트랙;D132|[D132] 경제학과
R013,[R013] 기업·경제분석트랙,R013008,산업조직이론,여효성,A,전필,Y,"산업조직론- 현대이론과 실증적 응용(4판), 박원규, 이상규 역, 아카데미 프레스","산업조직론(6판), 정갑영, 김동훈, 최윤정 , 박영사 2021 게임이론: 전략과 정보의 경제학(10판), 김영세, 박영사 2022",20262110879R013008A,R013|[R013] 기업·경제분석트랙;D132|[D132] 경제학과
R013,[R013] 기업·경제분석트랙,R013008,산업조직이론,여효성,N,전필,Y,"산업조직론- 현대이론과 실증적 응용(4판), 박원규, 이상규 역, 아카데미 프레스","산업조직론(6판), 정갑영, 김동훈, 최윤정 , 박영사 2021 게임이론: 전략과 정보의 경제학(10판), 김영세, 박영사 2022",20262110879R013008N,R013|[R013] 기업·경제분석트랙;D132|[D132] 경제학과
R013,[R013] 기업·경제분석트랙,R013009,조세경제학,김상봉,A,전필,Y,"김상봉, 여효성, 홍우형, 최윤정, 조세경제학, 2024",없음,20262110617R013009A,R013|[R013] 기업·경제분석트랙;D132|[D132] 경제학과
R013,[R013] 기업·경제분석트랙,R013009,조세경제학,김상봉,N,전필,Y,"김상봉, 여효성, 홍우형, 최윤정, 조세경제학, 2024",없음,20262110617R013009N,R013|[R013] 기업·경제분석트랙;D132|[D132] 경제학과
R013,[R013] 기업·경제분석트랙,R013012,미시경제학,여효성,7,전필,Y,"이준구, ""미시경제학 7판"", 문우사","팀 하포드, ""경제학 콘서트, (김영철 옮김)"", 웅진 지식하우스",20262110879R0130127,R013|[R013] 기업·경제분석트랙
R013,[R013] 기업·경제분석트랙,R013014,노동경제학,박영범,A,전필,Y,"현대노동경제학, Ehrenberg/Smith, 박영사","Story 생활과 경제 길라잡이, 박영범, YB",20262515854R013014A,R013|[R013] 기업·경제분석트랙;D132|[D132] 경제학과
R013,[R013] 기업·경제분석트랙,R013014,노동경제학,박영범,N,전필,Y,"현대노동경제학, Ehrenberg/Smith, 박영사","Story 생활과 경제 길라잡이, 박영범, YB",20262515854R013014N,R013|[R013] 기업·경제분석트랙;D132|[D132] 경제학과
R013,[R013] 기업·경제분석트랙,R01F002,금융통계학,배성일,A,전선,Y,"권혁제/김상봉/여대환, 2016, Excel을 활용한 경제경영통계학 (지필미디어)","Gerald Keller, 2023, 켈러의 경영경제통계학: 엑셀의 실전적 활용, 12판 (센게이지러닝코리아)",20262110904R01F002A,R013|[R013] 기업·경제분석트랙;R01F|[R01F] 경제금융투자트랙;D132|[D132] 경제학과
R013,[R013] 기업·경제분석트랙,R01F002,금융통계학,배성일,N,전선,Y,"권혁제/김상봉/여대환, 2016, Excel을 활용한 경제경영통계학 (지필미디어)","Gerald Keller, 2023, 켈러의 경영경제통계학: 엑셀의 실전적 활용, 12판 (센게이지러닝코리아)",20262110904R01F002N,R013|[R013] 기업·경제분석트랙;R01F|[R01F] 경제금융투자트랙;D132|[D132] 경제학과
R016,[R016] 법&정책트랙,CTS0020,AI시대의 공공정책,"김은주,김인태",A,전기,Y,"정책학개론 (정정길외, 대명출판사)",강의자료 PPT,20262110850CTS0020A,R016|[R016] 법&정책트랙;D142|[D142] 행정학과
R016,[R016] 법&정책트랙,CTS0020,AI시대의 공공정책,"김은주,김인태",N,전기,Y,"정책학개론 (정정길외, 대명출판사)",강의자료 PPT,20262110850CTS0020N,R016|[R016] 법&정책트랙;D142|[D142] 행정학과
R016,[R016] 법&정책트랙,M020045,이동편의 정책혁신 리빙랩 캡스톤디자인,"조문석,김지성",7,전선,Y,"담당교수 제작 강의자료(모듈별 워크북), 리빙랩 데이터셋 및 조사보고서를 LMS를 통해 배포한다.
『성북구 및 성동구 이동약자(어르신) 대상 스마트모빌리티 기기 인지도·수용도 조사』 보고서 (2026.2)
원자료 및 CODEBOOK (n=400, 변수 108개)
문항별 교차 통계표 (58개 표)
조사표(설문지) 원본 및 조사설계 문서","「교통약자의 이동편의 증진법」 및 동법 시행령·시행규칙
국토교통부, 「교통약자 이동편의 증진계획」(최신 차수) 및 「교통약자 이동편의 실태조사」 보고서
서울특별시, 「서울시 교통약자 이동편의 증진계획」 및 어르신 이동지원·스마트돌봄 관련 사업계획
「노인복지법」, 「장애인·노인·임산부 등의 편의증진 보장에 관한 법률」
「행정규제기본법」, 「산업융합촉진법」등",20262110704M0200457,R016|[R016] 법&정책트랙;R01C|[R01C] 공공행정트랙;Y050|[Y050] 미래모빌리티학과;M020|[M020] C&C School
R016,[R016] 법&정책트랙,R010052,환경정책론,윤경준,A,전선,Y,"윤경준, 환경정책론(제2판), 서울: 대영문화사, 2024.",수시로 제시,20262110601R010052A,R016|[R016] 법&정책트랙;R01C|[R01C] 공공행정트랙;D142|[D142] 행정학과
R016,[R016] 법&정책트랙,R010052,환경정책론,윤경준,N,전선,Y,"윤경준, 환경정책론(제2판), 서울: 대영문화사, 2024.",수시로 제시,20262110601R010052N,R016|[R016] 법&정책트랙;R01C|[R01C] 공공행정트랙;D142|[D142] 행정학과
R016,[R016] 법&정책트랙,R010054,정부개혁론,조용민,7,전선,Y,"《새 행정개혁론(개정판)》, 이종수·전주상 공저, 대영문화사, 2022.","《새 행정학 3.0》, 이종수 외 공저, 대영문화사, 2022.
《관료제론》, 이종수 저, 대영문화사.",20262515994R0100547,R016|[R016] 법&정책트랙;R01C|[R01C] 공공행정트랙;D142|[D142] 행정학과
R016,[R016] 법&정책트랙,R010123,AI시대의 행정철학,강문호,A,전선,Y,"전주상 외, 행정윤리론(개정3판), 대영문화사. 2025","김항규, 행정철학, 대영문화사. 2009. 전종섭, 행정철학, 대영문화사. 2001. Barry Bozeman, 공공가치와 공익, 대영문화사. 2019. 테리 쿠퍼, 공직윤리, 조명문화사. 2013. 마이클 샌델, 정의란 무엇인가, 와이즈베리. 2014.",20262110687R010123A,R016|[R016] 법&정책트랙;R01C|[R01C] 공공행정트랙;D142|[D142] 행정학과
R016,[R016] 법&정책트랙,R010123,AI시대의 행정철학,강문호,N,전선,Y,"전주상 외, 행정윤리론(개정3판), 대영문화사. 2025","김항규, 행정철학, 대영문화사. 2009. 전종섭, 행정철학, 대영문화사. 2001. Barry Bozeman, 공공가치와 공익, 대영문화사. 2019. 테리 쿠퍼, 공직윤리, 조명문화사. 2013. 마이클 샌델, 정의란 무엇인가, 와이즈베리. 2014.",20262110687R010123N,R016|[R016] 법&정책트랙;R01C|[R01C] 공공행정트랙;D142|[D142] 행정학과
R016,[R016] 법&정책트랙,R010125,공공관리자를 위한 행정법II,한명진,7,전선,Y,"행정법강론, 김남철 임현종","하명호, 행정법",20262110814R0101257,R016|[R016] 법&정책트랙;R01C|[R01C] 공공행정트랙;D142|[D142] 행정학과
R016,[R016] 법&정책트랙,R010126,공기업론 프리인턴십,최천근,A,전선,Y,없음,없음,20262110666R010126A,R016|[R016] 법&정책트랙;R01C|[R01C] 공공행정트랙;D142|[D142] 행정학과
R016,[R016] 법&정책트랙,R010126,공기업론 프리인턴십,최천근,N,전선,Y,없음,없음,20262110666R010126N,R016|[R016] 법&정책트랙;R01C|[R01C] 공공행정트랙;D142|[D142] 행정학과
R016,[R016] 법&정책트랙,R016014,공공관리자를 위한 행정법I,한명진,A,전필,Y,"행정법강론, 김남철 임현종","하명호, 행정법",20262110814R016014A,R016|[R016] 법&정책트랙;R01C|[R01C] 공공행정트랙;D142|[D142] 행정학과
R016,[R016] 법&정책트랙,R016014,공공관리자를 위한 행정법I,한명진,N,전필,Y,"행정법강론, 김남철 임현종","하명호, 행정법",20262110814R016014N,R016|[R016] 법&정책트랙;R01C|[R01C] 공공행정트랙;D142|[D142] 행정학과
R016,[R016] 법&정책트랙,R016015,AI시대의 공공리더십,김경희,A,전필,Y,"김순양, 공공리더십: 이론과 실제, 윤성사, 2026. 
김호균, 디지털 시대 리더십: 이론과 실제-동서양의 지혜를 넘나들다, 대영문화사, 2026.","Peter G. Northouse/김남현 역, 리더십:이론과 실제(Leadership: theory and practice) 7판, 경문사, 2016, Ronald E. Riggio et al/강정애 외 역, 팔로워십론 The art of Followership,,박보식, 리더십 5판, 대영문화사, 2023",20262110678R016015A,R016|[R016] 법&정책트랙;D142|[D142] 행정학과
R016,[R016] 법&정책트랙,R016015,AI시대의 공공리더십,김경희,N,전필,Y,"김순양, 공공리더십: 이론과 실제, 윤성사, 2026. 
김호균, 디지털 시대 리더십: 이론과 실제-동서양의 지혜를 넘나들다, 대영문화사, 2026.","Peter G. Northouse/김남현 역, 리더십:이론과 실제(Leadership: theory and practice) 7판, 경문사, 2016, Ronald E. Riggio et al/강정애 외 역, 팔로워십론 The art of Followership,,박보식, 리더십 5판, 대영문화사, 2023",20262110678R016015N,R016|[R016] 법&정책트랙;D142|[D142] 행정학과
R019,[R019] 기업경영트랙,CTS0009,경영학의 이해,어지원,7,전기,Y,"《경영학의 이해》William G. Nickels, James M. McHugh, Susan M. McHugh 저 (역자 공역)",최신 경영학 학술 논문 및 주차별 온라인 강의 자료,20262110942CTS00097,R019|[R019] 기업경영트랙;D040|[D040] 경영학부;D172|[D172] 부동산학과
R019,[R019] 기업경영트랙,CTS0009,경영학의 이해,어지원,8,전기,Y,"《경영학의 이해》William G. Nickels, James M. McHugh, Susan M. McHugh 저 (역자 공역)",최신 경영학 학술 논문 및 주차별 온라인 강의 자료,20262110942CTS00098,R019|[R019] 기업경영트랙;D040|[D040] 경영학부;D172|[D172] 부동산학과
R019,[R019] 기업경영트랙,CTS0009,경영학의 이해,어지원,A,전기,Y,"《경영학의 이해》William G. Nickels, James M. McHugh, Susan M. McHugh 저 (역자 공역)",최신 경영학 학술 논문 및 주차별 온라인 강의 자료,20262110942CTS0009A,R019|[R019] 기업경영트랙;D040|[D040] 경영학부;D172|[D172] 부동산학과
R019,[R019] 기업경영트랙,CTS0009,경영학의 이해,어지원,N,전기,Y,"《경영학의 이해》William G. Nickels, James M. McHugh, Susan M. McHugh 저 (역자 공역)",최신 경영학 학술 논문 및 주차별 온라인 강의 자료,20262110942CTS0009N,R019|[R019] 기업경영트랙;D040|[D040] 경영학부;D172|[D172] 부동산학과
R019,[R019] 기업경영트랙,R010014,회계원리,김윤진,N,전선,Y,"K-IFRS 회계원리(김용식, 박영사)",e-class 강의자료ppt,20262516506R010014N,R019|[R019] 기업경영트랙;R01B|[R01B] 회계·재무경영트랙;R01G|[R01G] 비즈니스애널리틱스트랙;D040|[D040] 경영학부
R019,[R019] 기업경영트랙,R010014,회계원리,소창수,8,전선,Y,K-IFRS 회계원리(김용식 저자),없음,20262516512R0100148,R019|[R019] 기업경영트랙;R01B|[R01B] 회계·재무경영트랙;R01G|[R01G] 비즈니스애널리틱스트랙;D040|[D040] 경영학부
R019,[R019] 기업경영트랙,R010014,회계원리,이정학,7,전선,Y,"K-IFRS 회계원리(김용식, 박영사)",e-class 강의자료ppt,20262513070R0100147,R019|[R019] 기업경영트랙;R01B|[R01B] 회계·재무경영트랙;R01G|[R01G] 비즈니스애널리틱스트랙;D040|[D040] 경영학부
R019,[R019] 기업경영트랙,R010014,회계원리,이정학,A,전선,Y,"K-IFRS 회계원리(김용식, 박영사)",e-class 강의자료ppt,20262513070R010014A,R019|[R019] 기업경영트랙;R01B|[R01B] 회계·재무경영트랙;R01G|[R01G] 비즈니스애널리틱스트랙;D040|[D040] 경영학부
R019,[R019] 기업경영트랙,R010016,금융기관론,임지은,7,전선,Y,"Mishkin and S Eakins, 『금융시장과 금융기관』, 8th edition, 성진미디어 2015",기타 금융시장론 혹은 금융기관론 교과서,20262110857R0100167,R019|[R019] 기업경영트랙;R01B|[R01B] 회계·재무경영트랙;R01G|[R01G] 비즈니스애널리틱스트랙;D040|[D040] 경영학부
R019,[R019] 기업경영트랙,R010016,금융기관론,임지은,A,전선,Y,"Mishkin and S Eakins, 『금융시장과 금융기관』, 8th edition, 성진미디어 2015",기타 금융시장론 혹은 금융기관론 교과서,20262110857R010016A,R019|[R019] 기업경영트랙;R01B|[R01B] 회계·재무경영트랙;R01G|[R01G] 비즈니스애널리틱스트랙;D040|[D040] 경영학부
R019,[R019] 기업경영트랙,R010016,금융기관론,임지은,N,전선,Y,"Mishkin and S Eakins, 『금융시장과 금융기관』, 8th edition, 성진미디어 2015",기타 금융시장론 혹은 금융기관론 교과서,20262110857R010016N,R019|[R019] 기업경영트랙;R01B|[R01B] 회계·재무경영트랙;R01G|[R01G] 비즈니스애널리틱스트랙;D040|[D040] 경영학부
R019,[R019] 기업경영트랙,R010055,서비스운영관리,최강화,A,전선,Y,자제 교재,개별 사례는 수업 시간에 제공,20262110592R010055A,R019|[R019] 기업경영트랙;R01G|[R01G] 비즈니스애널리틱스트랙
R019,[R019] 기업경영트랙,R010055,서비스운영관리,최강화,N,전선,Y,자제 교재,개별 사례는 수업 시간에 제공,20262110592R010055N,R019|[R019] 기업경영트랙;R01G|[R01G] 비즈니스애널리틱스트랙
R019,[R019] 기업경영트랙,R010055,서비스운영관리,최희선,7,전선,Y,자체 교재 활용,서비스 운영 관리(김대철 외)  / 서비스 경영 (노형봉) / 지속 가능 시대의 서비스 경영(서비스 경영 연구회),20262515093R0100557,R019|[R019] 기업경영트랙;R01G|[R01G] 비즈니스애널리틱스트랙
R019,[R019] 기업경영트랙,R010055,서비스운영관리,최희선,8,전선,Y,자체 교재 활용,서비스 운영 관리(김대철 외)  / 서비스 경영 (노형봉) / 지속 가능 시대의 서비스 경영(서비스 경영 연구회),20262515093R0100558,R019|[R019] 기업경영트랙;R01G|[R01G] 비즈니스애널리틱스트랙
R019,[R019] 기업경영트랙,R010057,마케팅원론,주영혁,0,전선,Y,"마케팅원리, 박찬수, 법문사, 6판과 7판 모두 가능",필요시 제시할 예,20262110535R0100570,R019|[R019] 기업경영트랙;R01B|[R01B] 회계·재무경영트랙;R01D|[R01D] 부동산트랙;R01G|[R01G] 비즈니스애널리틱스트랙;D040|[D040] 경영학부;D172|[D172] 부동산학과;D201|[D201] 부동산세무경영학과
R019,[R019] 기업경영트랙,R010057,마케팅원론,주영혁,7,전선,Y,"마케팅원리, 박찬수, 법문사, 6판과 7판 모두 가능",필요시 제시할 예,20262110535R0100577,R019|[R019] 기업경영트랙;R01B|[R01B] 회계·재무경영트랙;R01D|[R01D] 부동산트랙;R01G|[R01G] 비즈니스애널리틱스트랙;D040|[D040] 경영학부;D172|[D172] 부동산학과;D201|[D201] 부동산세무경영학과
R019,[R019] 기업경영트랙,R010057,마케팅원론,주영혁,9,전선,Y,"마케팅원리, 박찬수, 법문사, 6판과 7판 모두 가능",필요시 제시할 예,20262110535R0100579,R019|[R019] 기업경영트랙;R01B|[R01B] 회계·재무경영트랙;R01D|[R01D] 부동산트랙;R01G|[R01G] 비즈니스애널리틱스트랙;D040|[D040] 경영학부;D172|[D172] 부동산학과;D201|[D201] 부동산세무경영학과
R019,[R019] 기업경영트랙,R010057,마케팅원론,주영혁,B,전선,Y,"마케팅원리, 박찬수, 법문사, 6판과 7판 모두 가능",필요시 제시할 예,20262110535R010057B,R019|[R019] 기업경영트랙;R01B|[R01B] 회계·재무경영트랙;R01D|[R01D] 부동산트랙;R01G|[R01G] 비즈니스애널리틱스트랙;D040|[D040] 경영학부;D172|[D172] 부동산학과;D201|[D201] 부동산세무경영학과
R019,[R019] 기업경영트랙,R010057,마케팅원론,차문경,8,전선,Y,"강의안
담당 교수가 매주 제작·업데이트하는 강의자료로, 최신 마케팅 사례와 트렌드를 반영하여 지속적으로 보완됩니다.","『마케팅원론』 ? 시중 교재 중 어느 것이나 참고 가능
추가 참고자료: Harvard Business Review(HBR), 대한상공회의소·산업 리서치기관의 최신 마케팅 트렌드 리포트, 주요 기업의 마케팅 사례(디지털 캠페인, 브랜드 전략 등)",20262110849R0100578,R019|[R019] 기업경영트랙;R01B|[R01B] 회계·재무경영트랙;R01D|[R01D] 부동산트랙;R01G|[R01G] 비즈니스애널리틱스트랙;D040|[D040] 경영학부;D172|[D172] 부동산학과;D201|[D201] 부동산세무경영학과
R019,[R019] 기업경영트랙,R010057,마케팅원론,차문경,A,전선,Y,"강의안
담당 교수가 매주 제작·업데이트하는 강의자료로, 최신 마케팅 사례와 트렌드를 반영하여 지속적으로 보완됩니다.","『마케팅원론』 ? 시중 교재 중 어느 것이나 참고 가능
추가 참고자료: Harvard Business Review(HBR), 대한상공회의소·산업 리서치기관의 최신 마케팅 트렌드 리포트, 주요 기업의 마케팅 사례(디지털 캠페인, 브랜드 전략 등)",20262110849R010057A,R019|[R019] 기업경영트랙;R01B|[R01B] 회계·재무경영트랙;R01D|[R01D] 부동산트랙;R01G|[R01G] 비즈니스애널리틱스트랙;D040|[D040] 경영학부;D172|[D172] 부동산학과;D201|[D201] 부동산세무경영학과
R019,[R019] 기업경영트랙,R010057,마케팅원론,차문경,C,전선,Y,"강의안
담당 교수가 매주 제작·업데이트하는 강의자료로, 최신 마케팅 사례와 트렌드를 반영하여 지속적으로 보완됩니다.","『마케팅원론』 ? 시중 교재 중 어느 것이나 참고 가능
추가 참고자료: Harvard Business Review(HBR), 대한상공회의소·산업 리서치기관의 최신 마케팅 트렌드 리포트, 주요 기업의 마케팅 사례(디지털 캠페인, 브랜드 전략 등)",20262110849R010057C,R019|[R019] 기업경영트랙;R01B|[R01B] 회계·재무경영트랙;R01D|[R01D] 부동산트랙;R01G|[R01G] 비즈니스애널리틱스트랙;D040|[D040] 경영학부;D172|[D172] 부동산학과;D201|[D201] 부동산세무경영학과
R019,[R019] 기업경영트랙,R010058,거시조직론,권상집,7,전선,Y,"본 교수의 강의자료(pdf 파일), 별도의 textbook은 없음",조직이론과 설계(Daft 저서),20262110838R0100587,R019|[R019] 기업경영트랙;R01B|[R01B] 회계·재무경영트랙;R01G|[R01G] 비즈니스애널리틱스트랙;D040|[D040] 경영학부
R019,[R019] 기업경영트랙,R010058,거시조직론,권상집,A,전선,Y,"본 교수의 강의자료(pdf 파일), 별도의 textbook은 없음",조직이론과 설계(Daft 저서),20262110838R010058A,R019|[R019] 기업경영트랙;R01B|[R01B] 회계·재무경영트랙;R01G|[R01G] 비즈니스애널리틱스트랙;D040|[D040] 경영학부
R019,[R019] 기업경영트랙,R010058,거시조직론,이제복,B,전선,Y,"조직이론과 설계(Richard L. Daft, 13th edition)",,20262516163R010058B,R019|[R019] 기업경영트랙;R01B|[R01B] 회계·재무경영트랙;R01G|[R01G] 비즈니스애널리틱스트랙;D040|[D040] 경영학부
R019,[R019] 기업경영트랙,R010058,거시조직론,이제복,N,전선,Y,"조직이론과 설계(Richard L. Daft, 13th edition)",,20262516163R010058N,R019|[R019] 기업경영트랙;R01B|[R01B] 회계·재무경영트랙;R01G|[R01G] 비즈니스애널리틱스트랙;D040|[D040] 경영학부
R019,[R019] 기업경영트랙,R010058,거시조직론,정라미,8,전선,Y,"조직이론과 설계 13판, Richard L. Daft, 한경사",필요 시 안내,20262110871R0100588,R019|[R019] 기업경영트랙;R01B|[R01B] 회계·재무경영트랙;R01G|[R01G] 비즈니스애널리틱스트랙;D040|[D040] 경영학부
R019,[R019] 기업경영트랙,R010059,소비자행동론,서민지,A,전선,Y,e-class에 강의안(pdf) 업로드 예정,"1) 이학식, 안광호, 하영원, 석관호 (2024), 소비자행동-마케팅 전략적 접근, 제8판, 서울: 집현재
2) Haugtvedt, C. P., Herr, P. M., & Kardes, F. R. (Eds.). (2018). Handbook of consumer psychology. Routledge.",20262516345R010059A,R019|[R019] 기업경영트랙;R01B|[R01B] 회계·재무경영트랙;R01G|[R01G] 비즈니스애널리틱스트랙;D040|[D040] 경영학부
R019,[R019] 기업경영트랙,R010059,소비자행동론,서민지,N,전선,Y,e-class에 강의안(pdf) 업로드 예정,"1) 이학식, 안광호, 하영원, 석관호 (2024), 소비자행동-마케팅 전략적 접근, 제8판, 서울: 집현재
2) Haugtvedt, C. P., Herr, P. M., & Kardes, F. R. (Eds.). (2018). Handbook of consumer psychology. Routledge.",20262516345R010059N,R019|[R019] 기업경영트랙;R01B|[R01B] 회계·재무경영트랙;R01G|[R01G] 비즈니스애널리틱스트랙;D040|[D040] 경영학부
R019,[R019] 기업경영트랙,R010063,기업가정신,강석훈,8,전선,Y,"기업가정신 (2nd edition) 저자: William Bygrave & Andrew Zacharakis, 역자: 이민화, 이현숙",스티브 잡스 전기 등 다양한 창업가의 전기,20262516161R0100638,R019|[R019] 기업경영트랙;R01B|[R01B] 회계·재무경영트랙;R01G|[R01G] 비즈니스애널리틱스트랙;D040|[D040] 경영학부
R019,[R019] 기업경영트랙,R010063,기업가정신,심경식,7,전선,Y,강의안(PDF) 별도 배부 (부교재 / 참고 문헌은 필수 교재 아님),"기술창업과 기업가정신 (박무열, 탑북스, 2025년)",20262516520R0100637,R019|[R019] 기업경영트랙;R01B|[R01B] 회계·재무경영트랙;R01G|[R01G] 비즈니스애널리틱스트랙;D040|[D040] 경영학부
R019,[R019] 기업경영트랙,R010063,기업가정신,심경식,A,전선,Y,강의안(PDF) 별도 배부 (부교재 / 참고 문헌은 필수 교재 아님),"기술창업과 기업가정신 (박무열, 탑북스, 2025년)",20262516520R010063A,R019|[R019] 기업경영트랙;R01B|[R01B] 회계·재무경영트랙;R01G|[R01G] 비즈니스애널리틱스트랙;D040|[D040] 경영학부
R019,[R019] 기업경영트랙,R010063,기업가정신,최희선,N,전선,Y,강의안(PDF) 별도 배부 (부교재 / 참고 문헌은 필수 교재 아님),"기업의 시대를 읽는 경영학( 김용민외 , 시대가치, 2019년) 기업가 정신(이종호, 상학당,2019년), 창업가 정신(Donald  f, Kuratko, 한경사,2016년), 기업가 정신 이론과 실천(김영수, 학현사, 2020년)",20262515093R010063N,R019|[R019] 기업경영트랙;R01B|[R01B] 회계·재무경영트랙;R01G|[R01G] 비즈니스애널리틱스트랙;D040|[D040] 경영학부
R019,[R019] 기업경영트랙,R010066,서비스사이언스,신재호,7,전선,Y,강의안,추후 공지,20262110839R0100667,R019|[R019] 기업경영트랙;R01B|[R01B] 회계·재무경영트랙;R01G|[R01G] 비즈니스애널리틱스트랙;D040|[D040] 경영학부
R019,[R019] 기업경영트랙,R010066,서비스사이언스,신재호,A,전선,Y,강의안,추후 공지,20262110839R010066A,R019|[R019] 기업경영트랙;R01B|[R01B] 회계·재무경영트랙;R01G|[R01G] 비즈니스애널리틱스트랙;D040|[D040] 경영학부
R019,[R019] 기업경영트랙,R010114,비즈니스 애널리틱스 개론,김영준,7,전선,Y,"이용구·김상조·곽일엽, 『통계학의 이해』(10판), 율곡출판사.","박찬규·강희찬·김준성·노택선(공역), 『경영경제통계학』(7판), McGraw-Hill.
황성동, 『누구나 할 수 있는 jamovi 통계분석 ? 빈도분석에서 구조방정식까지』, 학지사.",20262110934R0101147,R019|[R019] 기업경영트랙;R01B|[R01B] 회계·재무경영트랙;R01G|[R01G] 비즈니스애널리틱스트랙
R019,[R019] 기업경영트랙,R010115,비즈니스 데이터마이닝 캡스톤디자인,이동주,A,전선,Y,강의자료,없음,20262110583R010115A,R019|[R019] 기업경영트랙;R01B|[R01B] 회계·재무경영트랙;R01G|[R01G] 비즈니스애널리틱스트랙
R019,[R019] 기업경영트랙,R010115,비즈니스 데이터마이닝 캡스톤디자인,이동주,N,전선,Y,강의자료,없음,20262110583R010115N,R019|[R019] 기업경영트랙;R01B|[R01B] 회계·재무경영트랙;R01G|[R01G] 비즈니스애널리틱스트랙
R019,[R019] 기업경영트랙,R010117,마케팅프리인턴십,주영혁,7,전선,Y,별도의 교재는 없으며 필요한 경우 과제 작성을 위한 마케팅 전문가 특강을 제공할 예정임,부여된 과제를 해결하기 위한 관련 참고문헌을 제시할 수 있,20262110535R0101177,R019|[R019] 기업경영트랙
R019,[R019] 기업경영트랙,R019003,인적자원관리론,차종석,7,전필,Y,"Snell & Morris [인적자원관리] 19판, 한경사",관련 article 및 자료,20262110534R0190037,R019|[R019] 기업경영트랙;D040|[D040] 경영학부
R019,[R019] 기업경영트랙,R019003,인적자원관리론,차종석,9,전필,Y,"Snell & Morris [인적자원관리] 19판, 한경사",관련 article 및 자료,20262110534R0190039,R019|[R019] 기업경영트랙;D040|[D040] 경영학부
R019,[R019] 기업경영트랙,R019003,인적자원관리론,차종석,A,전필,Y,"Snell & Morris [인적자원관리] 19판, 한경사",관련 article 및 자료,20262110534R019003A,R019|[R019] 기업경영트랙;D040|[D040] 경영학부
R019,[R019] 기업경영트랙,R019003,인적자원관리론,하성욱,8,전필,Y,"차종석, 하성욱, 권상집, 문혜진 (역), 인적자원관리, 한경사, 2024.","임창희, 인적자원관리 (3판), 비앤엠북스, 2015.",20262110632R0190038,R019|[R019] 기업경영트랙;D040|[D040] 경영학부
R019,[R019] 기업경영트랙,R019003,인적자원관리론,하성욱,B,전필,Y,"차종석, 하성욱, 권상집, 문혜진 (역), 인적자원관리, 한경사, 2024.","임창희, 인적자원관리 (3판), 비앤엠북스, 2015.",20262110632R019003B,R019|[R019] 기업경영트랙;D040|[D040] 경영학부
R019,[R019] 기업경영트랙,R019003,인적자원관리론,하성욱,N,전필,Y,"차종석, 하성욱, 권상집, 문혜진 (역), 인적자원관리, 한경사, 2024.","임창희, 인적자원관리 (3판), 비앤엠북스, 2015.",20262110632R019003N,R019|[R019] 기업경영트랙;D040|[D040] 경영학부
R019,[R019] 기업경영트랙,R019007,마케팅커뮤니케이션,김윤식,7,전필,Y,"촉진관리: 통합적 마케팅 커뮤니케이션 접근(제4판), 안광호 외 2인, 학현사, 2020","Advertising and Promotion: An Integrated Marketing Communications Perspective, Belch, George E. and Michael A. Belch, McGraw Hill, 2023
디지털 마케팅의 전략적 기초, 에릭 그린버그, 알렉산더 케이즈, 진보래 옮김, 커뮤니케이션 북스, 2017",20262110872R0190077,R019|[R019] 기업경영트랙;D040|[D040] 경영학부
R019,[R019] 기업경영트랙,R019007,마케팅커뮤니케이션,김윤식,8,전필,Y,"촉진관리: 통합적 마케팅 커뮤니케이션 접근(제4판), 안광호 외 2인, 학현사, 2020","Advertising and Promotion: An Integrated Marketing Communications Perspective, Belch, George E. and Michael A. Belch, McGraw Hill, 2023
디지털 마케팅의 전략적 기초, 에릭 그린버그, 알렉산더 케이즈, 진보래 옮김, 커뮤니케이션 북스, 2017",20262110872R0190078,R019|[R019] 기업경영트랙;D040|[D040] 경영학부
R019,[R019] 기업경영트랙,R019007,마케팅커뮤니케이션,김윤식,A,전필,Y,"촉진관리: 통합적 마케팅 커뮤니케이션 접근(제4판), 안광호 외 2인, 학현사, 2020","Advertising and Promotion: An Integrated Marketing Communications Perspective, Belch, George E. and Michael A. Belch, McGraw Hill, 2023
디지털 마케팅의 전략적 기초, 에릭 그린버그, 알렉산더 케이즈, 진보래 옮김, 커뮤니케이션 북스, 2017",20262110872R019007A,R019|[R019] 기업경영트랙;D040|[D040] 경영학부
R019,[R019] 기업경영트랙,R019007,마케팅커뮤니케이션,김윤식,B,전필,Y,"촉진관리: 통합적 마케팅 커뮤니케이션 접근(제4판), 안광호 외 2인, 학현사, 2020","Advertising and Promotion: An Integrated Marketing Communications Perspective, Belch, George E. and Michael A. Belch, McGraw Hill, 2023
디지털 마케팅의 전략적 기초, 에릭 그린버그, 알렉산더 케이즈, 진보래 옮김, 커뮤니케이션 북스, 2017",20262110872R019007B,R019|[R019] 기업경영트랙;D040|[D040] 경영학부
R019,[R019] 기업경영트랙,R019007,마케팅커뮤니케이션,김윤식,N,전필,Y,"촉진관리: 통합적 마케팅 커뮤니케이션 접근(제4판), 안광호 외 2인, 학현사, 2020","Advertising and Promotion: An Integrated Marketing Communications Perspective, Belch, George E. and Michael A. Belch, McGraw Hill, 2023
디지털 마케팅의 전략적 기초, 에릭 그린버그, 알렉산더 케이즈, 진보래 옮김, 커뮤니케이션 북스, 2017",20262110872R019007N,R019|[R019] 기업경영트랙;D040|[D040] 경영학부
R019,[R019] 기업경영트랙,R019009,노사관계론,신영철,7,전필,Y,"신철우외 3인, 현대 노사관계론, 탑북스, 2022.","김성수, 신노사관계론, 탑북스, 2020.",20262511165R0190097,R019|[R019] 기업경영트랙;D040|[D040] 경영학부
R019,[R019] 기업경영트랙,R019009,노사관계론,신영철,8,전필,Y,"신철우외 3인, 현대 노사관계론, 탑북스, 2022.","김성수, 신노사관계론, 탑북스, 2020.",20262511165R0190098,R019|[R019] 기업경영트랙;D040|[D040] 경영학부
R019,[R019] 기업경영트랙,R019009,노사관계론,신영철,9,전필,Y,"신철우외 3인, 현대 노사관계론, 탑북스, 2022.","김성수, 신노사관계론, 탑북스, 2020.",20262511165R0190099,R019|[R019] 기업경영트랙;D040|[D040] 경영학부
R019,[R019] 기업경영트랙,R019009,노사관계론,최영수,A,전필,Y,"고용노사 관계론(4판), 박재춘, 김종철, 이공희, 최영우, 허찬영 공저, 한경사","각종 신문, 매거진, 유튜브",20262516508R019009A,R019|[R019] 기업경영트랙;D040|[D040] 경영학부
R019,[R019] 기업경영트랙,R019009,노사관계론,최영수,N,전필,Y,"고용노사 관계론(4판), 박재춘, 김종철, 이공희, 최영우, 허찬영 공저, 한경사","각종 신문, 매거진, 유튜브",20262516508R019009N,R019|[R019] 기업경영트랙;D040|[D040] 경영학부
R019,[R019] 기업경영트랙,R01B004,투자론,엄윤성,8,전선,Y,"박정식, 박종원, 엄윤성 『현대투자론』, 제 5판, 다산출판사, 2023","Z. Bodie, A. Kane and A. Marcus, 『Investments』, 14th edition, McGraw-Hill International Edition, 2026
민성기 엄윤성, 『재무관리원론』, 제 7판, 창민사, 2022",20262110599R01B0048,R019|[R019] 기업경영트랙;R01B|[R01B] 회계·재무경영트랙;D040|[D040] 경영학부;D121|[D121] 무역학과;D201|[D201] 부동산세무경영학과
R019,[R019] 기업경영트랙,R01B004,투자론,엄윤성,A,전선,Y,"박정식, 박종원, 엄윤성 『현대투자론』, 제 5판, 다산출판사, 2023","Z. Bodie, A. Kane and A. Marcus, 『Investments』, 14th edition, McGraw-Hill International Edition, 2026
민성기 엄윤성, 『재무관리원론』, 제 7판, 창민사, 2022",20262110599R01B004A,R019|[R019] 기업경영트랙;R01B|[R01B] 회계·재무경영트랙;D040|[D040] 경영학부;D121|[D121] 무역학과;D201|[D201] 부동산세무경영학과
R019,[R019] 기업경영트랙,R01B004,투자론,엄윤성,N,전선,Y,"박정식, 박종원, 엄윤성 『현대투자론』, 제 5판, 다산출판사, 2023","Z. Bodie, A. Kane and A. Marcus, 『Investments』, 14th edition, McGraw-Hill International Edition, 2026
민성기 엄윤성, 『재무관리원론』, 제 7판, 창민사, 2022",20262110599R01B004N,R019|[R019] 기업경영트랙;R01B|[R01B] 회계·재무경영트랙;D040|[D040] 경영학부;D121|[D121] 무역학과;D201|[D201] 부동산세무경영학과
R019,[R019] 기업경영트랙,R01G016,마케팅데이터분석,박은영,A,전선,Y,"주교재 : 마케팅조사론, Alvin Burns외, 시그마프레스, 2020.","이훈영 교수의 마케팅 조사론, 이훈영, 도서출판 청람, 2015. * 참고 : 마케팅조사 , 이학식, 집현재, 2017; SPSS 관련 책",20262516129R01G016A,R019|[R019] 기업경영트랙;R01G|[R01G] 비즈니스애널리틱스트랙
R019,[R019] 기업경영트랙,R01G016,마케팅데이터분석,박은영,N,전선,Y,"주교재 : 마케팅조사론, Alvin Burns외, 시그마프레스, 2020.","이훈영 교수의 마케팅 조사론, 이훈영, 도서출판 청람, 2015. * 참고 : 마케팅조사 , 이학식, 집현재, 2017; SPSS 관련 책",20262516129R01G016N,R019|[R019] 기업경영트랙;R01G|[R01G] 비즈니스애널리틱스트랙
R01B,[R01B] 회계·재무경영트랙,CTS0011,회계의 이해,이상혁,7,전기,Y,"K-IFRS 회계원리 (박영사, 김용식 저)",PPT 등,20262110859CTS00117,R01B|[R01B] 회계·재무경영트랙;D040|[D040] 경영학부;D201|[D201] 부동산세무경영학과
R01B,[R01B] 회계·재무경영트랙,CTS0011,회계의 이해,이상혁,8,전기,Y,"K-IFRS 회계원리 (박영사, 김용식 저)",PPT 등,20262110859CTS00118,R01B|[R01B] 회계·재무경영트랙;D040|[D040] 경영학부;D201|[D201] 부동산세무경영학과
R01B,[R01B] 회계·재무경영트랙,CTS0011,회계의 이해,이상혁,A,전기,Y,"K-IFRS 회계원리 (박영사, 김용식 저)",PPT 등,20262110859CTS0011A,R01B|[R01B] 회계·재무경영트랙;D040|[D040] 경영학부;D201|[D201] 부동산세무경영학과
R01B,[R01B] 회계·재무경영트랙,CTS0011,회계의 이해,이상혁,N,전기,Y,"K-IFRS 회계원리 (박영사, 김용식 저)",PPT 등,20262110859CTS0011N,R01B|[R01B] 회계·재무경영트랙;D040|[D040] 경영학부;D201|[D201] 부동산세무경영학과
R01B,[R01B] 회계·재무경영트랙,R01B003,원가회계,정균범,7,전필,Y,"원가관리회계(정균범, 이상혁, 김용식 저, 박영사)",없음/추가자료,20262110746R01B0037,R01B|[R01B] 회계·재무경영트랙;D040|[D040] 경영학부;D201|[D201] 부동산세무경영학과
R01B,[R01B] 회계·재무경영트랙,R01B003,원가회계,정균범,8,전필,Y,"원가관리회계(정균범, 이상혁, 김용식 저, 박영사)",없음/추가자료,20262110746R01B0038,R01B|[R01B] 회계·재무경영트랙;D040|[D040] 경영학부;D201|[D201] 부동산세무경영학과
R01B,[R01B] 회계·재무경영트랙,R01B003,원가회계,정균범,A,전필,Y,"원가관리회계(정균범, 이상혁, 김용식 저, 박영사)",없음/추가자료,20262110746R01B003A,R01B|[R01B] 회계·재무경영트랙;D040|[D040] 경영학부;D201|[D201] 부동산세무경영학과
R01B,[R01B] 회계·재무경영트랙,R01B003,원가회계,정균범,N,전필,Y,"원가관리회계(정균범, 이상혁, 김용식 저, 박영사)",없음/추가자료,20262110746R01B003N,R01B|[R01B] 회계·재무경영트랙;D040|[D040] 경영학부;D201|[D201] 부동산세무경영학과
R01B,[R01B] 회계·재무경영트랙,R01B007,경영분석,민성기,8,전필,Y,"경영분석 (2판), 민성기, 창민사",경제미디어,20262515767R01B0078,R01B|[R01B] 회계·재무경영트랙;D040|[D040] 경영학부
R01B,[R01B] 회계·재무경영트랙,R01B007,경영분석,민성기,A,전필,Y,"경영분석 (2판), 민성기, 창민사",경제미디어,20262515767R01B007A,R01B|[R01B] 회계·재무경영트랙;D040|[D040] 경영학부
R01B,[R01B] 회계·재무경영트랙,R01B008,중급회계,김용식,7,전필,Y,"K-IFRS 중급회계(2판, 김용식,김성혜, 김나연, 박하연 공저, 박영사)",기타 중급회계 교재,20262110616R01B0087,R01B|[R01B] 회계·재무경영트랙;D040|[D040] 경영학부;D201|[D201] 부동산세무경영학과
R01B,[R01B] 회계·재무경영트랙,R01B008,중급회계,김용식,8,전필,Y,"K-IFRS 중급회계(2판, 김용식,김성혜, 김나연, 박하연 공저, 박영사)",기타 중급회계 교재,20262110616R01B0088,R01B|[R01B] 회계·재무경영트랙;D040|[D040] 경영학부;D201|[D201] 부동산세무경영학과
R01B,[R01B] 회계·재무경영트랙,R01B008,중급회계,김용식,A,전필,Y,"K-IFRS 중급회계(2판, 김용식,김성혜, 김나연, 박하연 공저, 박영사)",기타 중급회계 교재,20262110616R01B008A,R01B|[R01B] 회계·재무경영트랙;D040|[D040] 경영학부;D201|[D201] 부동산세무경영학과
R01B,[R01B] 회계·재무경영트랙,R01B008,중급회계,김용식,N,전필,Y,"K-IFRS 중급회계(2판, 김용식,김성혜, 김나연, 박하연 공저, 박영사)",기타 중급회계 교재,20262110616R01B008N,R01B|[R01B] 회계·재무경영트랙;D040|[D040] 경영학부;D201|[D201] 부동산세무경영학과
R01B,[R01B] 회계·재무경영트랙,R01G015,기업재무분석,최용식,A,전선,Y,"'기업재무론', 최용식 서기수 저, 신영사, 2024",경제신문,20262515667R01G015A,R01B|[R01B] 회계·재무경영트랙;R01G|[R01G] 비즈니스애널리틱스트랙
R01B,[R01B] 회계·재무경영트랙,R01G015,기업재무분석,최용식,N,전선,Y,"'기업재무론', 최용식 서기수 저, 신영사, 2024",경제신문,20262515667R01G015N,R01B|[R01B] 회계·재무경영트랙;R01G|[R01G] 비즈니스애널리틱스트랙
R01C,[R01C] 공공행정트랙,CTS0019,AI시대의 공공행정,김지성,A,전기,Y,1주차에 안내,1주차에 안내,20262110785CTS0019A,R01C|[R01C] 공공행정트랙;D142|[D142] 행정학과
R01C,[R01C] 공공행정트랙,CTS0019,AI시대의 공공행정,김지성,N,전기,Y,1주차에 안내,1주차에 안내,20262110785CTS0019N,R01C|[R01C] 공공행정트랙;D142|[D142] 행정학과
R01C,[R01C] 공공행정트랙,R010119,행정 및 정책사례연구,강문호,7,전선,Y,수업중 안내,"김지원 편, 행정사례연구, 윤성사. 2026 박순애 편, 행정학사례연구, 대영문화사. 2015 서울대 행정대학원 편, 실패한 정책들, 박영사. 2015 한국정책학회 편, 정책사례연구, 대영문화사. 2014. 조용환, 질적연구 방법과 사례, 교육과학사. 1999",20262110687R0101197,R01C|[R01C] 공공행정트랙;D142|[D142] 행정학과
R01C,[R01C] 공공행정트랙,R015009,문제기반 행정학연습,김경희,A,전필,Y,"디지털거버넌스센터, <행정학트레이닝 >(제3판), 윤성사, 2025.","박민정, <표와 도식으로 정리하는 기본행정학>(제2판) 2025, 새행정학편집위원회, <새행정학학습 3.0>, 2022. 임의영, <공공성의 사상적 기초:다름과 어울림>, 2024.",20262110678R015009A,R01C|[R01C] 공공행정트랙;D142|[D142] 행정학과
R01C,[R01C] 공공행정트랙,R015009,문제기반 행정학연습,김경희,N,전필,Y,"디지털거버넌스센터, <행정학트레이닝 >(제3판), 윤성사, 2025.","박민정, <표와 도식으로 정리하는 기본행정학>(제2판) 2025, 새행정학편집위원회, <새행정학학습 3.0>, 2022. 임의영, <공공성의 사상적 기초:다름과 어울림>, 2024.",20262110678R015009N,R01C|[R01C] 공공행정트랙;D142|[D142] 행정학과
R01C,[R01C] 공공행정트랙,R01C010,디지털사회의 공공인재,김지성,A,전필,Y,추후 공지,추후 공지,20262110785R01C010A,R01C|[R01C] 공공행정트랙;D142|[D142] 행정학과
R01C,[R01C] 공공행정트랙,R01C010,디지털사회의 공공인재,김지성,N,전필,Y,추후 공지,추후 공지,20262110785R01C010N,R01C|[R01C] 공공행정트랙;D142|[D142] 행정학과
R01C,[R01C] 공공행정트랙,R01C011,AI와 공공재정관리,조문석,A,전필,Y,없음. 교수자가 제작한 주차별 강의자료(PDF)와 실습 노트북을 LMS를 통해 배포한다.,"별도 제공. 주차별 학습내용에 맞추어 다음 자료를 LMS에 게시한다.
· 「국가재정법」 및 동법 시행령 최신 개정본 (조문 대조용)
· 기획예산처 발간 연도별 예산안 및 국가재정운용계획
· 국회예산정책처 발간 예산안 총괄분석·분야별 재원배분 분석 보고서
· 실습용 공공재정 데이터셋 및 Google Colab 템플릿 노트북",20262110704R01C011A,R01C|[R01C] 공공행정트랙;D142|[D142] 행정학과
R01C,[R01C] 공공행정트랙,R01C011,AI와 공공재정관리,조문석,N,전필,Y,없음. 교수자가 제작한 주차별 강의자료(PDF)와 실습 노트북을 LMS를 통해 배포한다.,"별도 제공. 주차별 학습내용에 맞추어 다음 자료를 LMS에 게시한다.
· 「국가재정법」 및 동법 시행령 최신 개정본 (조문 대조용)
· 기획예산처 발간 연도별 예산안 및 국가재정운용계획
· 국회예산정책처 발간 예산안 총괄분석·분야별 재원배분 분석 보고서
· 실습용 공공재정 데이터셋 및 Google Colab 템플릿 노트북",20262110704R01C011N,R01C|[R01C] 공공행정트랙;D142|[D142] 행정학과
R01C,[R01C] 공공행정트랙,R01C012,AI기반 공공행정프로젝트 캡스톤디자인,"최천근,한명진,김은주,김인태",7,전필,Y,없음,없음,20262110850R01C0127,R01C|[R01C] 공공행정트랙
R01D,[R01D] 부동산트랙,CTS0007,부동산학의 이해,김병진,A,전기,Y,강의자료,"ⅰ) 안정근, 「현대부동산학」, 양현사, 2019
ⅱ) 백성준 외, 「부동산학개론」, 법문사, 2024",20262110681CTS0007A,R01D|[R01D] 부동산트랙;D172|[D172] 부동산학과
R01D,[R01D] 부동산트랙,CTS0007,부동산학의 이해,김병진,N,전기,Y,강의자료,"ⅰ) 안정근, 「현대부동산학」, 양현사, 2019
ⅱ) 백성준 외, 「부동산학개론」, 법문사, 2024",20262110681CTS0007N,R01D|[R01D] 부동산트랙;D172|[D172] 부동산학과
R01D,[R01D] 부동산트랙,CTS0007,부동산학의 이해,나명환,B,전기,Y,강의자료 제공,"안정근,「현대부동산학」, 양현사, 2019",20262110929CTS0007B,R01D|[R01D] 부동산트랙;D172|[D172] 부동산학과
R01D,[R01D] 부동산트랙,CTS0007,부동산학의 이해,나명환,O,전기,Y,강의자료 제공,"안정근,「현대부동산학」, 양현사, 2019",20262110929CTS0007O,R01D|[R01D] 부동산트랙;D172|[D172] 부동산학과
R01D,[R01D] 부동산트랙,R010069,부동산권리분석 및 경매,김병진,A,전선,Y,"김재범, 부동산권리분석 오늘부터 1일, 스마트북스, 2023","ⅰ) 민태욱, 부동산사법, 부연사, 2022 
ⅱ) 법원실무제요 민사집행 Ⅱ, 법원행정처",20262110681R010069A,R01D|[R01D] 부동산트랙;D172|[D172] 부동산학과
R01D,[R01D] 부동산트랙,R010069,부동산권리분석 및 경매,김병진,N,전선,Y,"김재범, 부동산권리분석 오늘부터 1일, 스마트북스, 2023","ⅰ) 민태욱, 부동산사법, 부연사, 2022 
ⅱ) 법원실무제요 민사집행 Ⅱ, 법원행정처",20262110681R010069N,R01D|[R01D] 부동산트랙;D172|[D172] 부동산학과
R01D,[R01D] 부동산트랙,R010088,감정평가론,민태욱,7,전선,Y,"민태욱, 감정평가론(제2판), 부연사, 2023.",없음,20262110523R0100887,R01D|[R01D] 부동산트랙;D172|[D172] 부동산학과
R01D,[R01D] 부동산트랙,R017001,부동산과 컴퓨터,임병준,7,전필,Y,강의교재(배포),"엑셀 메뉴얼, 아래한글 메뉴얼",20262110561R0170017,R01D|[R01D] 부동산트랙;D172|[D172] 부동산학과
R01D,[R01D] 부동산트랙,R017001,부동산과 컴퓨터,임병준,A,전필,Y,강의교재(배포),"엑셀 메뉴얼, 아래한글 메뉴얼",20262110561R017001A,R01D|[R01D] 부동산트랙;D172|[D172] 부동산학과
R01D,[R01D] 부동산트랙,R017001,부동산과 컴퓨터,임병준,N,전필,Y,강의교재(배포),"엑셀 메뉴얼, 아래한글 메뉴얼",20262110561R017001N,R01D|[R01D] 부동산트랙;D172|[D172] 부동산학과
R01D,[R01D] 부동산트랙,R017004,부동산공법론,민태욱,A,전필,Y,"민태욱, 부동산공법론(제12판), 부연사, 2024.",없음,20262110523R017004A,R01D|[R01D] 부동산트랙;D172|[D172] 부동산학과
R01D,[R01D] 부동산트랙,R017004,부동산공법론,민태욱,N,전필,Y,"민태욱, 부동산공법론(제12판), 부연사, 2024.",없음,20262110523R017004N,R01D|[R01D] 부동산트랙;D172|[D172] 부동산학과
R01D,[R01D] 부동산트랙,R017009,부동산투자금융론,나명환,7,전필,Y,"이용만, 임재만, 부동산금융론: 이론과 실제, 다산출판사, 2023","Bruggeman and Fisher, Real Estate Finance and Investment, Irwin, 2010",20262110929R0170097,R01D|[R01D] 부동산트랙;D172|[D172] 부동산학과;D201|[D201] 부동산세무경영학과
R01D,[R01D] 부동산트랙,R017009,부동산투자금융론,나명환,N,전필,Y,"이용만, 임재만, 부동산금융론: 이론과 실제, 다산출판사, 2023","Bruggeman and Fisher, Real Estate Finance and Investment, Irwin, 2010",20262110929R017009N,R01D|[R01D] 부동산트랙;D172|[D172] 부동산학과;D201|[D201] 부동산세무경영학과
R01D,[R01D] 부동산트랙,R017009,부동산투자금융론,이용만,A,전필,Y,"이용만, 임재만, ""부동산금융론 : 이론과 실제"", 다산출판사, 2023","Bruggeman and Fisher, ""Real Estate Finance and Investment"", Irwin, 2010",20262510703R017009A,R01D|[R01D] 부동산트랙;D172|[D172] 부동산학과;D201|[D201] 부동산세무경영학과
R01D,[R01D] 부동산트랙,R017010,부동산개발캡스톤디자인,최정우,7,전필,Y,"배성준 외 1인 , 부동산 자산관리개론, 매경 krpm2017","박태원, 부동산 개발론, kobo,2007",20262514648R0170107,R01D|[R01D] 부동산트랙;D172|[D172] 부동산학과
R01E,[R01E] 스마트도시·교통계획트랙,CTS0015,스마트도시와 교통,조재우,A,전기,Y,강의 슬라이드,-,20262110802CTS0015A,R01E|[R01E] 스마트도시·교통계획트랙;D172|[D172] 부동산학과
R01E,[R01E] 스마트도시·교통계획트랙,CTS0015,스마트도시와 교통,조재우,N,전기,Y,강의 슬라이드,-,20262110802CTS0015N,R01E|[R01E] 스마트도시·교통계획트랙;D172|[D172] 부동산학과
R01E,[R01E] 스마트도시·교통계획트랙,M020035,세계 속의 코리아타운 메타버스,"백성준,오정은",7,전선,Y,교수제공 강의노트,"임영상 외. 코리아타운과 한국문화. 북코리아. 2012; 임영상-주동완 외. 코리아타운과 축제. 북코리아. 2015; 강건영. 하와이, 멕시코, 남미로의 한인이민, 도서출판 선인. 2017; 이승환-한상열. 메타버스 비긴즈(Begins)",20262110787M0200357,R01E|[R01E] 스마트도시·교통계획트랙;M020|[M020] C&C School
R01E,[R01E] 스마트도시·교통계획트랙,M020035,세계 속의 코리아타운 메타버스,"백성준,오정은",A,전선,Y,교수제공 강의노트,"임영상 외. 코리아타운과 한국문화. 북코리아. 2012; 임영상-주동완 외. 코리아타운과 축제. 북코리아. 2015; 강건영. 하와이, 멕시코, 남미로의 한인이민, 도서출판 선인. 2017; 이승환-한상열. 메타버스 비긴즈(Begins)",20262110787M020035A,R01E|[R01E] 스마트도시·교통계획트랙;M020|[M020] C&C School
R01E,[R01E] 스마트도시·교통계획트랙,R010082,대중교통계획 및 운영,남두희,7,전선,Y,e-learning 사이트 자료,e-learning 사이트 자료,20262110586R0100827,R01E|[R01E] 스마트도시·교통계획트랙;D172|[D172] 부동산학과
R01E,[R01E] 스마트도시·교통계획트랙,R010107,도시경제와 입지분석,백성준,7,전선,Y,"도시경제론, 정의철 외 (방송통신대 교재)","강의자료 PPP 유인물
부동산입지이론과 실제 (한성대학교 출판부)",20262110593R0101077,R01E|[R01E] 스마트도시·교통계획트랙;D172|[D172] 부동산학과
R01E,[R01E] 스마트도시·교통계획트랙,R018011,도시설계와단지계획,장남종,7,전필,Y,강의 슬라이드,추후 공지,20262516250R0180117,R01E|[R01E] 스마트도시·교통계획트랙;D172|[D172] 부동산학과
R01E,[R01E] 스마트도시·교통계획트랙,R018012,교통계획,남두희,7,전필,Y,"교통계획, 청문각",없음,20262110586R0180127,R01E|[R01E] 스마트도시·교통계획트랙;D172|[D172] 부동산학과
R01E,[R01E] 스마트도시·교통계획트랙,R018012,교통계획,남두희,8,전필,Y,"교통계획, 청문각",없음,20262110586R0180128,R01E|[R01E] 스마트도시·교통계획트랙;D172|[D172] 부동산학과
R01E,[R01E] 스마트도시·교통계획트랙,R018015,지역개발계획과 사회공헌,이현진,7,전필,Y,강의 유인물,"지역개발론. 황명찬 저 / 지속가능부동산개발론, 박태원 저",20262515149R0180157,R01E|[R01E] 스마트도시·교통계획트랙;D172|[D172] 부동산학과;D201|[D201] 부동산세무경영학과
R01E,[R01E] 스마트도시·교통계획트랙,R01E001,스마트도시 캡스톤디자인,"남두희,백성준,조재우",7,전필,Y,없음,없음,20262110586R01E0017,R01E|[R01E] 스마트도시·교통계획트랙;D172|[D172] 부동산학과
R01F,[R01F] 경제금융투자트랙,CTS0016,경제 금융투자 이해(거시경제기초),김정렬,7,전기,Y,"이준구, 이창용 공저, 경제학원론(제7판), 2025, 문우사",.,20262110584CTS00167,R01F|[R01F] 경제금융투자트랙;D132|[D132] 경제학과
R01F,[R01F] 경제금융투자트랙,CTS0016,경제 금융투자 이해(거시경제기초),김정렬,A,전기,Y,"이준구, 이창용 공저, 경제학원론(제7판), 2025, 문우사",.,20262110584CTS0016A,R01F|[R01F] 경제금융투자트랙;D132|[D132] 경제학과
R01F,[R01F] 경제금융투자트랙,CTS0016,경제 금융투자 이해(거시경제기초),김정렬,N,전기,Y,"이준구, 이창용 공저, 경제학원론(제7판), 2025, 문우사",.,20262110584CTS0016N,R01F|[R01F] 경제금융투자트랙;D132|[D132] 경제학과
R01F,[R01F] 경제금융투자트랙,R010011,국제경제학,이대연,7,전선,Y,"-제8판 국제경제론, 김신행/김태기, 법문사 2024","-제7판 국제경제론, 김영준/이영섭, 다산출판사 2023",20262515806R0100117,R01F|[R01F] 경제금융투자트랙;D132|[D132] 경제학과
R01F,[R01F] 경제금융투자트랙,R01F001,거시경제학,배성일,7,전필,Y,"김경수 & 박대근, 2025, 거시경제학, 7판 (박영사)","1. 이준구 & 이창용, 2025, 경제학원론, 7판 (문우사) 
2. 정운찬 외, 2022, 거시경제론, 13판 (율곡출판사)",20262110904R01F0017,R01F|[R01F] 경제금융투자트랙
R01F,[R01F] 경제금융투자트랙,R01F004,보험시장론,김정렬,A,전필,Y,"리스크와 보험, 보험경영연구회, 문영사, 2019",.,20262110584R01F004A,R01F|[R01F] 경제금융투자트랙
R01F,[R01F] 경제금융투자트랙,R01F004,보험시장론,김정렬,N,전필,Y,"리스크와 보험, 보험경영연구회, 문영사, 2019",.,20262110584R01F004N,R01F|[R01F] 경제금융투자트랙
R01F,[R01F] 경제금융투자트랙,R01F006,행동경제학 캡스톤디자인,배성일,A,전필,Y,없음,"1. 도모노 노리오, 2019, 행동경제학 (지형)
2. 최성희, 2022, 인간감성으로 풀어보는 행동경제학 이야기 (시그마프레스)
3. 김상봉, 2013, 행동경제학 (지필미디어)",20262110904R01F006A,R01F|[R01F] 경제금융투자트랙
R01F,[R01F] 경제금융투자트랙,R01F006,행동경제학 캡스톤디자인,배성일,N,전필,Y,없음,"1. 도모노 노리오, 2019, 행동경제학 (지형)
2. 최성희, 2022, 인간감성으로 풀어보는 행동경제학 이야기 (시그마프레스)
3. 김상봉, 2013, 행동경제학 (지필미디어)",20262110904R01F006N,R01F|[R01F] 경제금융투자트랙
R01G,[R01G] 비즈니스애널리틱스트랙,CTS0018,비즈니스 애널리틱스의 이해,이동원,7,전기,Y,수업 중 공지,수업 중 공지,20262110754CTS00187,R01G|[R01G] 비즈니스애널리틱스트랙
R01G,[R01G] 비즈니스애널리틱스트랙,CTS0018,비즈니스 애널리틱스의 이해,이동원,A,전기,Y,수업 중 공지,수업 중 공지,20262110754CTS0018A,R01G|[R01G] 비즈니스애널리틱스트랙
R01G,[R01G] 비즈니스애널리틱스트랙,CTS0018,비즈니스 애널리틱스의 이해,이동원,N,전기,Y,수업 중 공지,수업 중 공지,20262110754CTS0018N,R01G|[R01G] 비즈니스애널리틱스트랙
R01G,[R01G] 비즈니스애널리틱스트랙,CTS0018,비즈니스 애널리틱스의 이해,이동주,8,전기,Y,강의 자료 (별도 교과서 없음),없음,20262110583CTS00188,R01G|[R01G] 비즈니스애널리틱스트랙
R01G,[R01G] 비즈니스애널리틱스트랙,R010064,공급사슬전략,오병섭,A,전선,Y,"공급사슬관리, 서용원 외 3인, 생능(2025)","공급사슬관리, 김수옥 외 3인, 한경사",20262110715R010064A,R01G|[R01G] 비즈니스애널리틱스트랙
R01G,[R01G] 비즈니스애널리틱스트랙,R010064,공급사슬전략,오병섭,N,전선,Y,"공급사슬관리, 서용원 외 3인, 생능(2025)","공급사슬관리, 김수옥 외 3인, 한경사",20262110715R010064N,R01G|[R01G] 비즈니스애널리틱스트랙
R01G,[R01G] 비즈니스애널리틱스트랙,R01G012,경영데이터 베이스론,이형용,A,전필,Y,Modern Database Management Systems (Hoffer et al.)  up to date Edition,그 외 참고 문헌 및 수업자료,20262110588R01G012A,R01G|[R01G] 비즈니스애널리틱스트랙
R01G,[R01G] 비즈니스애널리틱스트랙,R01G012,경영데이터 베이스론,이형용,N,전필,Y,Modern Database Management Systems (Hoffer et al.)  up to date Edition,그 외 참고 문헌 및 수업자료,20262110588R01G012N,R01G|[R01G] 비즈니스애널리틱스트랙
T011,[T011] 패션마케팅트랙,CTA0001,패션비지니스 이해,지혜경,A,전기,Y,강의노트,"고든 T. 켄달(2015), 패션게임, 패션산업 따라잡기(번역; 이윤정 외), 시그마프레스",20262110571CTA0001A,T011|[T011] 패션마케팅트랙;G040|[G040] 패션학부;O050|[O050] 패션뷰티크리에이션학과
T011,[T011] 패션마케팅트랙,CTA0001,패션비지니스 이해,지혜경,N,전기,Y,강의노트,"고든 T. 켄달(2015), 패션게임, 패션산업 따라잡기(번역; 이윤정 외), 시그마프레스",20262110571CTA0001N,T011|[T011] 패션마케팅트랙;G040|[G040] 패션학부;O050|[O050] 패션뷰티크리에이션학과
T011,[T011] 패션마케팅트랙,T010008,패션브랜드와커뮤니케이션,채진미,7,전선,Y,교수가 제작한 강의 파일,"고은주, 이미아, 이미영. (2023). 패션브랜드와 커뮤니케이션. 파주: 교문사.
서용구, 구인경. (2017). (마켓 4.0 시대의)브랜드 마케팅 (제3판). 하남: 창명.",20262110626T0100087,T011|[T011] 패션마케팅트랙;T013|[T013] 패션크리에이티브디렉션트랙;G040|[G040] 패션학부;O050|[O050] 패션뷰티크리에이션학과
T011,[T011] 패션마케팅트랙,T010008,패션브랜드와커뮤니케이션,채진미,A,전선,Y,교수가 제작한 강의 파일,"고은주, 이미아, 이미영. (2023). 패션브랜드와 커뮤니케이션. 파주: 교문사.
서용구, 구인경. (2017). (마켓 4.0 시대의)브랜드 마케팅 (제3판). 하남: 창명.",20262110626T010008A,T011|[T011] 패션마케팅트랙;T013|[T013] 패션크리에이티브디렉션트랙;G040|[G040] 패션학부;O050|[O050] 패션뷰티크리에이션학과
T011,[T011] 패션마케팅트랙,T010008,패션브랜드와커뮤니케이션,채진미,N,전선,Y,교수가 제작한 강의 파일,"고은주, 이미아, 이미영. (2023). 패션브랜드와 커뮤니케이션. 파주: 교문사.
서용구, 구인경. (2017). (마켓 4.0 시대의)브랜드 마케팅 (제3판). 하남: 창명.",20262110626T010008N,T011|[T011] 패션마케팅트랙;T013|[T013] 패션크리에이티브디렉션트랙;G040|[G040] 패션학부;O050|[O050] 패션뷰티크리에이션학과
T011,[T011] 패션마케팅트랙,T010009,어패럴패턴디자인,윤진아,7,전선,Y,"패턴메이킹, 김경순, 교학연구사",.,20262110594T0100097,T011|[T011] 패션마케팅트랙;T012|[T012] 패션디자인트랙;G040|[G040] 패션학부
T011,[T011] 패션마케팅트랙,T010009,어패럴패턴디자인,윤진아,A,전선,Y,"패턴메이킹, 김경순, 교학연구사",.,20262110594T010009A,T011|[T011] 패션마케팅트랙;T012|[T012] 패션디자인트랙;G040|[G040] 패션학부
T011,[T011] 패션마케팅트랙,T010009,어패럴패턴디자인,윤진아,B,전선,Y,"패턴메이킹, 김경순, 교학연구사",.,20262110594T010009B,T011|[T011] 패션마케팅트랙;T012|[T012] 패션디자인트랙;G040|[G040] 패션학부
T011,[T011] 패션마케팅트랙,T010009,어패럴패턴디자인,윤진아,N,전선,Y,"패턴메이킹, 김경순, 교학연구사",.,20262110594T010009N,T011|[T011] 패션마케팅트랙;T012|[T012] 패션디자인트랙;G040|[G040] 패션학부
T011,[T011] 패션마케팅트랙,T010009,어패럴패턴디자인,윤진아,P,전선,Y,"패턴메이킹, 김경순, 교학연구사",.,20262110594T010009P,T011|[T011] 패션마케팅트랙;T012|[T012] 패션디자인트랙;G040|[G040] 패션학부
T011,[T011] 패션마케팅트랙,T010012,한국복식사,박은주,A,전선,Y,우리옷 이천년,"한국복식문화사, 한국복식사, 한국복식사연구",20262516346T010012A,T011|[T011] 패션마케팅트랙;T013|[T013] 패션크리에이티브디렉션트랙;G040|[G040] 패션학부
T011,[T011] 패션마케팅트랙,T010012,한국복식사,박은주,N,전선,Y,우리옷 이천년,"한국복식문화사, 한국복식사, 한국복식사연구",20262516346T010012N,T011|[T011] 패션마케팅트랙;T013|[T013] 패션크리에이티브디렉션트랙;G040|[G040] 패션학부
T011,[T011] 패션마케팅트랙,T010019,소비자행동,권한글,A,전선,Y,교수 제작 PPT 및 강의자료,"이학식 외(2024), 『소비자행동』, 집현재; Solomon(2022), 『소비자행동론』, 한빛아카데미; 고민정(2022), 『소비자 행동론』, 생능출판; 국내외 패션 소비자 트렌드 및 디지털·AI 관련 최신 자료.",20262516517T010019A,T011|[T011] 패션마케팅트랙;G040|[G040] 패션학부
T011,[T011] 패션마케팅트랙,T010019,소비자행동,권한글,N,전선,Y,교수 제작 PPT 및 강의자료,"이학식 외(2024), 『소비자행동』, 집현재; Solomon(2022), 『소비자행동론』, 한빛아카데미; 고민정(2022), 『소비자 행동론』, 생능출판; 국내외 패션 소비자 트렌드 및 디지털·AI 관련 최신 자료.",20262516517T010019N,T011|[T011] 패션마케팅트랙;G040|[G040] 패션학부
T011,[T011] 패션마케팅트랙,T010023,글로벌패션시스템,권한글,A,전선,Y,교수 제작 PPT 및 강의자료,"손미영·최윤정(2024), 『글로벌 패션 비즈니스』, KNOUPRESS; 국내외 패션산업·글로벌 시장·디지털·AI 관련 최신 자료.",20262516517T010023A,T011|[T011] 패션마케팅트랙;T013|[T013] 패션크리에이티브디렉션트랙;G040|[G040] 패션학부
T011,[T011] 패션마케팅트랙,T010023,글로벌패션시스템,권한글,N,전선,Y,교수 제작 PPT 및 강의자료,"손미영·최윤정(2024), 『글로벌 패션 비즈니스』, KNOUPRESS; 국내외 패션산업·글로벌 시장·디지털·AI 관련 최신 자료.",20262516517T010023N,T011|[T011] 패션마케팅트랙;T013|[T013] 패션크리에이티브디렉션트랙;G040|[G040] 패션학부
T011,[T011] 패션마케팅트랙,T010029,패션데이터 어낼리틱스,신은정,A,전선,Y,강의노트,"안동혁, 김선영. (2017). 빅데이터 분석 개론. 보리별. Luce, L. (2021). Artificial Intelligence for Fashion: How AI is Revolutionizing the Fashion Industry (1st ed.). Apress.",20262110905T010029A,T011|[T011] 패션마케팅트랙;G040|[G040] 패션학부
T011,[T011] 패션마케팅트랙,T010029,패션데이터 어낼리틱스,신은정,N,전선,Y,강의노트,"안동혁, 김선영. (2017). 빅데이터 분석 개론. 보리별. Luce, L. (2021). Artificial Intelligence for Fashion: How AI is Revolutionizing the Fashion Industry (1st ed.). Apress.",20262110905T010029N,T011|[T011] 패션마케팅트랙;G040|[G040] 패션학부
T011,[T011] 패션마케팅트랙,T011009,패션소재기획,장재연,A,전필,Y,"?김은애 외, 패션 텍스타일, 교문사, 개정판
?박정희 외, 의류소재, 교문사, 개정판
?김정규, 박정희, 패션소재기획, 교문사, 개정판","?김은애 외, 패션소재기획과 정보, 교문사, 개정판
?송화순 외, 텍스타일, 교문사, 개정판 
?정인희, 조윤진, 패션을 위한 소재기획 워크북, 교문사, 개정판
?박송애, 서은경, 패션 포트폴리오-패션의 시각적 표현, 경춘사
?엄소희 외, 패션상품 디자인 기획, 교문사, 개정판
?오경화 외, 패션 커넥션, 교문사",20262515646T011009A,T011|[T011] 패션마케팅트랙;G040|[G040] 패션학부
T011,[T011] 패션마케팅트랙,T011009,패션소재기획,장재연,N,전필,Y,"?김은애 외, 패션 텍스타일, 교문사, 개정판
?박정희 외, 의류소재, 교문사, 개정판
?김정규, 박정희, 패션소재기획, 교문사, 개정판","?김은애 외, 패션소재기획과 정보, 교문사, 개정판
?송화순 외, 텍스타일, 교문사, 개정판 
?정인희, 조윤진, 패션을 위한 소재기획 워크북, 교문사, 개정판
?박송애, 서은경, 패션 포트폴리오-패션의 시각적 표현, 경춘사
?엄소희 외, 패션상품 디자인 기획, 교문사, 개정판
?오경화 외, 패션 커넥션, 교문사",20262515646T011009N,T011|[T011] 패션마케팅트랙;G040|[G040] 패션학부
T011,[T011] 패션마케팅트랙,T011010,온라인 패션스타트업 캡스톤디자인,"신은정,김주형",A,전필,Y,강의노트,,20262110905T011010A,T011|[T011] 패션마케팅트랙;G040|[G040] 패션학부
T011,[T011] 패션마케팅트랙,T011010,온라인 패션스타트업 캡스톤디자인,"신은정,김주형",N,전필,Y,강의노트,,20262110905T011010N,T011|[T011] 패션마케팅트랙;G040|[G040] 패션학부
T012,[T012] 패션디자인트랙,CTA0002,패션디자인,정윤경,A,전기,Y,강의자 준비 자료,"한성지,김이영(2025), 패션디자인, 교학연구사
염혜정 외 4인(2022), 패션디자인, 교문사
이은영(2003), 복식디자인론, 교문사",20262514234CTA0002A,T012|[T012] 패션디자인트랙;G040|[G040] 패션학부
T012,[T012] 패션디자인트랙,CTA0002,패션디자인,정윤경,N,전기,Y,강의자 준비 자료,"한성지,김이영(2025), 패션디자인, 교학연구사
염혜정 외 4인(2022), 패션디자인, 교문사
이은영(2003), 복식디자인론, 교문사",20262514234CTA0002N,T012|[T012] 패션디자인트랙;G040|[G040] 패션학부
T012,[T012] 패션디자인트랙,T010006,서양복식사,안현주,A,전선,Y,자체 제작 PPT,"서양패션멀티콘텐츠, 김민자 외, 교문사
서양복식사, 신상옥 저, 수학사",20262110589T010006A,T012|[T012] 패션디자인트랙;T013|[T013] 패션크리에이티브디렉션트랙;G040|[G040] 패션학부
T012,[T012] 패션디자인트랙,T010006,서양복식사,안현주,N,전선,Y,자체 제작 PPT,"서양패션멀티콘텐츠, 김민자 외, 교문사
서양복식사, 신상옥 저, 수학사",20262110589T010006N,T012|[T012] 패션디자인트랙;T013|[T013] 패션크리에이티브디렉션트랙;G040|[G040] 패션학부
T012,[T012] 패션디자인트랙,T010007,패션일러스트레이션,정희경,7,전선,Y,"패션일러스트레이션 노트  VOL 2, 박정수 저, 교학연구사","Illustrating Fashion by Sloanne, 9 Heads by Nancy Riegelman",20262516300T0100077,T012|[T012] 패션디자인트랙;G040|[G040] 패션학부
T012,[T012] 패션디자인트랙,T010007,패션일러스트레이션,정희경,A,전선,Y,"패션일러스트레이션 노트  VOL 2, 박정수 저, 교학연구사","Illustrating Fashion by Sloanne, 9 Heads by Nancy Riegelman",20262516300T010007A,T012|[T012] 패션디자인트랙;G040|[G040] 패션학부
T012,[T012] 패션디자인트랙,T010007,패션일러스트레이션,정희경,N,전선,Y,"패션일러스트레이션 노트  VOL 2, 박정수 저, 교학연구사","Illustrating Fashion by Sloanne, 9 Heads by Nancy Riegelman",20262516300T010007N,T012|[T012] 패션디자인트랙;G040|[G040] 패션학부
T012,[T012] 패션디자인트랙,T010010,드레이핑,홍성애,7,전선,Y,[패션드레이핑] Hilde Jaffe & Nurie Relis 저. 이선재/이민경 역. 경춘사,". Hilde Jaffe & Nurie Relis . Draping for Fashion Design. Prentice. . Armstrong, H.J. Draping for Apparel Design. Fairchild. . Connie Amaden-Crawford. The Art of Fashion Draping . Fairchild.",20262110092T0100107,T012|[T012] 패션디자인트랙;G040|[G040] 패션학부
T012,[T012] 패션디자인트랙,T010010,드레이핑,홍성애,8,전선,Y,[패션드레이핑] Hilde Jaffe & Nurie Relis 저. 이선재/이민경 역. 경춘사,". Hilde Jaffe & Nurie Relis . Draping for Fashion Design. Prentice. . Armstrong, H.J. Draping for Apparel Design. Fairchild. . Connie Amaden-Crawford. The Art of Fashion Draping . Fairchild.",20262110092T0100108,T012|[T012] 패션디자인트랙;G040|[G040] 패션학부
T012,[T012] 패션디자인트랙,T010010,드레이핑,홍성애,A,전선,Y,[패션드레이핑] Hilde Jaffe & Nurie Relis 저. 이선재/이민경 역. 경춘사,". Hilde Jaffe & Nurie Relis . Draping for Fashion Design. Prentice. . Armstrong, H.J. Draping for Apparel Design. Fairchild. . Connie Amaden-Crawford. The Art of Fashion Draping . Fairchild.",20262110092T010010A,T012|[T012] 패션디자인트랙;G040|[G040] 패션학부
T012,[T012] 패션디자인트랙,T010010,드레이핑,홍성애,N,전선,Y,[패션드레이핑] Hilde Jaffe & Nurie Relis 저. 이선재/이민경 역. 경춘사,". Hilde Jaffe & Nurie Relis . Draping for Fashion Design. Prentice. . Armstrong, H.J. Draping for Apparel Design. Fairchild. . Connie Amaden-Crawford. The Art of Fashion Draping . Fairchild.",20262110092T010010N,T012|[T012] 패션디자인트랙;G040|[G040] 패션학부
T012,[T012] 패션디자인트랙,T010018,니트디자인,박아진,A,전선,Y,없음,"니트웨어(교문사. 2013, 줄리아시손스), 니트교과서(학원사, 2011, 사단법인 한국손뜨개 협회",20262516372T010018A,T012|[T012] 패션디자인트랙;G040|[G040] 패션학부
T012,[T012] 패션디자인트랙,T010018,니트디자인,박아진,N,전선,Y,없음,"니트웨어(교문사. 2013, 줄리아시손스), 니트교과서(학원사, 2011, 사단법인 한국손뜨개 협회",20262516372T010018N,T012|[T012] 패션디자인트랙;G040|[G040] 패션학부
T012,[T012] 패션디자인트랙,T010021,테크니컬디자인,김복희,A,전선,Y,"교재: ‘의류 디자이너를 위한 테크니컬 디자인 지침서', Jaeil Lee, Camile Steen 지음, 이재일, 조은주 옮   김, 시그마프레스,  2012년","1. 부교재: ‘(테크니컬 디자이너와 패션 디자이너를 위한) 테크니컬 디자인’, 데보라 비어드 지음, 남윤자 외   옮김, 교문사, 2020년
2.Complete Guide to Size Specification & Technical Design 3 ed. Paula J. Myers-Mcdevitt,  Bloomsbury, 2016",20262110655T010021A,T012|[T012] 패션디자인트랙;G040|[G040] 패션학부
T012,[T012] 패션디자인트랙,T010021,테크니컬디자인,김복희,N,전선,Y,"교재: ‘의류 디자이너를 위한 테크니컬 디자인 지침서', Jaeil Lee, Camile Steen 지음, 이재일, 조은주 옮   김, 시그마프레스,  2012년","1. 부교재: ‘(테크니컬 디자이너와 패션 디자이너를 위한) 테크니컬 디자인’, 데보라 비어드 지음, 남윤자 외   옮김, 교문사, 2020년
2.Complete Guide to Size Specification & Technical Design 3 ed. Paula J. Myers-Mcdevitt,  Bloomsbury, 2016",20262110655T010021N,T012|[T012] 패션디자인트랙;G040|[G040] 패션학부
T012,[T012] 패션디자인트랙,T012006,디자인스케치,남혜진,7,전필,Y,"디자이너의 스케치북, 히웰 데이비스 저 | 시드페이퍼(seed paper)","- 패션일러스트레이션의 거장들, 데이비드 다운턴, 미메시스  
- 9 Heads, 3/e : A Guide To Drawing Fashion | Riegelman, Nancy
-100 years of Fashion illustration, Chronicle Books 
- Fashion Illustration Note 박정수, 교학연구사",20262516033T0120067,T012|[T012] 패션디자인트랙;G040|[G040] 패션학부
T012,[T012] 패션디자인트랙,T012006,디자인스케치,남혜진,A,전필,Y,"디자이너의 스케치북, 히웰 데이비스 저 | 시드페이퍼(seed paper)","- 패션일러스트레이션의 거장들, 데이비드 다운턴, 미메시스  
- 9 Heads, 3/e : A Guide To Drawing Fashion | Riegelman, Nancy
-100 years of Fashion illustration, Chronicle Books 
- Fashion Illustration Note 박정수, 교학연구사",20262516033T012006A,T012|[T012] 패션디자인트랙;G040|[G040] 패션학부
T012,[T012] 패션디자인트랙,T012006,디자인스케치,남혜진,N,전필,Y,"디자이너의 스케치북, 히웰 데이비스 저 | 시드페이퍼(seed paper)","- 패션일러스트레이션의 거장들, 데이비드 다운턴, 미메시스  
- 9 Heads, 3/e : A Guide To Drawing Fashion | Riegelman, Nancy
-100 years of Fashion illustration, Chronicle Books 
- Fashion Illustration Note 박정수, 교학연구사",20262516033T012006N,T012|[T012] 패션디자인트랙;G040|[G040] 패션학부
T012,[T012] 패션디자인트랙,T012009,토탈패션소품개발 캡스톤디자인,박수희,A,전필,Y,없음,없음,20262516433T012009A,T012|[T012] 패션디자인트랙;G040|[G040] 패션학부
T012,[T012] 패션디자인트랙,T012009,토탈패션소품개발 캡스톤디자인,박수희,N,전필,Y,없음,없음,20262516433T012009N,T012|[T012] 패션디자인트랙;G040|[G040] 패션학부
T012,[T012] 패션디자인트랙,T012012,AI 패션디자인 프로세스,김양수,7,전필,Y,"『패션 포트폴리오 프롬프트』박낭희, 최윤미, 박은경 (교문사)","『AI 시대, 패션디자이너는 무엇을 배워야 하는가』김원 (패션인사이트)",20262514985T0120127,T012|[T012] 패션디자인트랙;G040|[G040] 패션학부
T012,[T012] 패션디자인트랙,T012012,AI 패션디자인 프로세스,조윤수,A,전필,Y,자체교재,"Anna Kiper(2015). 패션 포트폴리오 창작과 이론. MGHBooks.
Steven Faerm(2017). Fashion Design Course. B.E.S. Publishing.
박주희(2013). FLAT SKETCHES for fashion designers. 교문사.
강죽형(2016). 디지털 패션 디자인. 파란마음.",20262110906T012012A,T012|[T012] 패션디자인트랙;G040|[G040] 패션학부
T012,[T012] 패션디자인트랙,T012012,AI 패션디자인 프로세스,조윤수,N,전필,Y,자체교재,"Anna Kiper(2015). 패션 포트폴리오 창작과 이론. MGHBooks.
Steven Faerm(2017). Fashion Design Course. B.E.S. Publishing.
박주희(2013). FLAT SKETCHES for fashion designers. 교문사.
강죽형(2016). 디지털 패션 디자인. 파란마음.",20262110906T012012N,T012|[T012] 패션디자인트랙;G040|[G040] 패션학부
T013,[T013] 패션크리에이티브디렉션트랙,CTA0003,패션 문화 콘텐츠,김희정,A,전기,Y,수업용 프린트물,관련자료 PPT& 영상,20262110572CTA0003A,T013|[T013] 패션크리에이티브디렉션트랙;G040|[G040] 패션학부
T013,[T013] 패션크리에이티브디렉션트랙,CTA0003,패션 문화 콘텐츠,김희정,N,전기,Y,수업용 프린트물,관련자료 PPT& 영상,20262110572CTA0003N,T013|[T013] 패션크리에이티브디렉션트랙;G040|[G040] 패션학부
T013,[T013] 패션크리에이티브디렉션트랙,T010011,현대패션연구,조윤수,A,전선,Y,자체교재,"Cally Blackman(2012). 100 Years of Fashion. Laurence King Publishing Ltd. 
강민지(2018). 아이콘의 탄생. 루비박스.
금기숙외(2006). 현대 패션 100년. 교문사.",20262110906T010011A,T013|[T013] 패션크리에이티브디렉션트랙;G040|[G040] 패션학부
T013,[T013] 패션크리에이티브디렉션트랙,T010011,현대패션연구,조윤수,N,전선,Y,자체교재,"Cally Blackman(2012). 100 Years of Fashion. Laurence King Publishing Ltd. 
강민지(2018). 아이콘의 탄생. 루비박스.
금기숙외(2006). 현대 패션 100년. 교문사.",20262110906T010011N,T013|[T013] 패션크리에이티브디렉션트랙;G040|[G040] 패션학부
T013,[T013] 패션크리에이티브디렉션트랙,T013006,무대복식디자인,김희정,7,전필,Y,교재용 프린트 배부,수업관련 자료 PPT,20262110572T0130067,T013|[T013] 패션크리에이티브디렉션트랙;G040|[G040] 패션학부
T013,[T013] 패션크리에이티브디렉션트랙,T013006,무대복식디자인,김희정,A,전필,Y,교재용 프린트 배부,수업관련 자료 PPT,20262110572T013006A,T013|[T013] 패션크리에이티브디렉션트랙;G040|[G040] 패션학부
T013,[T013] 패션크리에이티브디렉션트랙,T013006,무대복식디자인,김희정,N,전필,Y,교재용 프린트 배부,수업관련 자료 PPT,20262110572T013006N,T013|[T013] 패션크리에이티브디렉션트랙;G040|[G040] 패션학부
T013,[T013] 패션크리에이티브디렉션트랙,T013009,크리에이티브 패션테크놀로지,최경희,A,전필,Y,"주차별 수업자료 공유: 한성 e-class (http//learn.hansung.ac.kr >크리에이티브패션테크놀로지)에서 과제 업로드/연습파일 다운로드 가능 (단, PDF 수업자료는 보기만 가능)
- 매 수업시간 전 수업자료 다운로드 / 수업시작 1시간 전까지 수시/기말과제 과제창에 업로드","CLO3D 웹사이트: https://www.clo3d.com/ > Learn > Manual
: https://support.clo3d.com/hc/ko/categories/115000064648-Manual
김민정, 김희령 (2024). CLO 3D Digital Fashion Design. 박영사 
최영림 (2023). 3D패션디자인 CLO",20262110633T013009A,T013|[T013] 패션크리에이티브디렉션트랙;G040|[G040] 패션학부
T013,[T013] 패션크리에이티브디렉션트랙,T013009,크리에이티브 패션테크놀로지,최경희,N,전필,Y,"주차별 수업자료 공유: 한성 e-class (http//learn.hansung.ac.kr >크리에이티브패션테크놀로지)에서 과제 업로드/연습파일 다운로드 가능 (단, PDF 수업자료는 보기만 가능)
- 매 수업시간 전 수업자료 다운로드 / 수업시작 1시간 전까지 수시/기말과제 과제창에 업로드","CLO3D 웹사이트: https://www.clo3d.com/ > Learn > Manual
: https://support.clo3d.com/hc/ko/categories/115000064648-Manual
김민정, 김희령 (2024). CLO 3D Digital Fashion Design. 박영사 
최영림 (2023). 3D패션디자인 CLO",20262110633T013009N,T013|[T013] 패션크리에이티브디렉션트랙;G040|[G040] 패션학부
T013,[T013] 패션크리에이티브디렉션트랙,T013013,AI 디지털패션그래픽,권수희,A,전필,Y,"영우씨앤아이 (2015). 컴퓨터 패션디자인 운용 마스터 최경희, 최영림, 박낭희, 최윤미, 박은경 (2025). 패션 포트폴리오 프롬프트, 교문사
충남대학교 출판문화원(2024). 미드저니로 하는 패션디자인. 박낭희, 최윤미, 민진홍",이민선 (2016). 디지털패션표현. 한국방송통신대학교출판부,20262515740T013013A,T013|[T013] 패션크리에이티브디렉션트랙;G040|[G040] 패션학부
T013,[T013] 패션크리에이티브디렉션트랙,T013013,AI 디지털패션그래픽,권수희,N,전필,Y,"영우씨앤아이 (2015). 컴퓨터 패션디자인 운용 마스터 최경희, 최영림, 박낭희, 최윤미, 박은경 (2025). 패션 포트폴리오 프롬프트, 교문사
충남대학교 출판문화원(2024). 미드저니로 하는 패션디자인. 박낭희, 최윤미, 민진홍",이민선 (2016). 디지털패션표현. 한국방송통신대학교출판부,20262515740T013013N,T013|[T013] 패션크리에이티브디렉션트랙;G040|[G040] 패션학부
T013,[T013] 패션크리에이티브디렉션트랙,T013013,AI 디지털패션그래픽,최경희,7,전필,Y,"Hansung e-class (http://learn.hansung.ac.kr > Digital Fashion Graphic)
Please, download each class's materials 10 minutes before starting the class.","Lazear, S. (2008). Adobe Illustrator for Fashion Design. New Jersey: Prentice Hall.
박낭희, 최윤미, 민진홍 (2024). 미드저니로 하는 패션 디자인. 충남대학교출판문화원.
박낭희, 최윤미, 박은경 (2025). 패션 포트폴리오 프롬프트, 교문사",20262110633T0130137,T013|[T013] 패션크리에이티브디렉션트랙;G040|[G040] 패션학부
T013,[T013] 패션크리에이티브디렉션트랙,T013014,패션스타일링 캡스톤디자인,조윤수,A,전필,Y,자체교재,"김현량,이언영,조인실(2021). 패션 스타일리스트. 교문사
조연진(2010). All That Styling. 아이엠북",20262110906T013014A,T013|[T013] 패션크리에이티브디렉션트랙;G040|[G040] 패션학부
T013,[T013] 패션크리에이티브디렉션트랙,T013014,패션스타일링 캡스톤디자인,조윤수,N,전필,Y,자체교재,"김현량,이언영,조인실(2021). 패션 스타일리스트. 교문사
조연진(2010). All That Styling. 아이엠북",20262110906T013014N,T013|[T013] 패션크리에이티브디렉션트랙;G040|[G040] 패션학부
T022,[T022] 영상·애니메이션디자인트랙,CTA0005,영상애니메이션 기초,강지원,A,전기,Y,강의PPT,"애니메이션 제작기법의 모든 것, 리처드 테일러 저(한창완 역), 한울, 1999",20262513181CTA0005A,T022|[T022] 영상·애니메이션디자인트랙;G050|[G050] 융복합디자인학부
T022,[T022] 영상·애니메이션디자인트랙,CTA0005,영상애니메이션 기초,강지원,B,전기,Y,강의PPT,"애니메이션 제작기법의 모든 것, 리처드 테일러 저(한창완 역), 한울, 1999",20262513181CTA0005B,T022|[T022] 영상·애니메이션디자인트랙;G050|[G050] 융복합디자인학부
T022,[T022] 영상·애니메이션디자인트랙,M037003,만화(웹툰) 창작,하서원,7,전선,Y,"만화의 이해(스콧맥클라우드), 만화 스토리 창작의 모든 것(마크 니스)",매력적인 캐릭터를 만드는 만화 캐릭터 강좌(다나카 히로히사),20262516062M0370037,T022|[T022] 영상·애니메이션디자인트랙;M037|[M037] 만화/웹툰 전문가과정
T022,[T022] 영상·애니메이션디자인트랙,M039001,영상촬영 스튜디오,허재석,7,전선,Y,시네마토그래피 촬영의 모든 것,한국의 촬영 감독들 : 21인과의 인터뷰,20262516504M0390017,T022|[T022] 영상·애니메이션디자인트랙;T02B|[T02B] 미디어디자인트랙;T02C|[T02C] 시각디자인트랙;W050|[W050] ICT융합디자인학과;M039|[M039] 디지털 사진 영상촬영 아카데미
T022,[T022] 영상·애니메이션디자인트랙,M03A003,시네마틱 제작연구,현은주,7,전선,Y,PPT,-,20262110873M03A0037,T022|[T022] 영상·애니메이션디자인트랙;M03A|[M03A] 영상CG&시각효과 전문가과정
T022,[T022] 영상·애니메이션디자인트랙,T020052,문화콘텐츠기획,안형혜,C,전선,Y,자체 제작 강의 교안 (프리프로덕션 실무 위주),"기획 및 스토리보드 전문 서적, 우수 작품 피치 바이블(Pitch Bible), KOCCA 산업 동향 보고서",20262516431T020052C,T022|[T022] 영상·애니메이션디자인트랙;T02B|[T02B] 미디어디자인트랙;G050|[G050] 융복합디자인학부
T022,[T022] 영상·애니메이션디자인트랙,T020052,문화콘텐츠기획,이상원,A,전선,Y,화콘텐츠 기획 및 문화콘텐츠디자인 관련 주요 문헌(우수학술지 및 최신 article 등),"- 김경섭, 문화예술 콘텐츠 기획, 북퍼브, 2023.2 - 김민정, 문화콘텐츠 기획, 열린 인공지능, 2023.5 - 정희정 외, 문화콘텐츠디자인, 미세움, 2014.1 - 이상원, 애니메이션 미학과 연출론, 커뮤니케이션북스, 2018.1 - 이상원, 웹툰의 영화 트랜스미디어 전략, 커뮤니케이션북스, 2021.1",20262515852T020052A,T022|[T022] 영상·애니메이션디자인트랙;T02B|[T02B] 미디어디자인트랙;G050|[G050] 융복합디자인학부
T022,[T022] 영상·애니메이션디자인트랙,T020052,문화콘텐츠기획,이상원,B,전선,Y,화콘텐츠 기획 및 문화콘텐츠디자인 관련 주요 문헌(우수학술지 및 최신 article 등),"- 김경섭, 문화예술 콘텐츠 기획, 북퍼브, 2023.2 - 김민정, 문화콘텐츠 기획, 열린 인공지능, 2023.5 - 정희정 외, 문화콘텐츠디자인, 미세움, 2014.1 - 이상원, 애니메이션 미학과 연출론, 커뮤니케이션북스, 2018.1 - 이상원, 웹툰의 영화 트랜스미디어 전략, 커뮤니케이션북스, 2021.1",20262515852T020052B,T022|[T022] 영상·애니메이션디자인트랙;T02B|[T02B] 미디어디자인트랙;G050|[G050] 융복합디자인학부
T022,[T022] 영상·애니메이션디자인트랙,T020055,게임 3D 그래픽,이경민,N,전선,Y,"학과 네이버 카페에 업로드 된 내용, 각종 유튜브 관련 강좌, 핀터레스트(자료조사), 도서관의 툴 관련 서적","각종 유튜브 관련 강좌, 핀터레스트(자료조사), 도서관의 툴 관련 서적",20262516240T020055N,T022|[T022] 영상·애니메이션디자인트랙;T029|[T029] 게임그래픽디자인트랙;G050|[G050] 융복합디자인학부
T022,[T022] 영상·애니메이션디자인트랙,T020055,게임 3D 그래픽,이경민,P,전선,Y,"학과 네이버 카페에 업로드 된 내용, 각종 유튜브 관련 강좌, 핀터레스트(자료조사), 도서관의 툴 관련 서적","각종 유튜브 관련 강좌, 핀터레스트(자료조사), 도서관의 툴 관련 서적",20262516240T020055P,T022|[T022] 영상·애니메이션디자인트랙;T029|[T029] 게임그래픽디자인트랙;G050|[G050] 융복합디자인학부
T022,[T022] 영상·애니메이션디자인트랙,T020078,타이포그래피,김묘수,A,전선,Y,"텍스트와 타이포그래피
얀 미덴도르프 저자(글)  | 김지현 번역
안그라픽스 2015년 04월 01일","타이포그래피 사전 
한국타이포그라피학회 저자(글)
안그라픽스 2024년 12월 18일",20262512213T020078A,T022|[T022] 영상·애니메이션디자인트랙;T029|[T029] 게임그래픽디자인트랙;T02A|[T02A] UX/UI디자인트랙;T02B|[T02B] 미디어디자인트랙;T02C|[T02C] 시각디자인트랙
T022,[T022] 영상·애니메이션디자인트랙,T020078,타이포그래피,김묘수,B,전선,Y,"텍스트와 타이포그래피
얀 미덴도르프 저자(글)  | 김지현 번역
안그라픽스 2015년 04월 01일","타이포그래피 사전 
한국타이포그라피학회 저자(글)
안그라픽스 2024년 12월 18일",20262512213T020078B,T022|[T022] 영상·애니메이션디자인트랙;T029|[T029] 게임그래픽디자인트랙;T02A|[T02A] UX/UI디자인트랙;T02B|[T02B] 미디어디자인트랙;T02C|[T02C] 시각디자인트랙
T022,[T022] 영상·애니메이션디자인트랙,T020078,타이포그래피,김선화,G,전선,Y,타이포그래피 천일야화 / 원유홍 (안그라픽스),타이포그래피의 탄생 / 로빈 도드(홍디자인),20262514009T020078G,T022|[T022] 영상·애니메이션디자인트랙;T029|[T029] 게임그래픽디자인트랙;T02A|[T02A] UX/UI디자인트랙;T02B|[T02B] 미디어디자인트랙;T02C|[T02C] 시각디자인트랙
T022,[T022] 영상·애니메이션디자인트랙,T020078,타이포그래피,류재영,E,전선,Y,_,_,20262516341T020078E,T022|[T022] 영상·애니메이션디자인트랙;T029|[T029] 게임그래픽디자인트랙;T02A|[T02A] UX/UI디자인트랙;T02B|[T02B] 미디어디자인트랙;T02C|[T02C] 시각디자인트랙
T022,[T022] 영상·애니메이션디자인트랙,T020078,타이포그래피,류재영,F,전선,Y,_,_,20262516341T020078F,T022|[T022] 영상·애니메이션디자인트랙;T029|[T029] 게임그래픽디자인트랙;T02A|[T02A] UX/UI디자인트랙;T02B|[T02B] 미디어디자인트랙;T02C|[T02C] 시각디자인트랙
T022,[T022] 영상·애니메이션디자인트랙,T020078,타이포그래피,심예린,C,전선,Y,강의자료,타이포그래피 천일야화 / 원유홍 (안그라픽스),20262110947T020078C,T022|[T022] 영상·애니메이션디자인트랙;T029|[T029] 게임그래픽디자인트랙;T02A|[T02A] UX/UI디자인트랙;T02B|[T02B] 미디어디자인트랙;T02C|[T02C] 시각디자인트랙
T022,[T022] 영상·애니메이션디자인트랙,T020078,타이포그래피,심예린,D,전선,Y,강의자료,타이포그래피 천일야화 / 원유홍 (안그라픽스),20262110947T020078D,T022|[T022] 영상·애니메이션디자인트랙;T029|[T029] 게임그래픽디자인트랙;T02A|[T02A] UX/UI디자인트랙;T02B|[T02B] 미디어디자인트랙;T02C|[T02C] 시각디자인트랙
T022,[T022] 영상·애니메이션디자인트랙,T022002,영상애니메이션 스타트업워크샵,박선영,A,전필,Y,필요시 교강사제공,필요시 교강사제공,20262110895T022002A,T022|[T022] 영상·애니메이션디자인트랙;G050|[G050] 융복합디자인학부
T022,[T022] 영상·애니메이션디자인트랙,T022002,영상애니메이션 스타트업워크샵,전영돈,B,전필,Y,없음,없음,20262110816T022002B,T022|[T022] 영상·애니메이션디자인트랙;G050|[G050] 융복합디자인학부
T022,[T022] 영상·애니메이션디자인트랙,T022005,영상커뮤니케이션,김희은,A,전필,Y,없음,없음,20262516283T022005A,T022|[T022] 영상·애니메이션디자인트랙;T029|[T029] 게임그래픽디자인트랙;G038|[G038] 인터랙티브엔터테인먼트;G050|[G050] 융복합디자인학부
T022,[T022] 영상·애니메이션디자인트랙,T022005,영상커뮤니케이션,이태헌,B,전필,Y,없음,없음,20262516467T022005B,T022|[T022] 영상·애니메이션디자인트랙;T029|[T029] 게임그래픽디자인트랙;G038|[G038] 인터랙티브엔터테인먼트;G050|[G050] 융복합디자인학부
T022,[T022] 영상·애니메이션디자인트랙,T022005,영상커뮤니케이션,이태헌,C,전필,Y,없음,없음,20262516467T022005C,T022|[T022] 영상·애니메이션디자인트랙;T029|[T029] 게임그래픽디자인트랙;G038|[G038] 인터랙티브엔터테인먼트;G050|[G050] 융복합디자인학부
T022,[T022] 영상·애니메이션디자인트랙,T022010,캐릭터 개발 프로세스,강정빈,C,전필,Y,별도의 강의자료,없음,20262110944T022010C,T022|[T022] 영상·애니메이션디자인트랙;T026|[T026] VMD·전시디자인트랙;T028|[T028] 인테리어디자인트랙;T029|[T029] 게임그래픽디자인트랙;G050|[G050] 융복합디자인학부
T022,[T022] 영상·애니메이션디자인트랙,T022010,캐릭터 개발 프로세스,전영돈,A,전필,Y,없음,없음,20262110816T022010A,T022|[T022] 영상·애니메이션디자인트랙;T026|[T026] VMD·전시디자인트랙;T028|[T028] 인테리어디자인트랙;T029|[T029] 게임그래픽디자인트랙;G050|[G050] 융복합디자인학부
T022,[T022] 영상·애니메이션디자인트랙,T022010,캐릭터 개발 프로세스,전영돈,B,전필,Y,없음,없음,20262110816T022010B,T022|[T022] 영상·애니메이션디자인트랙;T026|[T026] VMD·전시디자인트랙;T028|[T028] 인테리어디자인트랙;T029|[T029] 게임그래픽디자인트랙;G050|[G050] 융복합디자인학부
T022,[T022] 영상·애니메이션디자인트랙,T027005,게임캐릭터콘셉트아트,전완식,N,전선,Y,교수가 자체 제작한 자료와 교재를 활용,교수가 자체 제작한 자료와 교재를 활용,20262110552T027005N,T022|[T022] 영상·애니메이션디자인트랙;T029|[T029] 게임그래픽디자인트랙;T02C|[T02C] 시각디자인트랙;G050|[G050] 융복합디자인학부
T022,[T022] 영상·애니메이션디자인트랙,T027005,게임캐릭터콘셉트아트,하승완,P,전선,Y,실무 샘플 자료,"https://www.artstation.com/
www.pinterest.com
https://civitai.com/
https://cgplus.com
http://cgland.com",20262110881T027005P,T022|[T022] 영상·애니메이션디자인트랙;T029|[T029] 게임그래픽디자인트랙;T02C|[T02C] 시각디자인트랙;G050|[G050] 융복합디자인학부
T022,[T022] 영상·애니메이션디자인트랙,V023003,게임그래픽&애니메이션,이항찬,7,전선,Y,교수자가 작성한 강의자료 e-class에 배포,"부교재: 
3ds max 길라잡이, 정보문화사 
3ds max 재질과 맵핑, 영진 출판사 
3ds max  무작정 따라하기, 길벗 출판사 
3ds max 고급활용 예제집, 성안당.",20262110508V0230037,T022|[T022] 영상·애니메이션디자인트랙;V023|[V023] 디지털콘텐츠·가상현실트랙;G038|[G038] 인터랙티브엔터테인먼트;K170|[K170] 컴퓨터공학부
T022,[T022] 영상·애니메이션디자인트랙,V023003,게임그래픽&애니메이션,이항찬,A,전선,Y,교수자가 작성한 강의자료 e-class에 배포,"부교재: 
3ds max 길라잡이, 정보문화사 
3ds max 재질과 맵핑, 영진 출판사 
3ds max  무작정 따라하기, 길벗 출판사 
3ds max 고급활용 예제집, 성안당.",20262110508V023003A,T022|[T022] 영상·애니메이션디자인트랙;V023|[V023] 디지털콘텐츠·가상현실트랙;G038|[G038] 인터랙티브엔터테인먼트;K170|[K170] 컴퓨터공학부
T022,[T022] 영상·애니메이션디자인트랙,V023003,게임그래픽&애니메이션,이항찬,B,전선,Y,교수자가 작성한 강의자료 e-class에 배포,"부교재: 
3ds max 길라잡이, 정보문화사 
3ds max 재질과 맵핑, 영진 출판사 
3ds max  무작정 따라하기, 길벗 출판사 
3ds max 고급활용 예제집, 성안당.",20262110508V023003B,T022|[T022] 영상·애니메이션디자인트랙;V023|[V023] 디지털콘텐츠·가상현실트랙;G038|[G038] 인터랙티브엔터테인먼트;K170|[K170] 컴퓨터공학부
T023,[T023] 제품·서비스디자인트랙,CTA0014,UX 디자인의 이해,서명원,B,전기,Y,Hand out,Hand out,20262516355CTA0014B,T023|[T023] 제품·서비스디자인트랙;T02A|[T02A] UX/UI디자인트랙;G050|[G050] 융복합디자인학부
T023,[T023] 제품·서비스디자인트랙,CTA0014,UX 디자인의 이해,서명원,C,전기,Y,Hand out,Hand out,20262516355CTA0014C,T023|[T023] 제품·서비스디자인트랙;T02A|[T02A] UX/UI디자인트랙;G050|[G050] 융복합디자인학부
T023,[T023] 제품·서비스디자인트랙,CTA0014,UX 디자인의 이해,한동규,A,전기,Y,Hand out,Hand out,20262514618CTA0014A,T023|[T023] 제품·서비스디자인트랙;T02A|[T02A] UX/UI디자인트랙;G050|[G050] 융복합디자인학부
T023,[T023] 제품·서비스디자인트랙,T020007,가구디자인,서명원,A,전선,Y,각종 디자인관련 잡지 및 인터넷 뉴스,각종 디자인관련 잡지 및 인터넷 뉴스,20262516355T020007A,T023|[T023] 제품·서비스디자인트랙;T026|[T026] VMD·전시디자인트랙;T028|[T028] 인테리어디자인트랙;T02A|[T02A] UX/UI디자인트랙;G050|[G050] 융복합디자인학부;G060|[G060] 인테리어디자인학과
T023,[T023] 제품·서비스디자인트랙,T020007,가구디자인,서명원,B,전선,Y,각종 디자인관련 잡지 및 인터넷 뉴스,각종 디자인관련 잡지 및 인터넷 뉴스,20262516355T020007B,T023|[T023] 제품·서비스디자인트랙;T026|[T026] VMD·전시디자인트랙;T028|[T028] 인테리어디자인트랙;T02A|[T02A] UX/UI디자인트랙;G050|[G050] 융복합디자인학부;G060|[G060] 인테리어디자인학과
T023,[T023] 제품·서비스디자인트랙,T020056,IOT인터페이스디자인,이완,A,전선,Y,유인물 및 시각화 자료 / 교재 구입 불필요,없음,20262513547T020056A,T023|[T023] 제품·서비스디자인트랙;T026|[T026] VMD·전시디자인트랙;T028|[T028] 인테리어디자인트랙;T02A|[T02A] UX/UI디자인트랙
T023,[T023] 제품·서비스디자인트랙,T023009,디자인창업스튜디오 종합설계,이완,A,전필,Y,유인물 및 시각화자료,없음,20262513547T023009A,T023|[T023] 제품·서비스디자인트랙;T02A|[T02A] UX/UI디자인트랙;G050|[G050] 융복합디자인학부
T023,[T023] 제품·서비스디자인트랙,T028015,AI 공간디자인기초,양명식,A,전선,Y,없음,없음,20262516298T028015A,T023|[T023] 제품·서비스디자인트랙;T026|[T026] VMD·전시디자인트랙;T028|[T028] 인테리어디자인트랙;T02A|[T02A] UX/UI디자인트랙;G060|[G060] 인테리어디자인학과
T023,[T023] 제품·서비스디자인트랙,T028015,AI 공간디자인기초,양명식,B,전선,Y,없음,없음,20262516298T028015B,T023|[T023] 제품·서비스디자인트랙;T026|[T026] VMD·전시디자인트랙;T028|[T028] 인테리어디자인트랙;T02A|[T02A] UX/UI디자인트랙;G060|[G060] 인테리어디자인학과
T023,[T023] 제품·서비스디자인트랙,T02A004,UX/UI 디자인프로젝트2,한동규,A,전선,Y,없음,없음,20262514618T02A004A,T023|[T023] 제품·서비스디자인트랙;T02A|[T02A] UX/UI디자인트랙;G050|[G050] 융복합디자인학부
T023,[T023] 제품·서비스디자인트랙,T02A007,UXUI 디자인스튜디오2,전종찬,A,전필,Y,없음,없음,20262501490T02A007A,T023|[T023] 제품·서비스디자인트랙;T02A|[T02A] UX/UI디자인트랙;G050|[G050] 융복합디자인학부
T023,[T023] 제품·서비스디자인트랙,T02A010,UX/UI 창업스튜디오,이현성,A,전필,Y,유인물 및 시각화자료,-,20262516516T02A010A,T023|[T023] 제품·서비스디자인트랙;T02A|[T02A] UX/UI디자인트랙
T026,[T026] VMD·전시디자인트랙,CTA0009,VMD와 전시무대디자인,"이주형,배이진",A,전기,Y,-,-,20262515561CTA0009A,T026|[T026] VMD·전시디자인트랙;G060|[G060] 인테리어디자인학과
T026,[T026] VMD·전시디자인트랙,CTA0009,VMD와 전시무대디자인,최원선,B,전기,Y,교수자 교재.,일반 VMD 이론서적.,20262515902CTA0009B,T026|[T026] VMD·전시디자인트랙;G060|[G060] 인테리어디자인학과
T026,[T026] VMD·전시디자인트랙,CTA0009,VMD와 전시무대디자인,최원선,D,전기,Y,교수자 교재.,일반 VMD 이론서적.,20262515902CTA0009D,T026|[T026] VMD·전시디자인트랙;G060|[G060] 인테리어디자인학과
T026,[T026] VMD·전시디자인트랙,T020018,컬러와 패턴디자인,김생호,B,전선,Y,자체교재,"『사고 싶은 컬러 팔리는 컬러』, 이호정, 라온북, 2019. 『하루 한 장 컬러의 법칙』, 스티븐 웨스트랜드, 매기 마지오, 유엑스리뷰, 2024. 『디자인을 위한 컬러 사전』, 션 애덤스, 유엑스리뷰, 2022. 『배색 아이디어 수첩』, 사쿠라이 테루코, MGH Books, 2018.
『파빌리온, 도시에 감정을 채우다』, 송하엽 ,홍시,2015.",20262516113T020018B,T026|[T026] VMD·전시디자인트랙;T028|[T028] 인테리어디자인트랙;T02A|[T02A] UX/UI디자인트랙;G050|[G050] 융복합디자인학부;G060|[G060] 인테리어디자인학과
T026,[T026] VMD·전시디자인트랙,T020018,컬러와 패턴디자인,이호정,A,전선,Y,자체 교재,"『사고 싶은 컬러 팔리는 컬러』 , 이호정, 라온북, 2019. 『하루 한 장 컬러의 법칙』 , 스티븐 웨스트랜드, 매기 마지오, 유엑스리뷰, 2024. 『디자인을 위한 컬러 사전』 , 애덤스, 유엑스리뷰, 2022. 『배색 아이디어 수첩』 , 사쿠라이 테루코, MGH Books, 2018. 『파빌리온, 도시에 감정을 채우다』 , 송하엽 ,홍시,2015.",20262516339T020018A,T026|[T026] VMD·전시디자인트랙;T028|[T028] 인테리어디자인트랙;T02A|[T02A] UX/UI디자인트랙;G050|[G050] 융복합디자인학부;G060|[G060] 인테리어디자인학과
T026,[T026] VMD·전시디자인트랙,T020023,디자인컨셉,차종휘,A,전선,Y,강의PPT,-,20262515912T020023A,T026|[T026] VMD·전시디자인트랙
T026,[T026] VMD·전시디자인트랙,T020023,디자인컨셉,차종휘,B,전선,Y,강의PPT,-,20262515912T020023B,T026|[T026] VMD·전시디자인트랙
T026,[T026] VMD·전시디자인트랙,T020057,디자인컨설팅,정유정,A,전선,Y,'디자인 컨설팅' 강의안 (PDF),+시청 영상 / 이외 수업 시 공지,20262110813T020057A,T026|[T026] VMD·전시디자인트랙;T028|[T028] 인테리어디자인트랙;T02A|[T02A] UX/UI디자인트랙
T026,[T026] VMD·전시디자인트랙,T020071,브랜드디자인,심예린,C,전선,Y,강의자료,없음,20262110947T020071C,T026|[T026] VMD·전시디자인트랙;T028|[T028] 인테리어디자인트랙;T02B|[T02B] 미디어디자인트랙;T02C|[T02C] 시각디자인트랙
T026,[T026] VMD·전시디자인트랙,T020071,브랜드디자인,지상현,A,전선,Y,Van Prate의 Unconscious Branding의 내용을 토대로 제작한 강의자료를 학생들에게 배부,없음,20262510064T020071A,T026|[T026] VMD·전시디자인트랙;T028|[T028] 인테리어디자인트랙;T02B|[T02B] 미디어디자인트랙;T02C|[T02C] 시각디자인트랙
T026,[T026] VMD·전시디자인트랙,T020071,브랜드디자인,지상현,B,전선,Y,Van Prate의 Unconscious Branding의 내용을 토대로 제작한 강의자료를 학생들에게 배부,없음,20262510064T020071B,T026|[T026] VMD·전시디자인트랙;T028|[T028] 인테리어디자인트랙;T02B|[T02B] 미디어디자인트랙;T02C|[T02C] 시각디자인트랙
T026,[T026] VMD·전시디자인트랙,T020080,AI 기반 공간렌더링,배이진,B,전선,Y,자체 제작 강의자료 및 실습 매뉴얼 (교수 제공),-,20262515561T020080B,T026|[T026] VMD·전시디자인트랙;T028|[T028] 인테리어디자인트랙;G050|[G050] 융복합디자인학부;G060|[G060] 인테리어디자인학과
T026,[T026] VMD·전시디자인트랙,T020080,AI 기반 공간렌더링,배이진,C,전선,Y,자체 제작 강의자료 및 실습 매뉴얼 (교수 제공),-,20262515561T020080C,T026|[T026] VMD·전시디자인트랙;T028|[T028] 인테리어디자인트랙;G050|[G050] 융복합디자인학부;G060|[G060] 인테리어디자인학과
T026,[T026] VMD·전시디자인트랙,T020080,AI 기반 공간렌더링,양명식,A,전선,Y,자체 제작 강의자료 및 실습 매뉴얼 (교수 제공),-,20262516298T020080A,T026|[T026] VMD·전시디자인트랙;T028|[T028] 인테리어디자인트랙;G050|[G050] 융복합디자인학부;G060|[G060] 인테리어디자인학과
T026,[T026] VMD·전시디자인트랙,T025002,실내디자인과 창업,권혁진,A,전선,Y,수업시 자료 배포,수업시 자료 배포,20262110777T025002A,T026|[T026] VMD·전시디자인트랙;T028|[T028] 인테리어디자인트랙;G060|[G060] 인테리어디자인학과
T026,[T026] VMD·전시디자인트랙,T025002,실내디자인과 창업,권혁진,B,전선,Y,수업시 자료 배포,수업시 자료 배포,20262110777T025002B,T026|[T026] VMD·전시디자인트랙;T028|[T028] 인테리어디자인트랙;G060|[G060] 인테리어디자인학과
T026,[T026] VMD·전시디자인트랙,T025002,실내디자인과 창업,김은영,C,전선,Y,수업시 자료 배포,수업시 자료 배포,20262516229T025002C,T026|[T026] VMD·전시디자인트랙;T028|[T028] 인테리어디자인트랙;G060|[G060] 인테리어디자인학과
T026,[T026] VMD·전시디자인트랙,T025010,레스토랑디자인,변대중,A,전선,Y,수업시 배포함,수업시 배포함,20262110538T025010A,T026|[T026] VMD·전시디자인트랙;T028|[T028] 인테리어디자인트랙;G060|[G060] 인테리어디자인학과
T026,[T026] VMD·전시디자인트랙,T025010,레스토랑디자인,변대중,B,전선,Y,수업시 배포함,수업시 배포함,20262110538T025010B,T026|[T026] VMD·전시디자인트랙;T028|[T028] 인테리어디자인트랙;G060|[G060] 인테리어디자인학과
T026,[T026] VMD·전시디자인트랙,T025010,레스토랑디자인,변대중,C,전선,Y,수업시 배포함,수업시 배포함,20262110538T025010C,T026|[T026] VMD·전시디자인트랙;T028|[T028] 인테리어디자인트랙;G060|[G060] 인테리어디자인학과
T026,[T026] VMD·전시디자인트랙,T026002,디스플레이 취업,권혁진,A,전필,Y,없음,트렌드 코리아 2024/2025,20262110777T026002A,T026|[T026] VMD·전시디자인트랙;T028|[T028] 인테리어디자인트랙;G060|[G060] 인테리어디자인학과
T026,[T026] VMD·전시디자인트랙,T026002,디스플레이 취업,이옥재,C,전필,Y,별도자료 배포,별도자료 배포,20262110907T026002C,T026|[T026] VMD·전시디자인트랙;T028|[T028] 인테리어디자인트랙;G060|[G060] 인테리어디자인학과
T026,[T026] VMD·전시디자인트랙,T026002,디스플레이 취업,이호정,B,전필,Y,자체교재,자체교재,20262516339T026002B,T026|[T026] VMD·전시디자인트랙;T028|[T028] 인테리어디자인트랙;G060|[G060] 인테리어디자인학과
T026,[T026] VMD·전시디자인트랙,T026009,VMD스튜디오,이미숙,B,전필,Y,"-Fashion Products&Visual Merchandising(패션상품과 비주얼머천다이징)_수학사
-교수자 개인 교재",없음,20262516469T026009B,T026|[T026] VMD·전시디자인트랙;T028|[T028] 인테리어디자인트랙;G060|[G060] 인테리어디자인학과
T026,[T026] VMD·전시디자인트랙,T026009,VMD스튜디오,이주형,A,전필,Y,없음,없음,20262110686T026009A,T026|[T026] VMD·전시디자인트랙;T028|[T028] 인테리어디자인트랙;G060|[G060] 인테리어디자인학과
T026,[T026] VMD·전시디자인트랙,T026009,VMD스튜디오,최원선,C,전필,Y,교수자 교재.,없음.,20262515902T026009C,T026|[T026] VMD·전시디자인트랙;T028|[T028] 인테리어디자인트랙;G060|[G060] 인테리어디자인학과
T026,[T026] VMD·전시디자인트랙,T026011,전시디자인 스튜디오2,이옥재,A,전필,Y,수업 내 별도자료 배부,수업 내 별도자료 배부,20262110907T026011A,T026|[T026] VMD·전시디자인트랙;T028|[T028] 인테리어디자인트랙;G060|[G060] 인테리어디자인학과
T026,[T026] VMD·전시디자인트랙,T026011,전시디자인 스튜디오2,이옥재,B,전필,Y,수업 내 별도자료 배부,수업 내 별도자료 배부,20262110907T026011B,T026|[T026] VMD·전시디자인트랙;T028|[T028] 인테리어디자인트랙;G060|[G060] 인테리어디자인학과
T026,[T026] VMD·전시디자인트랙,T026011,전시디자인 스튜디오2,이옥재,C,전필,Y,수업 내 별도자료 배부,수업 내 별도자료 배부,20262110907T026011C,T026|[T026] VMD·전시디자인트랙;T028|[T028] 인테리어디자인트랙;G060|[G060] 인테리어디자인학과
T026,[T026] VMD·전시디자인트랙,T02C018,그래픽디자인-캡스톤디자인,이호찬,C,전선,Y,교수자 PPT,없음,20262110912T02C018C,T026|[T026] VMD·전시디자인트랙;T028|[T028] 인테리어디자인트랙;T029|[T029] 게임그래픽디자인트랙;T02B|[T02B] 미디어디자인트랙;T02C|[T02C] 시각디자인트랙
T026,[T026] VMD·전시디자인트랙,T02C018,그래픽디자인-캡스톤디자인,전신종,A,전선,Y,없음,없음,20262110684T02C018A,T026|[T026] VMD·전시디자인트랙;T028|[T028] 인테리어디자인트랙;T029|[T029] 게임그래픽디자인트랙;T02B|[T02B] 미디어디자인트랙;T02C|[T02C] 시각디자인트랙
T026,[T026] VMD·전시디자인트랙,T02C018,그래픽디자인-캡스톤디자인,전신종,B,전선,Y,없음,없음,20262110684T02C018B,T026|[T026] VMD·전시디자인트랙;T028|[T028] 인테리어디자인트랙;T029|[T029] 게임그래픽디자인트랙;T02B|[T02B] 미디어디자인트랙;T02C|[T02C] 시각디자인트랙
T028,[T028] 인테리어디자인트랙,CTA0008,인테리어디자인과 코디네이션,이주형,A,전기,Y,"건축실무 들여다보기 / 한성대학교 출판부 / 조자연,이주형 지음",실내건축실시설계/기문당/김부곤지음,20262110686CTA0008A,T028|[T028] 인테리어디자인트랙;G060|[G060] 인테리어디자인학과
T028,[T028] 인테리어디자인트랙,CTA0008,인테리어디자인과 코디네이션,이주형,B,전기,Y,"건축실무 들여다보기 / 한성대학교 출판부 / 조자연,이주형 지음",실내건축실시설계/기문당/김부곤지음,20262110686CTA0008B,T028|[T028] 인테리어디자인트랙;G060|[G060] 인테리어디자인학과
T028,[T028] 인테리어디자인트랙,CTA0008,인테리어디자인과 코디네이션,이주형,C,전기,Y,"건축실무 들여다보기 / 한성대학교 출판부 / 조자연,이주형 지음",실내건축실시설계/기문당/김부곤지음,20262110686CTA0008C,T028|[T028] 인테리어디자인트랙;G060|[G060] 인테리어디자인학과
T028,[T028] 인테리어디자인트랙,CTA0008,인테리어디자인과 코디네이션,채종우,D,전기,Y,온라인 강의 및 오프라인 실습 위주로 이루어질 예정으로 교재 별도로 없습니다.,온라인 강의 및 오프라인 실습 위주로 이루어질 예정으로 교재 별도로 없습니다.,20262516293CTA0008D,T028|[T028] 인테리어디자인트랙;G060|[G060] 인테리어디자인학과
T028,[T028] 인테리어디자인트랙,T025009,홈인테리어디자인,한혜련,A,전필,Y,"실내디자인계획, 기문당","공간디자인, 교문사 A+실내건축제도, 기문당 인테리어디자인 설계실무, 지움",20262110162T025009A,T028|[T028] 인테리어디자인트랙;G060|[G060] 인테리어디자인학과
T028,[T028] 인테리어디자인트랙,T025009,홈인테리어디자인,한혜련,B,전필,Y,"실내디자인계획, 기문당","공간디자인, 교문사 A+실내건축제도, 기문당 인테리어디자인 설계실무, 지움",20262110162T025009B,T028|[T028] 인테리어디자인트랙;G060|[G060] 인테리어디자인학과
T029,[T029] 게임그래픽디자인트랙,CTA0012,게임그래픽기초,전완식,N,전기,Y,교수가 직접 제작한 내용의 자료 제공,교수가 직접 제작한 내용의 자료 제공,20262110552CTA0012N,T029|[T029] 게임그래픽디자인트랙;G050|[G050] 융복합디자인학부
T029,[T029] 게임그래픽디자인트랙,T020076,영상디자인,박원철,A,전선,Y,강의자료(PPT),없음,20262110825T020076A,T029|[T029] 게임그래픽디자인트랙;T02B|[T02B] 미디어디자인트랙;T02C|[T02C] 시각디자인트랙
T029,[T029] 게임그래픽디자인트랙,T020076,영상디자인,박원철,B,전선,Y,강의자료(PPT),없음,20262110825T020076B,T029|[T029] 게임그래픽디자인트랙;T02B|[T02B] 미디어디자인트랙;T02C|[T02C] 시각디자인트랙
T029,[T029] 게임그래픽디자인트랙,T020076,영상디자인,박원철,C,전선,Y,강의자료(PPT),없음,20262110825T020076C,T029|[T029] 게임그래픽디자인트랙;T02B|[T02B] 미디어디자인트랙;T02C|[T02C] 시각디자인트랙
T029,[T029] 게임그래픽디자인트랙,T020076,영상디자인,최윤정,D,전선,Y,교수자 제공 강의자료,교수자 제공 참고자료,20262512398T020076D,T029|[T029] 게임그래픽디자인트랙;T02B|[T02B] 미디어디자인트랙;T02C|[T02C] 시각디자인트랙
T029,[T029] 게임그래픽디자인트랙,T020076,영상디자인,최윤정,E,전선,Y,교수자 제공 강의자료,교수자 제공 참고자료,20262512398T020076E,T029|[T029] 게임그래픽디자인트랙;T02B|[T02B] 미디어디자인트랙;T02C|[T02C] 시각디자인트랙
T029,[T029] 게임그래픽디자인트랙,T027008,소셜미디어작품발표,전완식,N,전필,Y,실무 샘플 자료,"https://cgplus.com 
https://www.artstation.com/ 
www.pinterest.com 
http://cgland.com",20262110552T027008N,T029|[T029] 게임그래픽디자인트랙;G050|[G050] 융복합디자인학부
T029,[T029] 게임그래픽디자인트랙,T027018,게임그래픽콘텐츠워크샵,하승완,7,전필,Y,실무 샘플 자료,"www.artstation.com
www.pinterrest.com
https://civitai.com/
cgplus.com
cgland.com",20262110881T0270187,T029|[T029] 게임그래픽디자인트랙;G050|[G050] 융복합디자인학부
T029,[T029] 게임그래픽디자인트랙,T027018,게임그래픽콘텐츠워크샵,하승완,N,전필,Y,실무 샘플 자료,"www.artstation.com
www.pinterrest.com
https://civitai.com/
cgplus.com
cgland.com",20262110881T027018N,T029|[T029] 게임그래픽디자인트랙;G050|[G050] 융복합디자인학부
T029,[T029] 게임그래픽디자인트랙,T029022,AI게임배경콘셉트디자인,하승완,N,전필,Y,실무 샘플 자료,"https://www.artstation.com/
www.pinterest.com
https://civitai.com/
https://cgplus.com
http://cgland.com",20262110881T029022N,T029|[T029] 게임그래픽디자인트랙;G050|[G050] 융복합디자인학부
T029,[T029] 게임그래픽디자인트랙,T029022,AI게임배경콘셉트디자인,하승완,P,전필,Y,실무 샘플 자료,"https://www.artstation.com/
www.pinterest.com
https://civitai.com/
https://cgplus.com
http://cgland.com",20262110881T029022P,T029|[T029] 게임그래픽디자인트랙;G050|[G050] 융복합디자인학부
T029,[T029] 게임그래픽디자인트랙,T02B013,모바일인터페이스종합설계,장경국,A,전선,Y,-,-,20262110900T02B013A,T029|[T029] 게임그래픽디자인트랙;T02B|[T02B] 미디어디자인트랙;T02C|[T02C] 시각디자인트랙
T029,[T029] 게임그래픽디자인트랙,T02B013,모바일인터페이스종합설계,정자영,B,전선,Y,-,-,20262110937T02B013B,T029|[T029] 게임그래픽디자인트랙;T02B|[T02B] 미디어디자인트랙;T02C|[T02C] 시각디자인트랙
T029,[T029] 게임그래픽디자인트랙,T02B013,모바일인터페이스종합설계,정자영,C,전선,Y,-,-,20262110937T02B013C,T029|[T029] 게임그래픽디자인트랙;T02B|[T02B] 미디어디자인트랙;T02C|[T02C] 시각디자인트랙
T029,[T029] 게임그래픽디자인트랙,T02B013,모바일인터페이스종합설계,정자영,D,전선,Y,-,-,20262110937T02B013D,T029|[T029] 게임그래픽디자인트랙;T02B|[T02B] 미디어디자인트랙;T02C|[T02C] 시각디자인트랙
T02B,[T02B] 미디어디자인트랙,CTA0016,기초미디어디자인,장경국,A,전기,Y,주차별 학습 자료 참고,-,20262110900CTA0016A,T02B|[T02B] 미디어디자인트랙
T02B,[T02B] 미디어디자인트랙,CTA0016,기초미디어디자인,정자영,B,전기,Y,-,-,20262110937CTA0016B,T02B|[T02B] 미디어디자인트랙
T02B,[T02B] 미디어디자인트랙,CTA0016,기초미디어디자인,정자영,C,전기,Y,-,-,20262110937CTA0016C,T02B|[T02B] 미디어디자인트랙
T02B,[T02B] 미디어디자인트랙,M039002,사진촬영 스튜디오,이지인,7,전선,Y,강의 교안,없음,20262110943M0390027,T02B|[T02B] 미디어디자인트랙;T02C|[T02C] 시각디자인트랙;W050|[W050] ICT융합디자인학과;M039|[M039] 디지털 사진 영상촬영 아카데미
T02B,[T02B] 미디어디자인트랙,T020083,커뮤니케이션그래픽-캡스톤디자인,김미혜,B,전선,Y,없음,없음,20262516367T020083B,T02B|[T02B] 미디어디자인트랙;T02C|[T02C] 시각디자인트랙
T02B,[T02B] 미디어디자인트랙,T020083,커뮤니케이션그래픽-캡스톤디자인,심예린,A,전선,Y,강의자료,없음,20262110947T020083A,T02B|[T02B] 미디어디자인트랙;T02C|[T02C] 시각디자인트랙
T02B,[T02B] 미디어디자인트랙,T020083,커뮤니케이션그래픽-캡스톤디자인,이지인,E,전선,Y,강의자료,없음.,20262110943T020083E,T02B|[T02B] 미디어디자인트랙;T02C|[T02C] 시각디자인트랙
T02B,[T02B] 미디어디자인트랙,T020083,커뮤니케이션그래픽-캡스톤디자인,이호찬,C,전선,Y,교수자 PPT,없음,20262110912T020083C,T02B|[T02B] 미디어디자인트랙;T02C|[T02C] 시각디자인트랙
T02B,[T02B] 미디어디자인트랙,T020083,커뮤니케이션그래픽-캡스톤디자인,최윤의,D,전선,Y,통합 브랜드 커뮤니케이션 박준형 이콘출판,"그래픽디자인의 역사, 맥스필립 월간디자인편집부",20262510055T020083D,T02B|[T02B] 미디어디자인트랙;T02C|[T02C] 시각디자인트랙
T02B,[T02B] 미디어디자인트랙,T02B019,미디어디자인종합설계2,박원철,A,전필,Y,없음,없음,20262110825T02B019A,T02B|[T02B] 미디어디자인트랙
T02B,[T02B] 미디어디자인트랙,T02B019,미디어디자인종합설계2,장경국,C,전필,Y,-,-,20262110900T02B019C,T02B|[T02B] 미디어디자인트랙
T02B,[T02B] 미디어디자인트랙,T02B019,미디어디자인종합설계2,정자영,B,전필,Y,-,-,20262110937T02B019B,T02B|[T02B] 미디어디자인트랙
T02B,[T02B] 미디어디자인트랙,T02B020,AI와 UXD,김민수,A,전필,Y,강의 교안,,20262516361T02B020A,T02B|[T02B] 미디어디자인트랙;T02C|[T02C] 시각디자인트랙
T02B,[T02B] 미디어디자인트랙,T02B020,AI와 UXD,백병수,C,전필,Y,담당교수가 제공하는 주차별 강의자료 및 실습자료,"- Pablo Perea, Pau Giner, UX Design for Mobile, Packt Publishing, 2017.
- 「모바일 메뉴에서의 UI 디자인 구성 요소에 관한 연구」.
- 「스마트폰 기반 모바일 인터페이스 디자인 가이드라인 연구」.",20262516518T02B020C,T02B|[T02B] 미디어디자인트랙;T02C|[T02C] 시각디자인트랙
T02B,[T02B] 미디어디자인트랙,T02B020,AI와 UXD,백병수,D,전필,Y,담당교수가 제공하는 주차별 강의자료 및 실습자료,"- Pablo Perea, Pau Giner, UX Design for Mobile, Packt Publishing, 2017.
- 「모바일 메뉴에서의 UI 디자인 구성 요소에 관한 연구」.
- 「스마트폰 기반 모바일 인터페이스 디자인 가이드라인 연구」.",20262516518T02B020D,T02B|[T02B] 미디어디자인트랙;T02C|[T02C] 시각디자인트랙
T02B,[T02B] 미디어디자인트랙,T02B020,AI와 UXD,송영섭,B,전필,Y,강의 PPT 자료,-,20262515809T02B020B,T02B|[T02B] 미디어디자인트랙;T02C|[T02C] 시각디자인트랙
T02B,[T02B] 미디어디자인트랙,T02C019,구조와 표현,김수한,A,전선,Y,교수자의 강의자료(PPT),-,20262516050T02C019A,T02B|[T02B] 미디어디자인트랙;T02C|[T02C] 시각디자인트랙
T02B,[T02B] 미디어디자인트랙,T02C019,구조와 표현,김수한,B,전선,Y,교수자의 강의자료(PPT),-,20262516050T02C019B,T02B|[T02B] 미디어디자인트랙;T02C|[T02C] 시각디자인트랙
T02B,[T02B] 미디어디자인트랙,T02C019,구조와 표현,전신종,C,전선,Y,없음,없음,20262110684T02C019C,T02B|[T02B] 미디어디자인트랙;T02C|[T02C] 시각디자인트랙
T02C,[T02C] 시각디자인트랙,CTA0017,기초시각디자인,이지인,A,전기,Y,교수자 수업자료,"〈필립B멕스, 그래픽디자인의 역사, 미진사> 등 디자인사에 관련된 서적",20262110943CTA0017A,T02C|[T02C] 시각디자인트랙
T02C,[T02C] 시각디자인트랙,CTA0017,기초시각디자인,전신종,B,전기,Y,없음,"기초시각커뮤니케이션, 디자인발상, 입체구성",20262110684CTA0017B,T02C|[T02C] 시각디자인트랙
T02C,[T02C] 시각디자인트랙,CTA0017,기초시각디자인,전신종,C,전기,Y,없음,"기초시각커뮤니케이션, 디자인발상, 입체구성",20262110684CTA0017C,T02C|[T02C] 시각디자인트랙
T02C,[T02C] 시각디자인트랙,T02C017,시각디자인종합설계2,이지인,B,전필,Y,없음,없음,20262110943T02C017B,T02C|[T02C] 시각디자인트랙
T02C,[T02C] 시각디자인트랙,T02C017,시각디자인종합설계2,이호찬,C,전필,Y,없음,없음,20262110912T02C017C,T02C|[T02C] 시각디자인트랙
T02C,[T02C] 시각디자인트랙,T02C017,시각디자인종합설계2,전신종,A,전필,Y,없음,없음,20262110684T02C017A,T02C|[T02C] 시각디자인트랙
T030,[T030] 뷰티디자인매니지먼트학과,CTA0013,뷰티디자인기초,김수경,A,전기,Y,뷰티 색채디자인 - 구민사,"유인물, 교수자 PPT",20262515679CTA0013A,T030|[T030] 뷰티디자인매니지먼트학과
T030,[T030] 뷰티디자인매니지먼트학과,CTA0013,뷰티디자인기초,이정민,7,전기,Y,구민사-뷰티색채학,없음,20262110807CTA00137,T030|[T030] 뷰티디자인매니지먼트학과
T030,[T030] 뷰티디자인매니지먼트학과,T030102,뷰티일러스트레이션,모현숙,A,전선,Y,"뷰티 일러스트레이션 마스터북(구민사, 권오혁外 2명)",잡지 등,20262515975T030102A,T030|[T030] 뷰티디자인매니지먼트학과;O050|[O050] 패션뷰티크리에이션학과
T030,[T030] 뷰티디자인매니지먼트학과,T030102,뷰티일러스트레이션,정현영,9,전선,Y,"뷰티 일러스트레이션 마스터북(구민사, 권오혁外 2명)",잡지 등,20262515387T0301029,T030|[T030] 뷰티디자인매니지먼트학과;O050|[O050] 패션뷰티크리에이션학과
T030,[T030] 뷰티디자인매니지먼트학과,T030102,뷰티일러스트레이션,정현영,N,전선,Y,"뷰티 일러스트레이션 마스터북(구민사, 권오혁外 2명)",잡지 등,20262515387T030102N,T030|[T030] 뷰티디자인매니지먼트학과;O050|[O050] 패션뷰티크리에이션학과
T030,[T030] 뷰티디자인매니지먼트학과,T030106,응용메이크업,모현숙,7,전선,Y,구민사-응용메이크업,참고자료(이미지 파일),20262515975T0301067,T030|[T030] 뷰티디자인매니지먼트학과;O050|[O050] 패션뷰티크리에이션학과
T030,[T030] 뷰티디자인매니지먼트학과,T030106,응용메이크업,이서현,A,전선,Y,"응용메이크업 마스터 북, 이정민, 2019, 구민사
메이크업 전공 교재(교수자 지정)","메이크업 디자인 관련 전문도서
국내·외 메이크업 트렌드 및 컬렉션 자료
뷰티 전문 매거진 및 브랜드 룩북
교수자가 제공하는 강의자료 및 실습자료",20262515490T030106A,T030|[T030] 뷰티디자인매니지먼트학과;O050|[O050] 패션뷰티크리에이션학과
T030,[T030] 뷰티디자인매니지먼트학과,T030109,뷰티상품기획,김수경,7,전선,Y,"화장품 상품 기획 & 개발 / 최화정, 박동순, 구지은 / 광문각 / 2022.02.15",교수자 PPT,20262515679T0301097,T030|[T030] 뷰티디자인매니지먼트학과;W030|[W030] 뷰티디자인학과
T030,[T030] 뷰티디자인매니지먼트학과,T030113,뷰티글로벌마케팅,정수연,7,전선,Y,교안제공,"KOTRA 해외시장뉴스, 대한화장품산업연구원 글로벌 코스메틱 포커스, 식품의약품안전처 화장품 정책자료",20262516130T0301137,T030|[T030] 뷰티디자인매니지먼트학과;W030|[W030] 뷰티디자인학과
T030,[T030] 뷰티디자인매니지먼트학과,T030116,응용에스테틱,이효영,A,전선,Y,메디칼스킨케어(2019)/이상주,이론 가이드북,20262515960T030116A,T030|[T030] 뷰티디자인매니지먼트학과
T030,[T030] 뷰티디자인매니지먼트학과,T030116,응용에스테틱,이효영,N,전선,Y,메디칼스킨케어(2019)/이상주,이론 가이드북,20262515960T030116N,T030|[T030] 뷰티디자인매니지먼트학과
T030,[T030] 뷰티디자인매니지먼트학과,T030116,응용에스테틱,임주아,7,전선,Y,"응용 에스테틱(2021)/ 모정희, 오수정",이론 가이드 북,20262516510T0301167,T030|[T030] 뷰티디자인매니지먼트학과
T030,[T030] 뷰티디자인매니지먼트학과,T030117,캐릭터메이크업,이정민,9,전선,Y,캐릭터메이크업 마스터북-구민사,유인물,20262110807T0301179,T030|[T030] 뷰티디자인매니지먼트학과
T030,[T030] 뷰티디자인매니지먼트학과,T030117,캐릭터메이크업,이정민,A,전선,Y,캐릭터메이크업 마스터북-구민사,유인물,20262110807T030117A,T030|[T030] 뷰티디자인매니지먼트학과
T030,[T030] 뷰티디자인매니지먼트학과,T030117,캐릭터메이크업,이정민,N,전선,Y,캐릭터메이크업 마스터북-구민사,유인물,20262110807T030117N,T030|[T030] 뷰티디자인매니지먼트학과
T030,[T030] 뷰티디자인매니지먼트학과,T030119,바디트리트먼트,김인옥,9,전선,Y,전신관리학. 전소연 외. 2025. 구민사,스톤&뱀부테라라피. 권혜영외. 메디시언,20262515745T0301199,T030|[T030] 뷰티디자인매니지먼트학과
T030,[T030] 뷰티디자인매니지먼트학과,T030119,바디트리트먼트,김인옥,A,전선,Y,전신관리학. 전소연 외. 2025. 구민사,스톤&뱀부테라라피. 권혜영외. 메디시언,20262515745T030119A,T030|[T030] 뷰티디자인매니지먼트학과
T030,[T030] 뷰티디자인매니지먼트학과,T030119,바디트리트먼트,박은영,N,전선,Y,.,.,20262516095T030119N,T030|[T030] 뷰티디자인매니지먼트학과
T030,[T030] 뷰티디자인매니지먼트학과,T030120,뷰티포트폴리오,김보하,A,전선,Y,유인물,유인물,20262515502T030120A,T030|[T030] 뷰티디자인매니지먼트학과
T030,[T030] 뷰티디자인매니지먼트학과,T030120,뷰티포트폴리오,김보하,N,전선,Y,유인물,유인물,20262515502T030120N,T030|[T030] 뷰티디자인매니지먼트학과
T030,[T030] 뷰티디자인매니지먼트학과,T030132,뷰티현장프리인턴십,권오혁,A,전선,Y,없음,없음,20262110776T030132A,T030|[T030] 뷰티디자인매니지먼트학과
T030,[T030] 뷰티디자인매니지먼트학과,T030142,기초헤어커트,권오혁,A,전필,Y,"커트프로세스 / 메디시언, 지구문화 / 권오혁",없음,20262110776T030142A,T030|[T030] 뷰티디자인매니지먼트학과
T030,[T030] 뷰티디자인매니지먼트학과,T030142,기초헤어커트,권오혁,N,전필,Y,"커트프로세스 / 메디시언, 지구문화 / 권오혁",없음,20262110776T030142N,T030|[T030] 뷰티디자인매니지먼트학과
T030,[T030] 뷰티디자인매니지먼트학과,T030142,기초헤어커트,김경원,7,전필,Y,베이직 컷 프로 / 구민사 이재숙·우선재 외,없음,20262516114T0301427,T030|[T030] 뷰티디자인매니지먼트학과
T030,[T030] 뷰티디자인매니지먼트학과,T030143,두피 및 퍼머넌트,윤수미,7,전선,Y,베이직 헤어퍼머넌트웨이브/메디시언/박은준 외,두피모발관리학/메디시언/권혜영 외,20262515834T0301437,T030|[T030] 뷰티디자인매니지먼트학과
T030,[T030] 뷰티디자인매니지먼트학과,T030143,두피 및 퍼머넌트,이나라,A,전선,Y,"두피모발관리/임은진외(2021)
헤어퍼머넌트웨이브/정희영외(2024)",,20262516221T030143A,T030|[T030] 뷰티디자인매니지먼트학과
T030,[T030] 뷰티디자인매니지먼트학과,T030143,두피 및 퍼머넌트,이나라,N,전선,Y,"두피모발관리/임은진외(2021)
헤어퍼머넌트웨이브/정희영외(2024)",,20262516221T030143N,T030|[T030] 뷰티디자인매니지먼트학과
T030,[T030] 뷰티디자인매니지먼트학과,T030144,헤어졸업작품연출,김경원,N,전선,Y,인터넷 교재 검색,없음,20262516114T030144N,T030|[T030] 뷰티디자인매니지먼트학과
T030,[T030] 뷰티디자인매니지먼트학과,T030144,헤어졸업작품연출,윤수미,A,전선,Y,ppt자료,없음,20262515834T030144A,T030|[T030] 뷰티디자인매니지먼트학과
T030,[T030] 뷰티디자인매니지먼트학과,T030145,메이크업졸업작품연출,정현영,N,전선,Y,없음,인터넷 검색 및 잡지화보,20262515387T030145N,T030|[T030] 뷰티디자인매니지먼트학과
T030,[T030] 뷰티디자인매니지먼트학과,T030146,기초네일아트,공규빈,7,전필,Y,"김수연,(네일 케어 & 아트) 구민사,2026",최신 네일 트렌드 및 관련자료,20262515249T0301467,T030|[T030] 뷰티디자인매니지먼트학과
T030,[T030] 뷰티디자인매니지먼트학과,T030146,기초네일아트,신송연,A,전필,Y,미용사(네일)ncs학습모듈,네일미용사.위북스,20262516098T030146A,T030|[T030] 뷰티디자인매니지먼트학과
T030,[T030] 뷰티디자인매니지먼트학과,T030146,기초네일아트,신송연,N,전필,Y,미용사(네일)ncs학습모듈,네일미용사.위북스,20262516098T030146N,T030|[T030] 뷰티디자인매니지먼트학과
V021,[V021] 모바일소프트웨어트랙,CTE0001,컴퓨터프로그래밍,계희원,7,전기,Y,"쉽게 풀어쓴 C언어 EXPRESS, 천인국, 생능출판사 (2023년 4판)
https://www.booksr.co.kr/product/9788970506678/",없음,20262110595CTE00017,V021|[V021] 모바일소프트웨어트랙;V022|[V022] 빅데이터트랙;K170|[K170] 컴퓨터공학부
V021,[V021] 모바일소프트웨어트랙,CTE0001,컴퓨터프로그래밍,계희원,A,전기,Y,"쉽게 풀어쓴 C언어 EXPRESS, 천인국, 생능출판사 (2023년 4판)
https://www.booksr.co.kr/product/9788970506678/",없음,20262110595CTE0001A,V021|[V021] 모바일소프트웨어트랙;V022|[V022] 빅데이터트랙;K170|[K170] 컴퓨터공학부
V021,[V021] 모바일소프트웨어트랙,CTE0001,컴퓨터프로그래밍,계희원,B,전기,Y,"쉽게 풀어쓴 C언어 EXPRESS, 천인국, 생능출판사 (2023년 4판)
https://www.booksr.co.kr/product/9788970506678/",없음,20262110595CTE0001B,V021|[V021] 모바일소프트웨어트랙;V022|[V022] 빅데이터트랙;K170|[K170] 컴퓨터공학부
V021,[V021] 모바일소프트웨어트랙,M020046,오픈소스 AI·SW 융합 프로젝트,"양옥수,이동훈,이현주",7,전선,Y,"-Hands-On Large Language Models(Jay Alammar, Maarten Grootendorst,O'Reilly Media, 2024)
생성형 AI, 임베딩, RAG, Hugging Face 활용까지 실습 중심으로 다루어 본 교과목과 가장 적합한 교재",최신 AI 관련 학술논문(arXiv) 및 기술 블로그,20262110914M0200467,V021|[V021] 모바일소프트웨어트랙;V022|[V022] 빅데이터트랙;V023|[V023] 디지털콘텐츠·가상현실트랙;V024|[V024] 웹공학트랙;Y030|[Y030] AI응용학과;M020|[M020] C&C School
V021,[V021] 모바일소프트웨어트랙,V020004,프로그래밍랩,강희중,N,전선,Y,컴퓨터프로그래밍 과목에서 사용한 C언어 교재와 자체 제작 강의노트를 강의 홈페이지에서 제공,"[참고문헌] 자료구조 교재(C언어로 쉽게 풀어쓴 자료구조, 천인국 저)",20262110518V020004N,V021|[V021] 모바일소프트웨어트랙;V022|[V022] 빅데이터트랙;V023|[V023] 디지털콘텐츠·가상현실트랙;V024|[V024] 웹공학트랙
V021,[V021] 모바일소프트웨어트랙,V020004,프로그래밍랩,김현정,A,전선,Y,-,-,20262110930V020004A,V021|[V021] 모바일소프트웨어트랙;V022|[V022] 빅데이터트랙;V023|[V023] 디지털콘텐츠·가상현실트랙;V024|[V024] 웹공학트랙
V021,[V021] 모바일소프트웨어트랙,V020007,객체지향언어2,김진환,A,전선,Y,"명품 Java Programming, 생능출판사",없음,20262110114V020007A,V021|[V021] 모바일소프트웨어트랙;V022|[V022] 빅데이터트랙;V023|[V023] 디지털콘텐츠·가상현실트랙;V024|[V024] 웹공학트랙;K170|[K170] 컴퓨터공학부
V021,[V021] 모바일소프트웨어트랙,V020007,객체지향언어2,김진환,N,전선,Y,"명품 Java Programming, 생능출판사",없음,20262110114V020007N,V021|[V021] 모바일소프트웨어트랙;V022|[V022] 빅데이터트랙;V023|[V023] 디지털콘텐츠·가상현실트랙;V024|[V024] 웹공학트랙;K170|[K170] 컴퓨터공학부
V021,[V021] 모바일소프트웨어트랙,V020007,객체지향언어2,심규현,0,전선,Y,"명품 자바 프로그래밍 5판, 황기태, 생능출판사,2024",없음,20262110878V0200070,V021|[V021] 모바일소프트웨어트랙;V022|[V022] 빅데이터트랙;V023|[V023] 디지털콘텐츠·가상현실트랙;V024|[V024] 웹공학트랙;K170|[K170] 컴퓨터공학부
V021,[V021] 모바일소프트웨어트랙,V020007,객체지향언어2,유상미,8,전선,Y,명품 Java Programming(개정4판) 황기태 지음(출판사 : 생능출판사),동영상 학습 콘텐츠,20262110689V0200078,V021|[V021] 모바일소프트웨어트랙;V022|[V022] 빅데이터트랙;V023|[V023] 디지털콘텐츠·가상현실트랙;V024|[V024] 웹공학트랙;K170|[K170] 컴퓨터공학부
V021,[V021] 모바일소프트웨어트랙,V020007,객체지향언어2,유상미,B,전선,Y,명품 Java Programming(개정4판) 황기태 지음(출판사 : 생능출판사),동영상 학습 콘텐츠,20262110689V020007B,V021|[V021] 모바일소프트웨어트랙;V022|[V022] 빅데이터트랙;V023|[V023] 디지털콘텐츠·가상현실트랙;V024|[V024] 웹공학트랙;K170|[K170] 컴퓨터공학부
V021,[V021] 모바일소프트웨어트랙,V020007,객체지향언어2,이찬수,D,전선,Y,명품 자바 프로그래밍(황기태 저 / 생능출판사),사전녹화 강의 영상,20262511323V020007D,V021|[V021] 모바일소프트웨어트랙;V022|[V022] 빅데이터트랙;V023|[V023] 디지털콘텐츠·가상현실트랙;V024|[V024] 웹공학트랙;K170|[K170] 컴퓨터공학부
V021,[V021] 모바일소프트웨어트랙,V020007,객체지향언어2,황기태,7,전선,Y,"명품 자바 프로그래밍, 개정5판(2024년 7월 출시), 생능출판사
  - 개정 4판에 비해 많이 변경되었으니 참고하세요.",없음,20262110108V0200077,V021|[V021] 모바일소프트웨어트랙;V022|[V022] 빅데이터트랙;V023|[V023] 디지털콘텐츠·가상현실트랙;V024|[V024] 웹공학트랙;K170|[K170] 컴퓨터공학부
V021,[V021] 모바일소프트웨어트랙,V020007,객체지향언어2,황기태,C,전선,Y,"명품 자바 프로그래밍, 개정5판(2024년 7월 출시), 생능출판사
  - 개정 4판에 비해 많이 변경되었으니 참고하세요.",없음,20262110108V020007C,V021|[V021] 모바일소프트웨어트랙;V022|[V022] 빅데이터트랙;V023|[V023] 디지털콘텐츠·가상현실트랙;V024|[V024] 웹공학트랙;K170|[K170] 컴퓨터공학부
V021,[V021] 모바일소프트웨어트랙,V020008,데이터통신,김태리,C,전선,Y,"J. Kurose, K. Ross, Computer Networking: Top-Down Approach (8E), 번역본: 컴퓨터 네트워킹 - 하향식 접근 (황호영 외 공역)",필요시 자료 제공,20262110938V020008C,V021|[V021] 모바일소프트웨어트랙;V022|[V022] 빅데이터트랙;V023|[V023] 디지털콘텐츠·가상현실트랙;V024|[V024] 웹공학트랙;K170|[K170] 컴퓨터공학부
V021,[V021] 모바일소프트웨어트랙,V020008,데이터통신,김태리,D,전선,Y,"J. Kurose, K. Ross, Computer Networking: Top-Down Approach (8E), 번역본: 컴퓨터 네트워킹 - 하향식 접근 (황호영 외 공역)",필요시 자료 제공,20262110938V020008D,V021|[V021] 모바일소프트웨어트랙;V022|[V022] 빅데이터트랙;V023|[V023] 디지털콘텐츠·가상현실트랙;V024|[V024] 웹공학트랙;K170|[K170] 컴퓨터공학부
V021,[V021] 모바일소프트웨어트랙,V020008,데이터통신,김태리,O,전선,Y,"J. Kurose, K. Ross, Computer Networking: Top-Down Approach (8E), 번역본: 컴퓨터 네트워킹 - 하향식 접근 (황호영 외 공역)",필요시 자료 제공,20262110938V020008O,V021|[V021] 모바일소프트웨어트랙;V022|[V022] 빅데이터트랙;V023|[V023] 디지털콘텐츠·가상현실트랙;V024|[V024] 웹공학트랙;K170|[K170] 컴퓨터공학부
V021,[V021] 모바일소프트웨어트랙,V020008,데이터통신,황호영,7,전선,Y,"J. Kurose, K. Ross, Comuter Networking: Top-Down Approach (8E),
번역본: 컴퓨터 네트워킹 - 하향식 접근 (황호영 외 공역)",필요시 자료 제공,20262110590V0200087,V021|[V021] 모바일소프트웨어트랙;V022|[V022] 빅데이터트랙;V023|[V023] 디지털콘텐츠·가상현실트랙;V024|[V024] 웹공학트랙;K170|[K170] 컴퓨터공학부
V021,[V021] 모바일소프트웨어트랙,V020008,데이터통신,황호영,A,전선,Y,"J. Kurose, K. Ross, Comuter Networking: Top-Down Approach (8E),
번역본: 컴퓨터 네트워킹 - 하향식 접근 (황호영 외 공역)",필요시 자료 제공,20262110590V020008A,V021|[V021] 모바일소프트웨어트랙;V022|[V022] 빅데이터트랙;V023|[V023] 디지털콘텐츠·가상현실트랙;V024|[V024] 웹공학트랙;K170|[K170] 컴퓨터공학부
V021,[V021] 모바일소프트웨어트랙,V020008,데이터통신,황호영,B,전선,Y,"J. Kurose, K. Ross, Comuter Networking: Top-Down Approach (8E),
번역본: 컴퓨터 네트워킹 - 하향식 접근 (황호영 외 공역)",필요시 자료 제공,20262110590V020008B,V021|[V021] 모바일소프트웨어트랙;V022|[V022] 빅데이터트랙;V023|[V023] 디지털콘텐츠·가상현실트랙;V024|[V024] 웹공학트랙;K170|[K170] 컴퓨터공학부
V021,[V021] 모바일소프트웨어트랙,V020008,데이터통신,황호영,N,전선,Y,"J. Kurose, K. Ross, Comuter Networking: Top-Down Approach (8E),
번역본: 컴퓨터 네트워킹 - 하향식 접근 (황호영 외 공역)",필요시 자료 제공,20262110590V020008N,V021|[V021] 모바일소프트웨어트랙;V022|[V022] 빅데이터트랙;V023|[V023] 디지털콘텐츠·가상현실트랙;V024|[V024] 웹공학트랙;K170|[K170] 컴퓨터공학부
V021,[V021] 모바일소프트웨어트랙,V020009,선형대수,이지은,A,전선,Y,"스트랭 선형대수학 6판, Gilbert Strang 저, 김영길 역, 한빛아카데미",없음,20262110790V020009A,V021|[V021] 모바일소프트웨어트랙;V022|[V022] 빅데이터트랙;V023|[V023] 디지털콘텐츠·가상현실트랙;V024|[V024] 웹공학트랙;K170|[K170] 컴퓨터공학부
V021,[V021] 모바일소프트웨어트랙,V020009,선형대수,이지은,B,전선,Y,"스트랭 선형대수학 6판, Gilbert Strang 저, 김영길 역, 한빛아카데미",없음,20262110790V020009B,V021|[V021] 모바일소프트웨어트랙;V022|[V022] 빅데이터트랙;V023|[V023] 디지털콘텐츠·가상현실트랙;V024|[V024] 웹공학트랙;K170|[K170] 컴퓨터공학부
V021,[V021] 모바일소프트웨어트랙,V020009,선형대수,이지은,N,전선,Y,"스트랭 선형대수학 6판, Gilbert Strang 저, 김영길 역, 한빛아카데미",없음,20262110790V020009N,V021|[V021] 모바일소프트웨어트랙;V022|[V022] 빅데이터트랙;V023|[V023] 디지털콘텐츠·가상현실트랙;V024|[V024] 웹공학트랙;K170|[K170] 컴퓨터공학부
V021,[V021] 모바일소프트웨어트랙,V020010,알고리즘,강희중,C,전선,Y,"C언어로 쉽게 풀어쓴 자료구조, 천인국 저, 생능출판사",추가되는 자료는 강의 PPT 로 강의 홈페이지에서 제공,20262110518V020010C,V021|[V021] 모바일소프트웨어트랙;V022|[V022] 빅데이터트랙;V023|[V023] 디지털콘텐츠·가상현실트랙;V024|[V024] 웹공학트랙;K170|[K170] 컴퓨터공학부;K191|[K191] IT응용시스템공학과
V021,[V021] 모바일소프트웨어트랙,V020010,알고리즘,강희중,D,전선,Y,"C언어로 쉽게 풀어쓴 자료구조, 천인국 저, 생능출판사",추가되는 자료는 강의 PPT 로 강의 홈페이지에서 제공,20262110518V020010D,V021|[V021] 모바일소프트웨어트랙;V022|[V022] 빅데이터트랙;V023|[V023] 디지털콘텐츠·가상현실트랙;V024|[V024] 웹공학트랙;K170|[K170] 컴퓨터공학부;K191|[K191] IT응용시스템공학과
V021,[V021] 모바일소프트웨어트랙,V020010,알고리즘,유상미,B,전선,Y,"C언어로 쉽게 풀어쓴 자료구조, 천인국외 2 지음(생능출판사). 2019년 개정3판",동영상 콘텐츠,20262110689V020010B,V021|[V021] 모바일소프트웨어트랙;V022|[V022] 빅데이터트랙;V023|[V023] 디지털콘텐츠·가상현실트랙;V024|[V024] 웹공학트랙;K170|[K170] 컴퓨터공학부;K191|[K191] IT응용시스템공학과
V021,[V021] 모바일소프트웨어트랙,V020010,알고리즘,유상미,N,전선,Y,"C언어로 쉽게 풀어쓴 자료구조, 천인국외 2 지음(생능출판사). 2019년 개정3판",동영상 콘텐츠,20262110689V020010N,V021|[V021] 모바일소프트웨어트랙;V022|[V022] 빅데이터트랙;V023|[V023] 디지털콘텐츠·가상현실트랙;V024|[V024] 웹공학트랙;K170|[K170] 컴퓨터공학부;K191|[K191] IT응용시스템공학과
V021,[V021] 모바일소프트웨어트랙,V020010,알고리즘,유상미,O,전선,Y,"C언어로 쉽게 풀어쓴 자료구조, 천인국외 2 지음(생능출판사). 2019년 개정3판",동영상 콘텐츠,20262110689V020010O,V021|[V021] 모바일소프트웨어트랙;V022|[V022] 빅데이터트랙;V023|[V023] 디지털콘텐츠·가상현실트랙;V024|[V024] 웹공학트랙;K170|[K170] 컴퓨터공학부;K191|[K191] IT응용시스템공학과
V021,[V021] 모바일소프트웨어트랙,V020010,알고리즘,윤수미,7,전선,Y,"C언어로 쉽게 풀어쓴 자료구조, 천인국 외 2인, 생능출판사","C언어 자료구조와 알고리즘, 우재남, 한빛미디어",20262516236V0200107,V021|[V021] 모바일소프트웨어트랙;V022|[V022] 빅데이터트랙;V023|[V023] 디지털콘텐츠·가상현실트랙;V024|[V024] 웹공학트랙;K170|[K170] 컴퓨터공학부;K191|[K191] IT응용시스템공학과
V021,[V021] 모바일소프트웨어트랙,V020010,알고리즘,윤수미,8,전선,Y,"C언어로 쉽게 풀어쓴 자료구조, 천인국 외 2인, 생능출판사","C언어 자료구조와 알고리즘, 우재남, 한빛미디어",20262516236V0200108,V021|[V021] 모바일소프트웨어트랙;V022|[V022] 빅데이터트랙;V023|[V023] 디지털콘텐츠·가상현실트랙;V024|[V024] 웹공학트랙;K170|[K170] 컴퓨터공학부;K191|[K191] IT응용시스템공학과
V021,[V021] 모바일소프트웨어트랙,V020010,알고리즘,이지은,A,전선,Y,"- C언어로 쉽게 풀어쓴 자료구조, 천인국 저, 생능출판사
- Foundations of Algorithms, 5th edition, Richard E. Neapolitan. (한글 번역판 사용 가능)",없음,20262110790V020010A,V021|[V021] 모바일소프트웨어트랙;V022|[V022] 빅데이터트랙;V023|[V023] 디지털콘텐츠·가상현실트랙;V024|[V024] 웹공학트랙;K170|[K170] 컴퓨터공학부;K191|[K191] IT응용시스템공학과
V021,[V021] 모바일소프트웨어트랙,V020011,오픈소스소프트웨어,김남윤,7,전선,Y,자체 슬라이드,없음,20262110541V0200117,V021|[V021] 모바일소프트웨어트랙;V022|[V022] 빅데이터트랙;V023|[V023] 디지털콘텐츠·가상현실트랙;V024|[V024] 웹공학트랙;K170|[K170] 컴퓨터공학부;K191|[K191] IT응용시스템공학과
V021,[V021] 모바일소프트웨어트랙,V020011,오픈소스소프트웨어,김남윤,A,전선,Y,자체 슬라이드,없음,20262110541V020011A,V021|[V021] 모바일소프트웨어트랙;V022|[V022] 빅데이터트랙;V023|[V023] 디지털콘텐츠·가상현실트랙;V024|[V024] 웹공학트랙;K170|[K170] 컴퓨터공학부;K191|[K191] IT응용시스템공학과
V021,[V021] 모바일소프트웨어트랙,V020011,오픈소스소프트웨어,김남윤,B,전선,Y,자체 슬라이드,없음,20262110541V020011B,V021|[V021] 모바일소프트웨어트랙;V022|[V022] 빅데이터트랙;V023|[V023] 디지털콘텐츠·가상현실트랙;V024|[V024] 웹공학트랙;K170|[K170] 컴퓨터공학부;K191|[K191] IT응용시스템공학과
V021,[V021] 모바일소프트웨어트랙,V020011,오픈소스소프트웨어,김남윤,C,전선,Y,자체 슬라이드,없음,20262110541V020011C,V021|[V021] 모바일소프트웨어트랙;V022|[V022] 빅데이터트랙;V023|[V023] 디지털콘텐츠·가상현실트랙;V024|[V024] 웹공학트랙;K170|[K170] 컴퓨터공학부;K191|[K191] IT응용시스템공학과
V021,[V021] 모바일소프트웨어트랙,V020011,오픈소스소프트웨어,김남윤,N,전선,Y,자체 슬라이드,없음,20262110541V020011N,V021|[V021] 모바일소프트웨어트랙;V022|[V022] 빅데이터트랙;V023|[V023] 디지털콘텐츠·가상현실트랙;V024|[V024] 웹공학트랙;K170|[K170] 컴퓨터공학부;K191|[K191] IT응용시스템공학과
V021,[V021] 모바일소프트웨어트랙,V020016,시스템프로그래밍,김진환,A,전선,Y,유닉스 시스템 프로그래밍(한빛미디어),없음,20262110114V020016A,V021|[V021] 모바일소프트웨어트랙;V022|[V022] 빅데이터트랙;V023|[V023] 디지털콘텐츠·가상현실트랙;V024|[V024] 웹공학트랙;K170|[K170] 컴퓨터공학부
V021,[V021] 모바일소프트웨어트랙,V020016,시스템프로그래밍,박필준,B,전선,Y,"리눅스 입문(이지스퍼블리싱), 박필준 저
- https://www.yes24.com/product/goods/167498170
- https://product.kyobobook.co.kr/detail/S000218685694",강의교안,20262110909V020016B,V021|[V021] 모바일소프트웨어트랙;V022|[V022] 빅데이터트랙;V023|[V023] 디지털콘텐츠·가상현실트랙;V024|[V024] 웹공학트랙;K170|[K170] 컴퓨터공학부
V021,[V021] 모바일소프트웨어트랙,V020016,시스템프로그래밍,박필준,C,전선,Y,"리눅스 입문(이지스퍼블리싱), 박필준 저
- https://www.yes24.com/product/goods/167498170
- https://product.kyobobook.co.kr/detail/S000218685694",강의교안,20262110909V020016C,V021|[V021] 모바일소프트웨어트랙;V022|[V022] 빅데이터트랙;V023|[V023] 디지털콘텐츠·가상현실트랙;V024|[V024] 웹공학트랙;K170|[K170] 컴퓨터공학부
V021,[V021] 모바일소프트웨어트랙,V020016,시스템프로그래밍,허준영,7,전선,Y,리눅스시스템 프로그래밍 V1.0 - 홍지만 저,"System Programming in Linux, Stewart N. Weiss",20262110618V0200167,V021|[V021] 모바일소프트웨어트랙;V022|[V022] 빅데이터트랙;V023|[V023] 디지털콘텐츠·가상현실트랙;V024|[V024] 웹공학트랙;K170|[K170] 컴퓨터공학부
V021,[V021] 모바일소프트웨어트랙,V020016,시스템프로그래밍,허준영,N,전선,Y,리눅스시스템 프로그래밍 V1.0 - 홍지만 저,"System Programming in Linux, Stewart N. Weiss",20262110618V020016N,V021|[V021] 모바일소프트웨어트랙;V022|[V022] 빅데이터트랙;V023|[V023] 디지털콘텐츠·가상현실트랙;V024|[V024] 웹공학트랙;K170|[K170] 컴퓨터공학부
V021,[V021] 모바일소프트웨어트랙,V020017,네트워크프로그래밍,신성,7,전선,Y,강의 자료,"- 참고서적: 명품 JAVA PROGRAMMING(황기태 / 생능출판사)
- ""TCP/IP 소켓프로그래밍"" 또는 ""네트워크프로그램""으로 검색하면 많은 책들이 있습니다. 필요하면 스스로 참고서적을 준비할 수 있습니다.",20262110732V0200177,V021|[V021] 모바일소프트웨어트랙;V022|[V022] 빅데이터트랙;V023|[V023] 디지털콘텐츠·가상현실트랙;V024|[V024] 웹공학트랙;K170|[K170] 컴퓨터공학부
V021,[V021] 모바일소프트웨어트랙,V020017,네트워크프로그래밍,신성,A,전선,Y,강의 자료,"- 참고서적: 명품 JAVA PROGRAMMING(황기태 / 생능출판사)
- ""TCP/IP 소켓프로그래밍"" 또는 ""네트워크프로그램""으로 검색하면 많은 책들이 있습니다. 필요하면 스스로 참고서적을 준비할 수 있습니다.",20262110732V020017A,V021|[V021] 모바일소프트웨어트랙;V022|[V022] 빅데이터트랙;V023|[V023] 디지털콘텐츠·가상현실트랙;V024|[V024] 웹공학트랙;K170|[K170] 컴퓨터공학부
V021,[V021] 모바일소프트웨어트랙,V020017,네트워크프로그래밍,신성,B,전선,Y,강의 자료,"- 참고서적: 명품 JAVA PROGRAMMING(황기태 / 생능출판사)
- ""TCP/IP 소켓프로그래밍"" 또는 ""네트워크프로그램""으로 검색하면 많은 책들이 있습니다. 필요하면 스스로 참고서적을 준비할 수 있습니다.",20262110732V020017B,V021|[V021] 모바일소프트웨어트랙;V022|[V022] 빅데이터트랙;V023|[V023] 디지털콘텐츠·가상현실트랙;V024|[V024] 웹공학트랙;K170|[K170] 컴퓨터공학부
V021,[V021] 모바일소프트웨어트랙,V020017,네트워크프로그래밍,신성,C,전선,Y,강의 자료,"- 참고서적: 명품 JAVA PROGRAMMING(황기태 / 생능출판사)
- ""TCP/IP 소켓프로그래밍"" 또는 ""네트워크프로그램""으로 검색하면 많은 책들이 있습니다. 필요하면 스스로 참고서적을 준비할 수 있습니다.",20262110732V020017C,V021|[V021] 모바일소프트웨어트랙;V022|[V022] 빅데이터트랙;V023|[V023] 디지털콘텐츠·가상현실트랙;V024|[V024] 웹공학트랙;K170|[K170] 컴퓨터공학부
V021,[V021] 모바일소프트웨어트랙,V020017,네트워크프로그래밍,이찬수,D,전선,Y,사전녹화 강의 영상,참고서적: 명품 JAVA PROGRAMMING(황기태 / 생능출판사),20262511323V020017D,V021|[V021] 모바일소프트웨어트랙;V022|[V022] 빅데이터트랙;V023|[V023] 디지털콘텐츠·가상현실트랙;V024|[V024] 웹공학트랙;K170|[K170] 컴퓨터공학부
V021,[V021] 모바일소프트웨어트랙,V020017,네트워크프로그래밍,이찬수,N,전선,Y,사전녹화 강의 영상,참고서적: 명품 JAVA PROGRAMMING(황기태 / 생능출판사),20262511323V020017N,V021|[V021] 모바일소프트웨어트랙;V022|[V022] 빅데이터트랙;V023|[V023] 디지털콘텐츠·가상현실트랙;V024|[V024] 웹공학트랙;K170|[K170] 컴퓨터공학부
V021,[V021] 모바일소프트웨어트랙,V020018,설계패턴,유수진,8,전선,Y,"JAVA 객체지향 디자인 패턴, 정인상, 2014, 한빛미디어","헤드 퍼스트 디자인 패턴(개정판), 에릭 프리먼, 2022, 한빛미디어",20262110901V0200188,V021|[V021] 모바일소프트웨어트랙;V022|[V022] 빅데이터트랙;V023|[V023] 디지털콘텐츠·가상현실트랙;V024|[V024] 웹공학트랙;K170|[K170] 컴퓨터공학부
V021,[V021] 모바일소프트웨어트랙,V020018,설계패턴,유수진,C,전선,Y,"JAVA 객체지향 디자인 패턴, 정인상, 2014, 한빛미디어","헤드 퍼스트 디자인 패턴(개정판), 에릭 프리먼, 2022, 한빛미디어",20262110901V020018C,V021|[V021] 모바일소프트웨어트랙;V022|[V022] 빅데이터트랙;V023|[V023] 디지털콘텐츠·가상현실트랙;V024|[V024] 웹공학트랙;K170|[K170] 컴퓨터공학부
V021,[V021] 모바일소프트웨어트랙,V020018,설계패턴,정인상,7,전선,Y,"- SOLID로 다시 읽는 디자인 패턴 2025, 정인상 저 (www.upaper.kr 전자책","Java 객체지향 디자인 패턴, 2014, 한빛미디어, 정인상, 채흥석",20262110509V0200187,V021|[V021] 모바일소프트웨어트랙;V022|[V022] 빅데이터트랙;V023|[V023] 디지털콘텐츠·가상현실트랙;V024|[V024] 웹공학트랙;K170|[K170] 컴퓨터공학부
V021,[V021] 모바일소프트웨어트랙,V020018,설계패턴,정인상,A,전선,Y,"- SOLID로 다시 읽는 디자인 패턴 2025, 정인상 저 (www.upaper.kr 전자책","Java 객체지향 디자인 패턴, 2014, 한빛미디어, 정인상, 채흥석",20262110509V020018A,V021|[V021] 모바일소프트웨어트랙;V022|[V022] 빅데이터트랙;V023|[V023] 디지털콘텐츠·가상현실트랙;V024|[V024] 웹공학트랙;K170|[K170] 컴퓨터공학부
V021,[V021] 모바일소프트웨어트랙,V020018,설계패턴,정인상,B,전선,Y,"- SOLID로 다시 읽는 디자인 패턴 2025, 정인상 저 (www.upaper.kr 전자책","Java 객체지향 디자인 패턴, 2014, 한빛미디어, 정인상, 채흥석",20262110509V020018B,V021|[V021] 모바일소프트웨어트랙;V022|[V022] 빅데이터트랙;V023|[V023] 디지털콘텐츠·가상현실트랙;V024|[V024] 웹공학트랙;K170|[K170] 컴퓨터공학부
V021,[V021] 모바일소프트웨어트랙,V020018,설계패턴,정인상,N,전선,Y,"- SOLID로 다시 읽는 디자인 패턴 2025, 정인상 저 (www.upaper.kr 전자책","Java 객체지향 디자인 패턴, 2014, 한빛미디어, 정인상, 채흥석",20262110509V020018N,V021|[V021] 모바일소프트웨어트랙;V022|[V022] 빅데이터트랙;V023|[V023] 디지털콘텐츠·가상현실트랙;V024|[V024] 웹공학트랙;K170|[K170] 컴퓨터공학부
V021,[V021] 모바일소프트웨어트랙,V020019,컴퓨터비젼,엄종석,7,전선,Y,컴퓨터 비전과 딥러닝 -한빛아카데미 (2023년 1월 5일 초판 발행),"1. 러닝! OpenCV3 - 출판사 Pack - 위키북스, 개리 브래드스키 등 지음, 장길호 등 옮김,
2. Computer Vision - Richard Szeliski , Springer
3. 비전 시스템을 위한 딥러닝 : 한빛아카데미",20262516185V0200197,V021|[V021] 모바일소프트웨어트랙;V022|[V022] 빅데이터트랙;V023|[V023] 디지털콘텐츠·가상현실트랙;V024|[V024] 웹공학트랙;K170|[K170] 컴퓨터공학부
V021,[V021] 모바일소프트웨어트랙,V020019,컴퓨터비젼,엄종석,A,전선,Y,컴퓨터 비전과 딥러닝 -한빛아카데미 (2023년 1월 5일 초판 발행),"1. 러닝! OpenCV3 - 출판사 Pack - 위키북스, 개리 브래드스키 등 지음, 장길호 등 옮김,
2. Computer Vision - Richard Szeliski , Springer
3. 비전 시스템을 위한 딥러닝 : 한빛아카데미",20262516185V020019A,V021|[V021] 모바일소프트웨어트랙;V022|[V022] 빅데이터트랙;V023|[V023] 디지털콘텐츠·가상현실트랙;V024|[V024] 웹공학트랙;K170|[K170] 컴퓨터공학부
V021,[V021] 모바일소프트웨어트랙,V020027,데이터베이스 시스템 구현(IPP)(상상더학기),김영웅,Z,전선,Y,"데이터베이스의 이해, 이한미디어, 이상구외 3인",없음,20262516136V020027Z,V021|[V021] 모바일소프트웨어트랙;V022|[V022] 빅데이터트랙;V023|[V023] 디지털콘텐츠·가상현실트랙;V024|[V024] 웹공학트랙;K170|[K170] 컴퓨터공학부
V021,[V021] 모바일소프트웨어트랙,V020036,XR 온캠퍼스 인턴십,정병덕,7,전선,Y,없음,없음,20262110915V0200367,V021|[V021] 모바일소프트웨어트랙;V022|[V022] 빅데이터트랙;V023|[V023] 디지털콘텐츠·가상현실트랙;V024|[V024] 웹공학트랙
V021,[V021] 모바일소프트웨어트랙,V020037,AI/클라우드 온캠퍼스 인턴십,윤혜정,7,전선,Y,없음,없음,20262110925V0200377,V021|[V021] 모바일소프트웨어트랙;V022|[V022] 빅데이터트랙;V023|[V023] 디지털콘텐츠·가상현실트랙;V024|[V024] 웹공학트랙
V021,[V021] 모바일소프트웨어트랙,V020038,기업연계 SW캡스톤디자인,송미화,0,전선,Y,"없음
자체 Hand-out",없음,20262110890V0200380,V021|[V021] 모바일소프트웨어트랙;V022|[V022] 빅데이터트랙;V023|[V023] 디지털콘텐츠·가상현실트랙;V024|[V024] 웹공학트랙
V021,[V021] 모바일소프트웨어트랙,V020038,기업연계 SW캡스톤디자인,양옥수,7,전선,Y,-NA,-NA,20262110914V0200387,V021|[V021] 모바일소프트웨어트랙;V022|[V022] 빅데이터트랙;V023|[V023] 디지털콘텐츠·가상현실트랙;V024|[V024] 웹공학트랙
V021,[V021] 모바일소프트웨어트랙,V020038,기업연계 SW캡스톤디자인,유수진,9,전선,Y,없음,없음,20262110901V0200389,V021|[V021] 모바일소프트웨어트랙;V022|[V022] 빅데이터트랙;V023|[V023] 디지털콘텐츠·가상현실트랙;V024|[V024] 웹공학트랙
V021,[V021] 모바일소프트웨어트랙,V020038,기업연계 SW캡스톤디자인,이청용,8,전선,Y,없음 자체 Hand-out,없음,20262110920V0200388,V021|[V021] 모바일소프트웨어트랙;V022|[V022] 빅데이터트랙;V023|[V023] 디지털콘텐츠·가상현실트랙;V024|[V024] 웹공학트랙
V021,[V021] 모바일소프트웨어트랙,V021003,모바일&스마트시스템,박필준,B,전필,Y,강의교안 + 명품 라즈베리파이로 만드는 스마트 애플리케이션 with 파이썬,없음,20262110909V021003B,V021|[V021] 모바일소프트웨어트랙;K170|[K170] 컴퓨터공학부
V021,[V021] 모바일소프트웨어트랙,V021003,모바일&스마트시스템,박필준,N,전필,Y,강의교안 + 명품 라즈베리파이로 만드는 스마트 애플리케이션 with 파이썬,없음,20262110909V021003N,V021|[V021] 모바일소프트웨어트랙;K170|[K170] 컴퓨터공학부
V021,[V021] 모바일소프트웨어트랙,V021003,모바일&스마트시스템,송미화,9,전필,Y,"AIoT를 위한 명품 라즈베리파이 개정판(2026년 8월), 생능출판사
(개정판에는 명품 라즈베리파이 초판과는 많이 바뀌고, AI를 다루는 내용이 삽입되었습니다. 반드시 개정판을 구입하세요. 실습 과목의 특성상 교재 없이는 실습과 실습 내용의 설명을 함께 이해하는 데 어려움이 있습니다.)",없음,20262110890V0210039,V021|[V021] 모바일소프트웨어트랙;K170|[K170] 컴퓨터공학부
V021,[V021] 모바일소프트웨어트랙,V021003,모바일&스마트시스템,송미화,A,전필,Y,"AIoT를 위한 명품 라즈베리파이 개정판(2026년 8월), 생능출판사
(개정판에는 명품 라즈베리파이 초판과는 많이 바뀌고, AI를 다루는 내용이 삽입되었습니다. 반드시 개정판을 구입하세요. 실습 과목의 특성상 교재 없이는 실습과 실습 내용의 설명을 함께 이해하는 데 어려움이 있습니다.)",없음,20262110890V021003A,V021|[V021] 모바일소프트웨어트랙;K170|[K170] 컴퓨터공학부
V021,[V021] 모바일소프트웨어트랙,V021003,모바일&스마트시스템,이재문,0,전필,Y,"명품 라즈베리파이, 생능출판사 https://www.booksr.co.kr/product/명품-라즈베리파이/
실습 과목의 특성상 교재 없이는 실습과 실습 내용의 설명을 함께 이해하는데 어려움이 있음",없음,20262516318V0210030,V021|[V021] 모바일소프트웨어트랙;K170|[K170] 컴퓨터공학부
V021,[V021] 모바일소프트웨어트랙,V021003,모바일&스마트시스템,정인환,7,전필,Y,"AIoT를 위한 명품 라즈베리파이 개정판(2026년 8월), 생능출판사
(개정판에는 명품 라즈베리파이 초판과는 많이 바뀌고, AI를 다루는 내용이 삽입되었습니다. 반드시 개정판을 구입하세요. 실습 과목의 특성상 교재 없이는 실습과 실습 내용의 설명을 함께 이해하는 데 어려움이 있습니다.)",없음,20262110527V0210037,V021|[V021] 모바일소프트웨어트랙;K170|[K170] 컴퓨터공학부
V021,[V021] 모바일소프트웨어트랙,V021003,모바일&스마트시스템,황기태,8,전필,Y,"AIoT를 위한 명품 라즈베리파이 개정판(2026년 8월), 생능출판사
(개정판에는 명품 라즈베리파이 초판과는 많이 바뀌고, AI를 다루는 내용이 삽입되었습니다.
반드시 개정판을 구입하세요. 실습 과목의 특성상 교재 없이는 실습과 실습 내용의 설명을 함께 이해하는데 어려움이 있습니다.)",없음,20262110108V0210038,V021|[V021] 모바일소프트웨어트랙;K170|[K170] 컴퓨터공학부
V021,[V021] 모바일소프트웨어트랙,V021003,모바일&스마트시스템,황기태,C,전필,Y,"AIoT를 위한 명품 라즈베리파이 개정판(2026년 8월), 생능출판사
(개정판에는 명품 라즈베리파이 초판과는 많이 바뀌고, AI를 다루는 내용이 삽입되었습니다.
반드시 개정판을 구입하세요. 실습 과목의 특성상 교재 없이는 실습과 실습 내용의 설명을 함께 이해하는데 어려움이 있습니다.)",없음,20262110108V021003C,V021|[V021] 모바일소프트웨어트랙;K170|[K170] 컴퓨터공학부
V021,[V021] 모바일소프트웨어트랙,V021006,고급모바일프로그래밍,박필준,B,전필,Y,없음,없음,20262110909V021006B,V021|[V021] 모바일소프트웨어트랙;K170|[K170] 컴퓨터공학부
V021,[V021] 모바일소프트웨어트랙,V021006,고급모바일프로그래밍,박필준,C,전필,Y,없음,없음,20262110909V021006C,V021|[V021] 모바일소프트웨어트랙;K170|[K170] 컴퓨터공학부
V021,[V021] 모바일소프트웨어트랙,V021006,고급모바일프로그래밍,한기준,7,전필,Y,강의자료 제공,없음,20262110866V0210067,V021|[V021] 모바일소프트웨어트랙;K170|[K170] 컴퓨터공학부
V021,[V021] 모바일소프트웨어트랙,V021006,고급모바일프로그래밍,한기준,8,전필,Y,강의자료 제공,없음,20262110866V0210068,V021|[V021] 모바일소프트웨어트랙;K170|[K170] 컴퓨터공학부
V021,[V021] 모바일소프트웨어트랙,V021006,고급모바일프로그래밍,허준영,9,전필,Y,"교수 제공 PPT
소중대 온라인 콘텐츠(링크 업데이트 예정)",.,20262110618V0210069,V021|[V021] 모바일소프트웨어트랙;K170|[K170] 컴퓨터공학부
V021,[V021] 모바일소프트웨어트랙,V021006,고급모바일프로그래밍,허준영,A,전필,Y,"교수 제공 PPT
소중대 온라인 콘텐츠(링크 업데이트 예정)",.,20262110618V021006A,V021|[V021] 모바일소프트웨어트랙;K170|[K170] 컴퓨터공학부
V021,[V021] 모바일소프트웨어트랙,V021009,모바일시스템응용프로젝트,정병덕,7,전필,Y,없음,없음,20262110915V0210097,V021|[V021] 모바일소프트웨어트랙
V021,[V021] 모바일소프트웨어트랙,V021009,모바일시스템응용프로젝트,정병덕,8,전필,Y,없음,없음,20262110915V0210098,V021|[V021] 모바일소프트웨어트랙
V021,[V021] 모바일소프트웨어트랙,V021009,모바일시스템응용프로젝트,정병덕,N,전필,Y,없음,없음,20262110915V021009N,V021|[V021] 모바일소프트웨어트랙
V021,[V021] 모바일소프트웨어트랙,V023005,가상현실,김진모,7,전선,Y,수업 시간의 Hand Out,"1. Virtual Reality System, John Vince, Addison-Wesley 
2. The Virtual Reality Construction Kit, Joe Gradecki, Wiley 
3. 절대강좌! VR/AR 유니티로 배우는가상현실/증강현실 콘텐츠제작기법, 이재현, 위키북스 
4. VR Book, Jason Jerald",20262110805V0230057,V021|[V021] 모바일소프트웨어트랙;V023|[V023] 디지털콘텐츠·가상현실트랙;V024|[V024] 웹공학트랙;K170|[K170] 컴퓨터공학부
V021,[V021] 모바일소프트웨어트랙,V023005,가상현실,김진모,8,전선,Y,수업 시간의 Hand Out,"1. Virtual Reality System, John Vince, Addison-Wesley 
2. The Virtual Reality Construction Kit, Joe Gradecki, Wiley 
3. 절대강좌! VR/AR 유니티로 배우는가상현실/증강현실 콘텐츠제작기법, 이재현, 위키북스 
4. VR Book, Jason Jerald",20262110805V0230058,V021|[V021] 모바일소프트웨어트랙;V023|[V023] 디지털콘텐츠·가상현실트랙;V024|[V024] 웹공학트랙;K170|[K170] 컴퓨터공학부
V021,[V021] 모바일소프트웨어트랙,V023005,가상현실,김진모,A,전선,Y,수업 시간의 Hand Out,"1. Virtual Reality System, John Vince, Addison-Wesley 
2. The Virtual Reality Construction Kit, Joe Gradecki, Wiley 
3. 절대강좌! VR/AR 유니티로 배우는가상현실/증강현실 콘텐츠제작기법, 이재현, 위키북스 
4. VR Book, Jason Jerald",20262110805V023005A,V021|[V021] 모바일소프트웨어트랙;V023|[V023] 디지털콘텐츠·가상현실트랙;V024|[V024] 웹공학트랙;K170|[K170] 컴퓨터공학부
V022,[V022] 빅데이터트랙,V022004,데이터베이스설계,장재영,7,전필,Y,"데이터베이스 설계 및 구축, 개정3판, 오세종저, 생능출판사, 2023년",없음,20262110517V0220047,V022|[V022] 빅데이터트랙;K170|[K170] 컴퓨터공학부
V022,[V022] 빅데이터트랙,V022004,데이터베이스설계,장재영,A,전필,Y,"데이터베이스 설계 및 구축, 개정3판, 오세종저, 생능출판사, 2023년",없음,20262110517V022004A,V022|[V022] 빅데이터트랙;K170|[K170] 컴퓨터공학부
V022,[V022] 빅데이터트랙,V022004,데이터베이스설계,장재영,B,전필,Y,"데이터베이스 설계 및 구축, 개정3판, 오세종저, 생능출판사, 2023년",없음,20262110517V022004B,V022|[V022] 빅데이터트랙;K170|[K170] 컴퓨터공학부
V022,[V022] 빅데이터트랙,V022004,데이터베이스설계,장재영,N,전필,Y,"데이터베이스 설계 및 구축, 개정3판, 오세종저, 생능출판사, 2023년",없음,20262110517V022004N,V022|[V022] 빅데이터트랙;K170|[K170] 컴퓨터공학부
V022,[V022] 빅데이터트랙,V022006,빅데이터기초,이청용,7,전필,Y,강의자료 제공(Jupyter Notebook),"1) 파이썬 라이브러리를 활용한 데이터 분석(3판, 웨스 맥키니, 한빛미디어), 2) 파이썬 데이터 사이언스 핸드북(개정판, 제이크 밴더플래스, 위키북스)",20262110920V0220067,V022|[V022] 빅데이터트랙;V023|[V023] 디지털콘텐츠·가상현실트랙;K170|[K170] 컴퓨터공학부
V022,[V022] 빅데이터트랙,V022006,빅데이터기초,이청용,A,전필,Y,강의자료 제공(Jupyter Notebook),"1) 파이썬 라이브러리를 활용한 데이터 분석(3판, 웨스 맥키니, 한빛미디어), 2) 파이썬 데이터 사이언스 핸드북(개정판, 제이크 밴더플래스, 위키북스)",20262110920V022006A,V022|[V022] 빅데이터트랙;V023|[V023] 디지털콘텐츠·가상현실트랙;K170|[K170] 컴퓨터공학부
V022,[V022] 빅데이터트랙,V022006,빅데이터기초,이청용,B,전필,Y,강의자료 제공(Jupyter Notebook),"1) 파이썬 라이브러리를 활용한 데이터 분석(3판, 웨스 맥키니, 한빛미디어), 2) 파이썬 데이터 사이언스 핸드북(개정판, 제이크 밴더플래스, 위키북스)",20262110920V022006B,V022|[V022] 빅데이터트랙;V023|[V023] 디지털콘텐츠·가상현실트랙;K170|[K170] 컴퓨터공학부
V022,[V022] 빅데이터트랙,V022006,빅데이터기초,이청용,N,전필,Y,강의자료 제공(Jupyter Notebook),"1) 파이썬 라이브러리를 활용한 데이터 분석(3판, 웨스 맥키니, 한빛미디어), 2) 파이썬 데이터 사이언스 핸드북(개정판, 제이크 밴더플래스, 위키북스)",20262110920V022006N,V022|[V022] 빅데이터트랙;V023|[V023] 디지털콘텐츠·가상현실트랙;K170|[K170] 컴퓨터공학부
V022,[V022] 빅데이터트랙,V022009,인공지능,강희중,A,전필,Y,"인공지능, 이건명 저, 생능출판사","추가자료는 강의용 PPT 로 강의 홈페이지에 제공 
[참고도서]는 인공지능 2판, 천인국 저, 인피니티북스 파이썬으로 만드는 인공지능, 오일석외, 한빛아카데미 딥러닝 express, 천인국, 생능출판사 등",20262110518V022009A,V022|[V022] 빅데이터트랙
V022,[V022] 빅데이터트랙,V022009,인공지능,강희중,N,전필,Y,"인공지능, 이건명 저, 생능출판사","추가자료는 강의용 PPT 로 강의 홈페이지에 제공 
[참고도서]는 인공지능 2판, 천인국 저, 인피니티북스 파이썬으로 만드는 인공지능, 오일석외, 한빛아카데미 딥러닝 express, 천인국, 생능출판사 등",20262110518V022009N,V022|[V022] 빅데이터트랙
V022,[V022] 빅데이터트랙,V024003,웹프로그래밍,김성동,A,전선,Y,"HTML+CSS+JavaScript 웹프로그래밍, 황기태 저, 생능출판사","- 모던 자바스크립트 입문, 모던 자바스크립트 Deep Dive
- (Do it!) Node.js 프로그래밍 입문 - 고경희 저 - 이지스퍼블리싱",20262110528V024003A,V022|[V022] 빅데이터트랙;V023|[V023] 디지털콘텐츠·가상현실트랙;V024|[V024] 웹공학트랙;G038|[G038] 인터랙티브엔터테인먼트;K170|[K170] 컴퓨터공학부
V022,[V022] 빅데이터트랙,V024003,웹프로그래밍,김성동,C,전선,Y,"HTML+CSS+JavaScript 웹프로그래밍, 황기태 저, 생능출판사","- 모던 자바스크립트 입문, 모던 자바스크립트 Deep Dive
- (Do it!) Node.js 프로그래밍 입문 - 고경희 저 - 이지스퍼블리싱",20262110528V024003C,V022|[V022] 빅데이터트랙;V023|[V023] 디지털콘텐츠·가상현실트랙;V024|[V024] 웹공학트랙;G038|[G038] 인터랙티브엔터테인먼트;K170|[K170] 컴퓨터공학부
V022,[V022] 빅데이터트랙,V024003,웹프로그래밍,김인희,7,전선,Y,"HTML+CSS+JavaScript 웹프로그래밍, 황기태 저, 생능출판사","- Do it! Node.js 프로그래밍 입문, 고경희, 이지스퍼블리싱 - 백엔드 입문자를 위한 모던 자바스크립트 & Node.js, 이창현, 길벗캠퍼스",20262514333V0240037,V022|[V022] 빅데이터트랙;V023|[V023] 디지털콘텐츠·가상현실트랙;V024|[V024] 웹공학트랙;G038|[G038] 인터랙티브엔터테인먼트;K170|[K170] 컴퓨터공학부
V022,[V022] 빅데이터트랙,V024003,웹프로그래밍,김인희,8,전선,Y,"HTML+CSS+JavaScript 웹프로그래밍, 황기태 저, 생능출판사","- Do it! Node.js 프로그래밍 입문, 고경희, 이지스퍼블리싱 - 백엔드 입문자를 위한 모던 자바스크립트 & Node.js, 이창현, 길벗캠퍼스",20262514333V0240038,V022|[V022] 빅데이터트랙;V023|[V023] 디지털콘텐츠·가상현실트랙;V024|[V024] 웹공학트랙;G038|[G038] 인터랙티브엔터테인먼트;K170|[K170] 컴퓨터공학부
V022,[V022] 빅데이터트랙,V024003,웹프로그래밍,김인희,N,전선,Y,"HTML+CSS+JavaScript 웹프로그래밍, 황기태 저, 생능출판사","- Do it! Node.js 프로그래밍 입문, 고경희, 이지스퍼블리싱 - 백엔드 입문자를 위한 모던 자바스크립트 & Node.js, 이창현, 길벗캠퍼스",20262514333V024003N,V022|[V022] 빅데이터트랙;V023|[V023] 디지털콘텐츠·가상현실트랙;V024|[V024] 웹공학트랙;G038|[G038] 인터랙티브엔터테인먼트;K170|[K170] 컴퓨터공학부
V022,[V022] 빅데이터트랙,V024003,웹프로그래밍,심규현,B,전선,Y,"[1] 초보자를 위한 node.js 200제, 김경록,정지현, 정보문화사, 2018 [2] html+css+javascript 웹프로그래밍 개정판, 황기태,생능출판사, 2022",없음,20262110878V024003B,V022|[V022] 빅데이터트랙;V023|[V023] 디지털콘텐츠·가상현실트랙;V024|[V024] 웹공학트랙;G038|[G038] 인터랙티브엔터테인먼트;K170|[K170] 컴퓨터공학부
V022,[V022] 빅데이터트랙,V024003,웹프로그래밍,심규현,O,전선,Y,"[1] 초보자를 위한 node.js 200제, 김경록,정지현, 정보문화사, 2018 [2] html+css+javascript 웹프로그래밍 개정판, 황기태,생능출판사, 2022",없음,20262110878V024003O,V022|[V022] 빅데이터트랙;V023|[V023] 디지털콘텐츠·가상현실트랙;V024|[V024] 웹공학트랙;G038|[G038] 인터랙티브엔터테인먼트;K170|[K170] 컴퓨터공학부
V023,[V023] 디지털콘텐츠·가상현실트랙,CTE0002,웹프로그래밍기초,김태리,7,전기,Y,"명품 HTML5+CSS3+Javascript 웹 프로그래밍 (황기태 지음, 생능출판사)",없음,20262110938CTE00027,V023|[V023] 디지털콘텐츠·가상현실트랙;V024|[V024] 웹공학트랙;K170|[K170] 컴퓨터공학부
V023,[V023] 디지털콘텐츠·가상현실트랙,CTE0002,웹프로그래밍기초,김태리,N,전기,Y,"명품 HTML5+CSS3+Javascript 웹 프로그래밍 (황기태 지음, 생능출판사)",없음,20262110938CTE0002N,V023|[V023] 디지털콘텐츠·가상현실트랙;V024|[V024] 웹공학트랙;K170|[K170] 컴퓨터공학부
V023,[V023] 디지털콘텐츠·가상현실트랙,CTE0002,웹프로그래밍기초,이석기,A,전기,Y,"명품 HTML5 +CSS3 + JavaScript 웹 프로그래밍 (황기태 지음, 생능출판사)",없음,20262110668CTE0002A,V023|[V023] 디지털콘텐츠·가상현실트랙;V024|[V024] 웹공학트랙;K170|[K170] 컴퓨터공학부
V023,[V023] 디지털콘텐츠·가상현실트랙,CTE0002,웹프로그래밍기초,이석기,B,전기,Y,"명품 HTML5 +CSS3 + JavaScript 웹 프로그래밍 (황기태 지음, 생능출판사)",없음,20262110668CTE0002B,V023|[V023] 디지털콘텐츠·가상현실트랙;V024|[V024] 웹공학트랙;K170|[K170] 컴퓨터공학부
V023,[V023] 디지털콘텐츠·가상현실트랙,CTE0002,웹프로그래밍기초,이석기,C,전기,Y,"명품 HTML5 +CSS3 + JavaScript 웹 프로그래밍 (황기태 지음, 생능출판사)",없음,20262110668CTE0002C,V023|[V023] 디지털콘텐츠·가상현실트랙;V024|[V024] 웹공학트랙;K170|[K170] 컴퓨터공학부
V023,[V023] 디지털콘텐츠·가상현실트랙,CTE0002,웹프로그래밍기초,이석기,D,전기,Y,"명품 HTML5 +CSS3 + JavaScript 웹 프로그래밍 (황기태 지음, 생능출판사)",없음,20262110668CTE0002D,V023|[V023] 디지털콘텐츠·가상현실트랙;V024|[V024] 웹공학트랙;K170|[K170] 컴퓨터공학부
V023,[V023] 디지털콘텐츠·가상현실트랙,V023011,지능형 증강현실 시스템,김현정,7,전필,Y,인생 유니티 VR/AR 교과서,실전 증강 현실,20262110930V0230117,V023|[V023] 디지털콘텐츠·가상현실트랙
V023,[V023] 디지털콘텐츠·가상현실트랙,V023011,지능형 증강현실 시스템,김현정,A,전필,Y,인생 유니티 VR/AR 교과서,실전 증강 현실,20262110930V023011A,V023|[V023] 디지털콘텐츠·가상현실트랙
V024,[V024] 웹공학트랙,V024005,웹프레임워크1,박승현,A,전필,Y,"러닝 리액트 (2판, 한빛미디어, 알렉스뱅크스 저, 오현석 역, 2021)","리액트를 다루는 기술 (개정판, 길벗, 김민준 저, 2019)",20262110858V024005A,V024|[V024] 웹공학트랙;K170|[K170] 컴퓨터공학부;K191|[K191] IT응용시스템공학과
V024,[V024] 웹공학트랙,V024005,웹프레임워크1,박승현,B,전필,Y,"러닝 리액트 (2판, 한빛미디어, 알렉스뱅크스 저, 오현석 역, 2021)","리액트를 다루는 기술 (개정판, 길벗, 김민준 저, 2019)",20262110858V024005B,V024|[V024] 웹공학트랙;K170|[K170] 컴퓨터공학부;K191|[K191] IT응용시스템공학과
V024,[V024] 웹공학트랙,V024005,웹프레임워크1,박승현,N,전필,Y,"러닝 리액트 (2판, 한빛미디어, 알렉스뱅크스 저, 오현석 역, 2021)","리액트를 다루는 기술 (개정판, 길벗, 김민준 저, 2019)",20262110858V024005N,V024|[V024] 웹공학트랙;K170|[K170] 컴퓨터공학부;K191|[K191] IT응용시스템공학과
V024,[V024] 웹공학트랙,V024005,웹프레임워크1,심규현,7,전필,Y,"소플의 처음 만난 리액트 3판 (한빛미디어, 이인제, 2026)",없음,20262110878V0240057,V024|[V024] 웹공학트랙;K170|[K170] 컴퓨터공학부;K191|[K191] IT응용시스템공학과
V024,[V024] 웹공학트랙,V024005,웹프레임워크1,심규현,C,전필,Y,"소플의 처음 만난 리액트 3판 (한빛미디어, 이인제, 2026)",없음,20262110878V024005C,V024|[V024] 웹공학트랙;K170|[K170] 컴퓨터공학부;K191|[K191] IT응용시스템공학과
V024,[V024] 웹공학트랙,V024005,웹프레임워크1,심규현,D,전필,Y,"소플의 처음 만난 리액트 3판 (한빛미디어, 이인제, 2026)",없음,20262110878V024005D,V024|[V024] 웹공학트랙;K170|[K170] 컴퓨터공학부;K191|[K191] IT응용시스템공학과
V024,[V024] 웹공학트랙,V024009,클라우드 컴퓨팅,김성동,7,전필,Y,없음. 자료 제공,없음,20262110528V0240097,V024|[V024] 웹공학트랙
V024,[V024] 웹공학트랙,V024009,클라우드 컴퓨팅,김성동,8,전필,Y,없음. 자료 제공,없음,20262110528V0240098,V024|[V024] 웹공학트랙
V024,[V024] 웹공학트랙,V024009,클라우드 컴퓨팅,김성동,A,전필,Y,없음. 자료 제공,없음,20262110528V024009A,V024|[V024] 웹공학트랙
V031,[V031] 전자트랙,CTE0003,전자공학의 기초,공규열,7,전기,Y,"현승엽, 전기전자통신공학개론, 생능출판",강의노트,20262110868CTE00037,V031|[V031] 전자트랙;K181|[K181] 전자정보공학과
V031,[V031] 전자트랙,CTE0003,전자공학의 기초,공규열,A,전기,Y,"현승엽, 전기전자통신공학개론, 생능출판",강의노트,20262110868CTE0003A,V031|[V031] 전자트랙;K181|[K181] 전자정보공학과
V031,[V031] 전자트랙,CTE0003,전자공학의 기초,이해창,B,전기,Y,"현승엽, 전기전자통신공학개론, 생능출판",강의노트,20262110948CTE0003B,V031|[V031] 전자트랙;K181|[K181] 전자정보공학과
V031,[V031] 전자트랙,CTE0003,전자공학의 기초,이해창,N,전기,Y,"현승엽, 전기전자통신공학개론, 생능출판",강의노트,20262110948CTE0003N,V031|[V031] 전자트랙;K181|[K181] 전자정보공학과
V031,[V031] 전자트랙,M020044,온디바이스 인공지능 실습,"공진우,박성수",7,전선,Y,강의노트,"NVIDIA Jetson 및 TensorRT 공식 문서, NVIDIA Jetson AI Lab, 온디바이스 AI 관련 공개 강의자료, OpenCV 공식 튜토리얼, 교수자 제공 실습자료",20262110931M0200447,V031|[V031] 전자트랙;Y030|[Y030] AI응용학과;M020|[M020] C&C School
V031,[V031] 전자트랙,V030023,전기전자회로실험,박성수,C,전선,Y,"전기전자회로실험(정영모, 조혜경)",없음,20262110931V030023C,V031|[V031] 전자트랙;V035|[V035] 시스템반도체트랙;K181|[K181] 전자정보공학과
V031,[V031] 전자트랙,V030023,전기전자회로실험,박성수,N,전선,Y,"전기전자회로실험(정영모, 조혜경)",없음,20262110931V030023N,V031|[V031] 전자트랙;V035|[V035] 시스템반도체트랙;K181|[K181] 전자정보공학과
V031,[V031] 전자트랙,V030023,전기전자회로실험,이해창,7,전선,Y,"전기전자회로실험(정영모, 조혜경)",없음,20262110948V0300237,V031|[V031] 전자트랙;V035|[V035] 시스템반도체트랙;K181|[K181] 전자정보공학과
V031,[V031] 전자트랙,V030023,전기전자회로실험,호광춘,A,전선,Y,"전기전자회로실험(정영모, 조혜경)",없음.,20262110526V030023A,V031|[V031] 전자트랙;V035|[V035] 시스템반도체트랙;K181|[K181] 전자정보공학과
V031,[V031] 전자트랙,V030023,전기전자회로실험,호광춘,B,전선,Y,"전기전자회로실험(정영모, 조혜경)",없음.,20262110526V030023B,V031|[V031] 전자트랙;V035|[V035] 시스템반도체트랙;K181|[K181] 전자정보공학과
V031,[V031] 전자트랙,V030025,마이크로프로세서실험,오종택,A,전선,Y,"강의 노트, 각종 데이터쉬트 및 매뉴얼",마이크로프로세서 관련 서적 및 인터넷 자료,20262110519V030025A,V031|[V031] 전자트랙;V035|[V035] 시스템반도체트랙;K181|[K181] 전자정보공학과
V031,[V031] 전자트랙,V030025,마이크로프로세서실험,오종택,N,전선,Y,"강의 노트, 각종 데이터쉬트 및 매뉴얼",마이크로프로세서 관련 서적 및 인터넷 자료,20262110519V030025N,V031|[V031] 전자트랙;V035|[V035] 시스템반도체트랙;K181|[K181] 전자정보공학과
V031,[V031] 전자트랙,V030027,무선통신공학,김현수,7,전선,Y,"Dharma P. Agrawal, Qing-An Zeng 저, ""Introduction to Wireless and Mobile Systems""","윤남일 저, ""최신통신이론""",20262516290V0300277,V031|[V031] 전자트랙
V031,[V031] 전자트랙,V030037,인공지능,차형주,7,전선,Y,Lecture notes will be provided.,Other materials will be provided if required,20262516160V0300377,V031|[V031] 전자트랙;V035|[V035] 시스템반도체트랙;K181|[K181] 전자정보공학과
V031,[V031] 전자트랙,V030053,디지털회로 실험,이종복,A,전선,Y,Vivado환경에서 Verilog를 이용한 FPGA 설계 및 실습,Verilog HDL 디지털 설계와 합성의 길잡이,20262110520V030053A,V031|[V031] 전자트랙;V035|[V035] 시스템반도체트랙;K181|[K181] 전자정보공학과
V031,[V031] 전자트랙,V030053,디지털회로 실험,이종복,B,전선,Y,Vivado환경에서 Verilog를 이용한 FPGA 설계 및 실습,Verilog HDL 디지털 설계와 합성의 길잡이,20262110520V030053B,V031|[V031] 전자트랙;V035|[V035] 시스템반도체트랙;K181|[K181] 전자정보공학과
V031,[V031] 전자트랙,V030053,디지털회로 실험,한준희,N,전선,Y,Vivado 환경하에서 Verilog를 이용한 FPGA 설계 및 실습,Verilog HDL 디지털 설계와 합성의 길잡이,20262110949V030053N,V031|[V031] 전자트랙;V035|[V035] 시스템반도체트랙;K181|[K181] 전자정보공학과
V031,[V031] 전자트랙,V030055,회로이론 Ⅱ,정영모,A,전선,Y,"방성완, 처음 만나는 회로이론, 한빛아카데미, 2판, 2021년","최윤식, 기초회로이론, 개정2판, 한빛아카데미, 2017년",20262110116V030055A,V031|[V031] 전자트랙;V035|[V035] 시스템반도체트랙;K181|[K181] 전자정보공학과
V031,[V031] 전자트랙,V030055,회로이론 Ⅱ,정영모,B,전선,Y,"방성완, 처음 만나는 회로이론, 한빛아카데미, 2판, 2021년","최윤식, 기초회로이론, 개정2판, 한빛아카데미, 2017년",20262110116V030055B,V031|[V031] 전자트랙;V035|[V035] 시스템반도체트랙;K181|[K181] 전자정보공학과
V031,[V031] 전자트랙,V030055,회로이론 Ⅱ,정영모,N,전선,Y,"방성완, 처음 만나는 회로이론, 한빛아카데미, 2판, 2021년","최윤식, 기초회로이론, 개정2판, 한빛아카데미, 2017년",20262110116V030055N,V031|[V031] 전자트랙;V035|[V035] 시스템반도체트랙;K181|[K181] 전자정보공학과
V031,[V031] 전자트랙,V030059,통신공학 Ⅱ,정영모,A,전선,Y,"S. Haykin and M. Moher, Introduction to Analog and digital communications, 2nd Ed., John Wiley and Sons","B.P.Lathi, Modern Digital and Analog Communication Systems, 3rd Ed., Oxford Univ Press, 1998.",20262110116V030059A,V031|[V031] 전자트랙
V031,[V031] 전자트랙,V030059,통신공학 Ⅱ,정영모,N,전선,Y,"S. Haykin and M. Moher, Introduction to Analog and digital communications, 2nd Ed., John Wiley and Sons","B.P.Lathi, Modern Digital and Analog Communication Systems, 3rd Ed., Oxford Univ Press, 1998.",20262110116V030059N,V031|[V031] 전자트랙
V031,[V031] 전자트랙,V030060,데이터통신 및 컴퓨터네트워크,오종택,A,전선,Y,"Data Communications and Networking, 6E, B. Forouzan. (한글 번역판도 있음)",도서관과 인터넷에 관련 자료가 무수히 많음.,20262110519V030060A,V031|[V031] 전자트랙
V031,[V031] 전자트랙,V030060,데이터통신 및 컴퓨터네트워크,오종택,N,전선,Y,"Data Communications and Networking, 6E, B. Forouzan. (한글 번역판도 있음)",도서관과 인터넷에 관련 자료가 무수히 많음.,20262110519V030060N,V031|[V031] 전자트랙
V031,[V031] 전자트랙,V030061,디지털영상처리,공규열,A,전선,Y,"오일석, 컴퓨터 비전과 딥러닝, 한빛아카데미","정성환, OpenCV-Python으로 배우는 영상 처리 및 응용, 생능출판",20262110868V030061A,V031|[V031] 전자트랙
V031,[V031] 전자트랙,V030061,디지털영상처리,공규열,B,전선,Y,"오일석, 컴퓨터 비전과 딥러닝, 한빛아카데미","정성환, OpenCV-Python으로 배우는 영상 처리 및 응용, 생능출판",20262110868V030061B,V031|[V031] 전자트랙
V031,[V031] 전자트랙,V030061,디지털영상처리,공규열,N,전선,Y,"오일석, 컴퓨터 비전과 딥러닝, 한빛아카데미","정성환, OpenCV-Python으로 배우는 영상 처리 및 응용, 생능출판",20262110868V030061N,V031|[V031] 전자트랙
V031,[V031] 전자트랙,V030062,임베디드시스템,구임수,A,전선,Y,강의 노트,없음,20262110910V030062A,V031|[V031] 전자트랙;V035|[V035] 시스템반도체트랙
V031,[V031] 전자트랙,V030062,임베디드시스템,구임수,B,전선,Y,강의 노트,없음,20262110910V030062B,V031|[V031] 전자트랙;V035|[V035] 시스템반도체트랙
V031,[V031] 전자트랙,V030062,임베디드시스템,구임수,N,전선,Y,강의 노트,없음,20262110910V030062N,V031|[V031] 전자트랙;V035|[V035] 시스템반도체트랙
V031,[V031] 전자트랙,V031013,신호 및 시스템,박성수,7,전필,Y,"이철희, IT CookBook, 기초 신호 및 시스템(2판), 한빛아카데미, 2024",강의노트,20262110931V0310137,V031|[V031] 전자트랙;K181|[K181] 전자정보공학과
V031,[V031] 전자트랙,V031013,신호 및 시스템,박성수,B,전필,Y,"이철희, IT CookBook, 기초 신호 및 시스템(2판), 한빛아카데미, 2024",강의노트,20262110931V031013B,V031|[V031] 전자트랙;K181|[K181] 전자정보공학과
V031,[V031] 전자트랙,V031013,신호 및 시스템,호광춘,A,전필,Y,수업 시간에 제공되는 강의자료,"John D. Sherrick, Concepts in Systems and Signals , Prentice Hall, 2001",20262110526V031013A,V031|[V031] 전자트랙;K181|[K181] 전자정보공학과
V031,[V031] 전자트랙,V031013,신호 및 시스템,호광춘,N,전필,Y,수업 시간에 제공되는 강의자료,"John D. Sherrick, Concepts in Systems and Signals , Prentice Hall, 2001",20262110526V031013N,V031|[V031] 전자트랙;K181|[K181] 전자정보공학과
V035,[V035] 시스템반도체트랙,CTE0025,시스템 반도체의 기초,구임수,7,전기,Y,강의노트,없음,20262110910CTE00257,V035|[V035] 시스템반도체트랙;K181|[K181] 전자정보공학과
V035,[V035] 시스템반도체트랙,CTE0025,시스템 반도체의 기초,박익준,A,전기,Y,강의노트,-,20262110939CTE0025A,V035|[V035] 시스템반도체트랙;K181|[K181] 전자정보공학과
V035,[V035] 시스템반도체트랙,CTE0025,시스템 반도체의 기초,박익준,B,전기,Y,강의노트,-,20262110939CTE0025B,V035|[V035] 시스템반도체트랙;K181|[K181] 전자정보공학과
V035,[V035] 시스템반도체트랙,CTE0025,시스템 반도체의 기초,박익준,N,전기,Y,강의노트,-,20262110939CTE0025N,V035|[V035] 시스템반도체트랙;K181|[K181] 전자정보공학과
V035,[V035] 시스템반도체트랙,V030065,SoC캡스톤디자인,김준민,7,전선,Y,강의교안,없음,20262110842V0300657,V035|[V035] 시스템반도체트랙
V035,[V035] 시스템반도체트랙,V030070,차세대 반도체소자,박익준,A,전선,Y,"Semiconductor Physics and Devices, 4/E (Neamen)",Solid State Electronic Devices 7/E (Ben Streetman),20262110939V030070A,V035|[V035] 시스템반도체트랙
V035,[V035] 시스템반도체트랙,V030070,차세대 반도체소자,박익준,N,전선,Y,"Semiconductor Physics and Devices, 4/E (Neamen)",Solid State Electronic Devices 7/E (Ben Streetman),20262110939V030070N,V035|[V035] 시스템반도체트랙
V035,[V035] 시스템반도체트랙,V035004,아날로그집적회로,이종복,A,전필,Y,전자회로(Electronic Devices and Circuit Theory) :  Nashelsky,"마이크로전자회로(Fundamentals of Microelectronics): Razavi
마이크로전자회로(Microelectronic Circuits) : Sedra",20262110520V035004A,V035|[V035] 시스템반도체트랙
V035,[V035] 시스템반도체트랙,V035004,아날로그집적회로,이종복,B,전필,Y,전자회로(Electronic Devices and Circuit Theory) :  Nashelsky,"마이크로전자회로(Fundamentals of Microelectronics): Razavi
마이크로전자회로(Microelectronic Circuits) : Sedra",20262110520V035004B,V035|[V035] 시스템반도체트랙
V035,[V035] 시스템반도체트랙,V035004,아날로그집적회로,이종복,N,전필,Y,전자회로(Electronic Devices and Circuit Theory) :  Nashelsky,"마이크로전자회로(Fundamentals of Microelectronics): Razavi
마이크로전자회로(Microelectronic Circuits) : Sedra",20262110520V035004N,V035|[V035] 시스템반도체트랙
V035,[V035] 시스템반도체트랙,V035005,반도체센서,김준민,A,전필,Y,강의노트,"MEMS의 기초, Pearson
KICAD, 북스힐",20262110842V035005A,V035|[V035] 시스템반도체트랙
V035,[V035] 시스템반도체트랙,V035005,반도체센서,김준민,B,전필,Y,강의노트,"MEMS의 기초, Pearson
KICAD, 북스힐",20262110842V035005B,V035|[V035] 시스템반도체트랙
V035,[V035] 시스템반도체트랙,V035005,반도체센서,김준민,N,전필,Y,강의노트,"MEMS의 기초, Pearson
KICAD, 북스힐",20262110842V035005N,V035|[V035] 시스템반도체트랙
V035,[V035] 시스템반도체트랙,V035006,전자회로,한준희,7,전필,Y,"마이크로전자회로 8판, Sedra/Smith","Microelectronic Circuits 8th Edition, Sedra/Smith",20262110949V0350067,V035|[V035] 시스템반도체트랙
V035,[V035] 시스템반도체트랙,V035006,전자회로,한준희,A,전필,Y,"마이크로전자회로 8판, Sedra/Smith","Microelectronic Circuits 8th Edition, Sedra/Smith",20262110949V035006A,V035|[V035] 시스템반도체트랙
V035,[V035] 시스템반도체트랙,V035006,전자회로,한준희,B,전필,Y,"마이크로전자회로 8판, Sedra/Smith","Microelectronic Circuits 8th Edition, Sedra/Smith",20262110949V035006B,V035|[V035] 시스템반도체트랙
V035,[V035] 시스템반도체트랙,V035006,전자회로,한준희,N,전필,Y,"마이크로전자회로 8판, Sedra/Smith","Microelectronic Circuits 8th Edition, Sedra/Smith",20262110949V035006N,V035|[V035] 시스템반도체트랙
V036,[V036] 기계시스템디자인트랙,CTE0005,창의적 기계설계,강상욱,7,전기,Y,없음,없음,20262110529CTE00057,V036|[V036] 기계시스템디자인트랙;K151|[K151] 기계시스템공학과
V036,[V036] 기계시스템디자인트랙,CTE0005,창의적 기계설계,강상욱,A,전기,Y,없음,없음,20262110529CTE0005A,V036|[V036] 기계시스템디자인트랙;K151|[K151] 기계시스템공학과
V036,[V036] 기계시스템디자인트랙,V030015,기계실험 및 측정,윤주일,A,전선,Y,각 실험 실습시 유인물 배부,없음,20262110606V030015A,V036|[V036] 기계시스템디자인트랙;V037|[V037] AI로봇융합트랙;K151|[K151] 기계시스템공학과
V036,[V036] 기계시스템디자인트랙,V030015,기계실험 및 측정,최재봉,N,전선,Y,각 실험 실습시 유인물 배부,없음,20262510082V030015N,V036|[V036] 기계시스템디자인트랙;V037|[V037] AI로봇융합트랙;K151|[K151] 기계시스템공학과
V036,[V036] 기계시스템디자인트랙,V030016,기구학,김상현,A,전선,Y,강의자료(제본),"기구학 (Theory of mechines and mechanisms), 저자 : John J. Uicker,Jr",20262110597V030016A,V036|[V036] 기계시스템디자인트랙;V037|[V037] AI로봇융합트랙;K151|[K151] 기계시스템공학과
V036,[V036] 기계시스템디자인트랙,V030016,기구학,김상현,N,전선,Y,강의자료(제본),"기구학 (Theory of mechines and mechanisms), 저자 : John J. Uicker,Jr",20262110597V030016N,V036|[V036] 기계시스템디자인트랙;V037|[V037] AI로봇융합트랙;K151|[K151] 기계시스템공학과
V036,[V036] 기계시스템디자인트랙,V030018,에너지공학,조이상,7,전선,Y,인간과 환경의 지속가능한 미래를 위한 신?재생에너지공학/ 한국신?재생에너지학회/ 2024년/ 교문사,없음.,20262110713V0300187,V036|[V036] 기계시스템디자인트랙;V037|[V037] AI로봇융합트랙;K151|[K151] 기계시스템공학과
V036,[V036] 기계시스템디자인트랙,V030044,유체역학2,조이상,7,전선,Y,"1. White의 유체역학(Fluid Mechanics, Frank M. White), Mc Graw Hill.
2. 전산유체역학 강의자료","1. An Introduction to Computational Fluid Dynamics, THE FINITE VOLUME METHOD, Second Edition, H K Versteeg and W Malalasekera, PEARSON Educatiom, 2007.",20262110713V0300447,V036|[V036] 기계시스템디자인트랙;V037|[V037] AI로봇융합트랙;K151|[K151] 기계시스템공학과
V036,[V036] 기계시스템디자인트랙,V030049,최적환기 설계 실무,박두용,A,전선,Y,강의자료 (다운로드 받을 수 있도록 제공),필요한 자료는 다운로드 받을 수 있도록 제공,20262110155V030049A,V036|[V036] 기계시스템디자인트랙;V037|[V037] AI로봇융합트랙;K151|[K151] 기계시스템공학과
V036,[V036] 기계시스템디자인트랙,V030049,최적환기 설계 실무,박두용,N,전선,Y,강의자료 (다운로드 받을 수 있도록 제공),필요한 자료는 다운로드 받을 수 있도록 제공,20262110155V030049N,V036|[V036] 기계시스템디자인트랙;V037|[V037] AI로봇융합트랙;K151|[K151] 기계시스템공학과
V036,[V036] 기계시스템디자인트랙,V030066,로봇선형대수,조이상,A,전선,Y,"공학수학 I,  고영준 외, 텍스트북스, 2022년 2월 28일, (Advanced Engineering Mathematics, Dennis G. Zill)","알기쉽게 풀어쓴 선형대수 기초 및 응용, 김동식지음, 생능출판, 2026년.",20262110713V030066A,V036|[V036] 기계시스템디자인트랙;V037|[V037] AI로봇융합트랙;K151|[K151] 기계시스템공학과
V036,[V036] 기계시스템디자인트랙,V030066,로봇선형대수,조이상,N,전선,Y,"공학수학 I,  고영준 외, 텍스트북스, 2022년 2월 28일, (Advanced Engineering Mathematics, Dennis G. Zill)","알기쉽게 풀어쓴 선형대수 기초 및 응용, 김동식지음, 생능출판, 2026년.",20262110713V030066N,V036|[V036] 기계시스템디자인트랙;V037|[V037] AI로봇융합트랙;K151|[K151] 기계시스템공학과
V036,[V036] 기계시스템디자인트랙,V036001,응용기계설계 및 실습,김상현,7,전필,Y,강의노트,없음,20262110597V0360017,V036|[V036] 기계시스템디자인트랙;K151|[K151] 기계시스템공학과
V036,[V036] 기계시스템디자인트랙,V036001,응용기계설계 및 실습,김상현,A,전필,Y,강의노트,없음,20262110597V036001A,V036|[V036] 기계시스템디자인트랙;K151|[K151] 기계시스템공학과
V036,[V036] 기계시스템디자인트랙,V036006,기계제작법,윤주일,A,전필,Y,"핵심 제조공학 (Introduction to Manufacturing Processes, Groover, 한티미디어)",Introduction to Manufacturing Processes (John A. Schey/ 출판사 McGrawHill),20262110606V036006A,V036|[V036] 기계시스템디자인트랙;K151|[K151] 기계시스템공학과
V036,[V036] 기계시스템디자인트랙,V036006,기계제작법,윤주일,N,전필,Y,"핵심 제조공학 (Introduction to Manufacturing Processes, Groover, 한티미디어)",Introduction to Manufacturing Processes (John A. Schey/ 출판사 McGrawHill),20262110606V036006N,V036|[V036] 기계시스템디자인트랙;K151|[K151] 기계시스템공학과
V036,[V036] 기계시스템디자인트랙,V036009,열역학,윤주일,A,전필,Y,열역학 8th 또는 9th edition (박영무 외 8인 공역/출판사 TEXTBOOKS),"Thermodynamics ? An Engineering Approach (Y. A. Cengel, M.A. Boles/ 출판사 Mcgraw-Hill)",20262110606V036009A,V036|[V036] 기계시스템디자인트랙;V037|[V037] AI로봇융합트랙
V036,[V036] 기계시스템디자인트랙,V036009,열역학,윤주일,N,전필,Y,열역학 8th 또는 9th edition (박영무 외 8인 공역/출판사 TEXTBOOKS),"Thermodynamics ? An Engineering Approach (Y. A. Cengel, M.A. Boles/ 출판사 Mcgraw-Hill)",20262110606V036009N,V036|[V036] 기계시스템디자인트랙;V037|[V037] AI로봇융합트랙
V036,[V036] 기계시스템디자인트랙,V036010,CAD기초,우윤환,A,전필,Y,없음. PDF 강의자료를 매주 learn.hansung.ac.kr에 업로드,없,20262110574V036010A,V036|[V036] 기계시스템디자인트랙;V037|[V037] AI로봇융합트랙
V036,[V036] 기계시스템디자인트랙,V036010,CAD기초,우윤환,B,전필,Y,없음. PDF 강의자료를 매주 learn.hansung.ac.kr에 업로드,없,20262110574V036010B,V036|[V036] 기계시스템디자인트랙;V037|[V037] AI로봇융합트랙
V036,[V036] 기계시스템디자인트랙,V036010,CAD기초,우윤환,N,전필,Y,없음. PDF 강의자료를 매주 learn.hansung.ac.kr에 업로드,없,20262110574V036010N,V036|[V036] 기계시스템디자인트랙;V037|[V037] AI로봇융합트랙
V036,[V036] 기계시스템디자인트랙,V037011,AI로봇프로그래밍응용,강상욱,A,전선,Y,"랩뷰 기초부터 머신비전까지(한성대출판부, 저자 강상욱)  (네이버, 인터넷교보문고 등에서 구매 가능)",없음,20262110529V037011A,V036|[V036] 기계시스템디자인트랙;V037|[V037] AI로봇융합트랙;K151|[K151] 기계시스템공학과
V036,[V036] 기계시스템디자인트랙,V037011,AI로봇프로그래밍응용,강상욱,B,전선,Y,"랩뷰 기초부터 머신비전까지(한성대출판부, 저자 강상욱)  (네이버, 인터넷교보문고 등에서 구매 가능)",없음,20262110529V037011B,V036|[V036] 기계시스템디자인트랙;V037|[V037] AI로봇융합트랙;K151|[K151] 기계시스템공학과
V036,[V036] 기계시스템디자인트랙,V037011,AI로봇프로그래밍응용,강상욱,N,전선,Y,"랩뷰 기초부터 머신비전까지(한성대출판부, 저자 강상욱)  (네이버, 인터넷교보문고 등에서 구매 가능)",없음,20262110529V037011N,V036|[V036] 기계시스템디자인트랙;V037|[V037] AI로봇융합트랙;K151|[K151] 기계시스템공학과
V037,[V037] AI로봇융합트랙,CTE0027,로봇공학기초,김민구,7,전기,Y,강의자료,없음,20262110789CTE00277,V037|[V037] AI로봇융합트랙
V037,[V037] AI로봇융합트랙,CTE0027,로봇공학기초,김민구,A,전기,Y,강의자료,없음,20262110789CTE0027A,V037|[V037] AI로봇융합트랙
V037,[V037] AI로봇융합트랙,V037005,진동학,강상욱,A,전필,Y,"1) 학부생을 위한 기계진동학입문(한성대출판부, 저자 강상욱) (네이버, 인터넷교보문고 등에서 구매 가능)
2) 학부생을 위한 기계진동학입문 연습문제 풀이집(한성대출판부, 저자 강상욱) (네이버, 인터넷교보문고 등에서 구매 가능)",없음,20262110529V037005A,V037|[V037] AI로봇융합트랙;K151|[K151] 기계시스템공학과
V037,[V037] AI로봇융합트랙,V037005,진동학,강상욱,N,전필,Y,"1) 학부생을 위한 기계진동학입문(한성대출판부, 저자 강상욱) (네이버, 인터넷교보문고 등에서 구매 가능)
2) 학부생을 위한 기계진동학입문 연습문제 풀이집(한성대출판부, 저자 강상욱) (네이버, 인터넷교보문고 등에서 구매 가능)",없음,20262110529V037005N,V037|[V037] AI로봇융합트랙;K151|[K151] 기계시스템공학과
V037,[V037] AI로봇융합트랙,V037008,메카트로닉스,김민구,7,전필,Y,강의자료,없음,20262110789V0370087,V037|[V037] AI로봇융합트랙;K151|[K151] 기계시스템공학과
V037,[V037] AI로봇융합트랙,V037008,메카트로닉스,김민구,A,전필,Y,강의자료,없음,20262110789V037008A,V037|[V037] AI로봇융합트랙;K151|[K151] 기계시스템공학과
V042,[V042] 사물인터넷트랙,V040007,리눅스와C프로그래밍,정영희,7,전선,Y,"문제로 풀어보는 C언어 정석, 홍경호 저, 생능출판사",리눅스 시스템 관련 문헌,20262516119V0400077,V042|[V042] 사물인터넷트랙;V043|[V043] 사이버보안트랙;K191|[K191] IT응용시스템공학과
V042,[V042] 사물인터넷트랙,Y030003,확률 및 통계,조혜경,A,전선,Y,수업에서 배,"김도형의 데이터 사이언스 스쿨 (수학편), 한빛 미디어
https://datascienceschool.net/intro.html",20262110142Y030003A,V042|[V042] 사물인터넷트랙;V043|[V043] 사이버보안트랙;Y030|[Y030] AI응용학과
V042,[V042] 사물인터넷트랙,Y030003,확률 및 통계,조혜경,N,전선,Y,수업에서 배,"김도형의 데이터 사이언스 스쿨 (수학편), 한빛 미디어
https://datascienceschool.net/intro.html",20262110142Y030003N,V042|[V042] 사물인터넷트랙;V043|[V043] 사이버보안트랙;Y030|[Y030] AI응용학과
V042,[V042] 사물인터넷트랙,Y030010,자료구조 및 실습,정성훈,A,전선,Y,"C언어로 쉽게 풀어 쓴 자료구조(개정 3판), 천인국외 2인, 생능출판사",없음,20262110141Y030010A,V042|[V042] 사물인터넷트랙;V043|[V043] 사이버보안트랙;Y030|[Y030] AI응용학과
V042,[V042] 사물인터넷트랙,Y030010,자료구조 및 실습,정성훈,B,전선,Y,"C언어로 쉽게 풀어 쓴 자료구조(개정 3판), 천인국외 2인, 생능출판사",없음,20262110141Y030010B,V042|[V042] 사물인터넷트랙;V043|[V043] 사이버보안트랙;Y030|[Y030] AI응용학과
V042,[V042] 사물인터넷트랙,Y030010,자료구조 및 실습,정성훈,N,전선,Y,"C언어로 쉽게 풀어 쓴 자료구조(개정 3판), 천인국외 2인, 생능출판사",없음,20262110141Y030010N,V042|[V042] 사물인터넷트랙;V043|[V043] 사이버보안트랙;Y030|[Y030] AI응용학과
V042,[V042] 사물인터넷트랙,Y030020,시스템 프로그래밍,김명선,7,전선,Y,리눅스 프로그래밍 원리와 실제,리죽스 기반 AI 모델 실행 관련 문헌,20262110804Y0300207,V042|[V042] 사물인터넷트랙;V043|[V043] 사이버보안트랙;Y030|[Y030] AI응용학과;K191|[K191] IT응용시스템공학과
V042,[V042] 사물인터넷트랙,Y030021,운영체제,김명선,A,전필,Y,"명품 운영체제(생능출판사, 저자: 황기태)",Handout,20262110804Y030021A,V042|[V042] 사물인터넷트랙;Y030|[Y030] AI응용학과;K191|[K191] IT응용시스템공학과
V042,[V042] 사물인터넷트랙,Y030021,운영체제,김명선,N,전필,Y,"명품 운영체제(생능출판사, 저자: 황기태)",Handout,20262110804Y030021N,V042|[V042] 사물인터넷트랙;Y030|[Y030] AI응용학과;K191|[K191] IT응용시스템공학과
V042,[V042] 사물인터넷트랙,Y030022,클라우드 컴퓨팅,이관우,A,전필,Y,강의자료 (http://learn.hansung.ac.kr),없음,20262110555Y030022A,V042|[V042] 사물인터넷트랙;Y030|[Y030] AI응용학과;K191|[K191] IT응용시스템공학과
V042,[V042] 사물인터넷트랙,Y030022,클라우드 컴퓨팅,이관우,N,전필,Y,강의자료 (http://learn.hansung.ac.kr),없음,20262110555Y030022N,V042|[V042] 사물인터넷트랙;Y030|[Y030] AI응용학과;K191|[K191] IT응용시스템공학과
V042,[V042] 사물인터넷트랙,Y030026,지능형 IoT 통신시스템,"노병국,공진우",A,전필,Y,자체제작 ppt,"- ONNX Runtime (iBetter Books), TensorRT (iBetter Books)
- Yahboom Jetson ORIN NANO Super",20262110903Y030026A,V042|[V042] 사물인터넷트랙;Y030|[Y030] AI응용학과;K191|[K191] IT응용시스템공학과
V042,[V042] 사물인터넷트랙,Y030026,지능형 IoT 통신시스템,"노병국,공진우",N,전필,Y,자체제작 ppt,"- ONNX Runtime (iBetter Books), TensorRT (iBetter Books)
- Yahboom Jetson ORIN NANO Super",20262110903Y030026N,V042|[V042] 사물인터넷트랙;Y030|[Y030] AI응용학과;K191|[K191] IT응용시스템공학과
V042,[V042] 사물인터넷트랙,Y030030,강화학습,정성훈,A,전선,Y,"바닥부터 배우는 강화학습, 노승은저, 영진닷컴",여러 가지 실습 부교재,20262110141Y030030A,V042|[V042] 사물인터넷트랙;Y030|[Y030] AI응용학과
V042,[V042] 사물인터넷트랙,Y030030,강화학습,정성훈,N,전선,Y,"바닥부터 배우는 강화학습, 노승은저, 영진닷컴",여러 가지 실습 부교재,20262110141Y030030N,V042|[V042] 사물인터넷트랙;Y030|[Y030] AI응용학과
V042,[V042] 사물인터넷트랙,Y030033,산학협력프로젝트,노광현,7,전선,Y,기업에서 문제 관련 자료 제공 예정,없음,20262110596Y0300337,V042|[V042] 사물인터넷트랙;Y030|[Y030] AI응용학과
V042,[V042] 사물인터넷트랙,Y030034,로보틱스와 인공지능,"조혜경,노병국",A,전선,Y,1) 별도 교재 없이 수업자료를 수업에서 배포함.,수업에서 배포,20262110556Y030034A,V042|[V042] 사물인터넷트랙;Y030|[Y030] AI응용학과
V042,[V042] 사물인터넷트랙,Y030034,로보틱스와 인공지능,"조혜경,노병국",N,전선,Y,1) 별도 교재 없이 수업자료를 수업에서 배포함.,수업에서 배포,20262110556Y030034N,V042|[V042] 사물인터넷트랙;Y030|[Y030] AI응용학과
V042,[V042] 사물인터넷트랙,Y030036,인공지능 개론,"노병국,공진우",A,전기,Y,"인공지능, 생능출판사, 이건명 생성형 AI 첫걸음, 생능출판사, 천인국, 천명준",없음,20262110556Y030036A,V042|[V042] 사물인터넷트랙;Y030|[Y030] AI응용학과
V042,[V042] 사물인터넷트랙,Y040004,확률 및 통계,이후진,A,전선,Y,"Engineering Mathematics, Anthony Croft, etc., Pearson, 5th (or 4th, 3rd, etc.) Ed.","공학수학, Anthony Croft외, 한티미디어",20262110619Y040004A,V042|[V042] 사물인터넷트랙;V043|[V043] 사이버보안트랙;Y040|[Y040] 융합보안학과
V043,[V043] 사이버보안트랙,V040018,컴퓨터네트워크,김승천,7,전선,Y,"- Forouzan, Data Communications and Networking , 5th Edition, McGraw Hill, 2013. 
- Forouzan, Data Communications and Networking , 6th Edition, McGraw Hill, 2022.","- James F. Kurose, Computer Networking: A Top-Down Approach Featuring the Internet , Addison Wesley",20262110554V0400187,V043|[V043] 사이버보안트랙
V043,[V043] 사이버보안트랙,Y040001,정보보안개론,구동영,A,전기,Y,"한 권으로 배우는 보안 이론의 모든 것 정보 보안 개론 (양대일, 한빛아카데미) - 인터넷 열람: https://terms.naver.com/list.nhn?cid=58437&categoryId=58437","소프트웨어 중심사회의 컴퓨터개론 (강환수/조진형/신용현/강환일, 인피니티북스) 정보보호총론 (장상수, 생능출판사) 정보시스템 보안개론 (원동호 옮김, 홍릉과학출판사)",20262110774Y040001A,V043|[V043] 사이버보안트랙;Y040|[Y040] 융합보안학과
V043,[V043] 사이버보안트랙,Y040010,리눅스 시스템,박명서,A,전선,Y,"리눅스 시스템 원리와 실제 (생능출판, 병모)","리눅스 시스템 기초 및 실습 (리눅스 프로그래밍 입문을 위한) (21세기사, 임성락)",20262110880Y040010A,V043|[V043] 사이버보안트랙;Y040|[Y040] 융합보안학과;K191|[K191] IT응용시스템공학과
V043,[V043] 사이버보안트랙,Y040012,보안프로그래밍,서화정,A,전필,Y,없음,없음,20262110775Y040012A,V043|[V043] 사이버보안트랙;Y040|[Y040] 융합보안학과;K191|[K191] IT응용시스템공학과
V071,[V071] 시스템경영공학트랙,CTE0028,산업공학개론,홍정완,A,전기,Y,"박용태, 산업경영공학과 시스템 접근(개정3판), 생능, 2022","대한산업공학회, 스마트 세상을 여는 산업공학(시즌2), 교문사, 2024",20262110135CTE0028A,V071|[V071] 시스템경영공학트랙;V074|[V074] 산업공학트랙
V071,[V071] 시스템경영공학트랙,CTE0028,산업공학개론,홍정완,N,전기,Y,"박용태, 산업경영공학과 시스템 접근(개정3판), 생능, 2022","대한산업공학회, 스마트 세상을 여는 산업공학(시즌2), 교문사, 2024",20262110135CTE0028N,V071|[V071] 시스템경영공학트랙;V074|[V074] 산업공학트랙
V071,[V071] 시스템경영공학트랙,M033015,SAP 관리회계 프로세스,"백성준,임욱빈",7,전선,Y,"주교재
SAP CO 교재 (수업시 배포)",없음,20262110593M0330157,V071|[V071] 시스템경영공학트랙;V074|[V074] 산업공학트랙;M033|[M033] SAP 비즈니스 아카데미
V071,[V071] 시스템경영공학트랙,V070026,공학확률과 통계,문혜진,7,전선,Y,확률과 통계 / 통계학 개론,.,20262110867V0700267,V071|[V071] 시스템경영공학트랙;V074|[V074] 산업공학트랙;V076|[V076] 응용산업데이터공학트랙;K161|[K161] 산업경영공학과
V071,[V071] 시스템경영공학트랙,V070026,공학확률과 통계,문혜진,A,전선,Y,확률과 통계 / 통계학 개론,.,20262110867V070026A,V071|[V071] 시스템경영공학트랙;V074|[V074] 산업공학트랙;V076|[V076] 응용산업데이터공학트랙;K161|[K161] 산업경영공학과
V071,[V071] 시스템경영공학트랙,V070026,공학확률과 통계,문혜진,N,전선,Y,확률과 통계 / 통계학 개론,.,20262110867V070026N,V071|[V071] 시스템경영공학트랙;V074|[V074] 산업공학트랙;V076|[V076] 응용산업데이터공학트랙;K161|[K161] 산업경영공학과
V071,[V071] 시스템경영공학트랙,V070071,기업데이터캡스톤디자인,최정섭,7,전선,Y,별도 강의자료,별도 강의자료,20262110834V0700717,V071|[V071] 시스템경영공학트랙;V076|[V076] 응용산업데이터공학트랙
V071,[V071] 시스템경영공학트랙,V070074,제조 공정 및 자동화,윤주일,7,전선,Y,"핵심 제조공학 (Introduction to Manufacturing Processes, Groover, 한티미디어)",Introduction to Manufacturing Processes (John A. Schey/ 출판사 McGrawHill),20262110606V0700747,V071|[V071] 시스템경영공학트랙;V074|[V074] 산업공학트랙;K161|[K161] 산업경영공학과
V071,[V071] 시스템경영공학트랙,V070078,CRM,김형수,A,전선,Y,"Mastering CRM 전문가, 한국CRM협회 지음. 영출판사",없음.,20262110613V070078A,V071|[V071] 시스템경영공학트랙;V074|[V074] 산업공학트랙;V076|[V076] 응용산업데이터공학트랙
V071,[V071] 시스템경영공학트랙,V070078,CRM,김형수,N,전선,Y,"Mastering CRM 전문가, 한국CRM협회 지음. 영출판사",없음.,20262110613V070078N,V071|[V071] 시스템경영공학트랙;V074|[V074] 산업공학트랙;V076|[V076] 응용산업데이터공학트랙
V071,[V071] 시스템경영공학트랙,V071013,실험계획,이상복,7,전필,Y,강의노트,필요 시 제공,20262110747V0710137,V071|[V071] 시스템경영공학트랙;K161|[K161] 산업경영공학과
V071,[V071] 시스템경영공학트랙,V073016,기술경영,박인채,A,전선,Y,"강의교안, 기술경영(김진우 외, 박영사), 공학과 경영(김상균, 한빛아카데미), 기술과 경영(박용태, 생능출판사)","기술, 경영을 만나다(홍영표 외, 에이콘출판사)",20262110799V073016A,V071|[V071] 시스템경영공학트랙;V074|[V074] 산업공학트랙;K161|[K161] 산업경영공학과
V071,[V071] 시스템경영공학트랙,V073016,기술경영,박인채,N,전선,Y,"강의교안, 기술경영(김진우 외, 박영사), 공학과 경영(김상균, 한빛아카데미), 기술과 경영(박용태, 생능출판사)","기술, 경영을 만나다(홍영표 외, 에이콘출판사)",20262110799V073016N,V071|[V071] 시스템경영공학트랙;V074|[V074] 산업공학트랙;K161|[K161] 산업경영공학과
V071,[V071] 시스템경영공학트랙,V074011,시스템 시뮬레이션,이상복,7,전선,Y,강의자료 제공,필요시 공지,20262110747V0740117,V071|[V071] 시스템경영공학트랙;V074|[V074] 산업공학트랙;K161|[K161] 산업경영공학과
V071,[V071] 시스템경영공학트랙,V074012,경영과학Ⅰ,박명환,A,전선,Y,스마트 경영과학 (개정 4판)  민재형   ㈜생능  2026,"별도 인쇄물
경영과학 7th Ed.김성문 외 공역  한경사 2023 
물류관리사, 경영관리사, 품질경영기사 기출문제",20262500706V074012A,V071|[V071] 시스템경영공학트랙;V074|[V074] 산업공학트랙;V076|[V076] 응용산업데이터공학트랙
V071,[V071] 시스템경영공학트랙,V074012,경영과학Ⅰ,박명환,N,전선,Y,스마트 경영과학 (개정 4판)  민재형   ㈜생능  2026,"별도 인쇄물
경영과학 7th Ed.김성문 외 공역  한경사 2023 
물류관리사, 경영관리사, 품질경영기사 기출문제",20262500706V074012N,V071|[V071] 시스템경영공학트랙;V074|[V074] 산업공학트랙;V076|[V076] 응용산업데이터공학트랙
V071,[V071] 시스템경영공학트랙,V076012,인공지능 응용,이상복,7,전선,Y,강의자료 제공,없음.,20262110747V0760127,V071|[V071] 시스템경영공학트랙;V076|[V076] 응용산업데이터공학트랙
V071,[V071] 시스템경영공학트랙,V076015,비즈니스 애널리틱스 응용,김형수,A,전선,Y,"고객세분화와 핵심고객 관리, 김형수, 프레딕스",없음.,20262110613V076015A,V071|[V071] 시스템경영공학트랙;V076|[V076] 응용산업데이터공학트랙
V071,[V071] 시스템경영공학트랙,V076015,비즈니스 애널리틱스 응용,김형수,N,전선,Y,"고객세분화와 핵심고객 관리, 김형수, 프레딕스",없음.,20262110613V076015N,V071|[V071] 시스템경영공학트랙;V076|[V076] 응용산업데이터공학트랙
V074,[V074] 산업공학트랙,V070073,SAP 생산 프로세스,홍정완,7,전선,Y,"SAP S/4HANA Production Planning & Manufacturing Academy (TS421, TS422)",없음,20262110135V0700737,V074|[V074] 산업공학트랙
V074,[V074] 산업공학트랙,V070075,디자인과 제조,문찬,A,전선,Y,매주차 강의자가 e-class에 탑재.,없음.,20262110562V070075A,V074|[V074] 산업공학트랙
V074,[V074] 산업공학트랙,V070075,디자인과 제조,문찬,N,전선,Y,매주차 강의자가 e-class에 탑재.,없음.,20262110562V070075N,V074|[V074] 산업공학트랙
V074,[V074] 산업공학트랙,V074005,안전관리,김준원,7,전필,Y,"현대안전관리, 정병용저, 민영사",없음.,20262516470V0740057,V074|[V074] 산업공학트랙
V074,[V074] 산업공학트랙,V074013,생산경영,홍정완,A,전필,Y,Hand-out,"- 문일경, 김병수, 김훈태, 서용원, 이철웅, 정병도, 생산 및 운영관리 (제3판), 2024, 생능
- 김종원, 박승욱, 박찬규, 박창규, 이상식, 이세원, 조부연, 생산운영관리 (제3판), 2018, 한경사
- 김민균, 김상기, 박상찬, 최대헌, 운영관리 ; 지속가능성 및 공급사슬관리 (제13판), 2022, 한빛아카데미",20262110135V074013A,V074|[V074] 산업공학트랙;K161|[K161] 산업경영공학과
V074,[V074] 산업공학트랙,V074013,생산경영,홍정완,N,전필,Y,Hand-out,"- 문일경, 김병수, 김훈태, 서용원, 이철웅, 정병도, 생산 및 운영관리 (제3판), 2024, 생능
- 김종원, 박승욱, 박찬규, 박창규, 이상식, 이세원, 조부연, 생산운영관리 (제3판), 2018, 한경사
- 김민균, 김상기, 박상찬, 최대헌, 운영관리 ; 지속가능성 및 공급사슬관리 (제13판), 2022, 한빛아카데미",20262110135V074013N,V074|[V074] 산업공학트랙;K161|[K161] 산업경영공학과
V076,[V076] 응용산업데이터공학트랙,CTE0029,데이터리터러시,이상복,A,전기,Y,강의자료 제공,없음,20262110747CTE0029A,V076|[V076] 응용산업데이터공학트랙
V076,[V076] 응용산업데이터공학트랙,CTE0029,데이터리터러시,이상복,N,전기,Y,강의자료 제공,없음,20262110747CTE0029N,V076|[V076] 응용산업데이터공학트랙
V076,[V076] 응용산업데이터공학트랙,V076003,생산 빅데이터,박인채,7,전필,Y,"비즈니스 애널리틱스를 위한 데이터마이닝 in 파이썬(조성준 외, 한빛아카데미), 강의교안",없음,20262110799V0760037,V076|[V076] 응용산업데이터공학트랙;K161|[K161] 산업경영공학과
W020,[W020] 호텔외식경영학과,W020006,조리학,채봉수,N,전필,Y,새로운 감각으로 새로 쓴 조리원리 / 안선정.김은미.이은정 2022년 백산출판사,조리사를 위한 식품학개론 / 오혁수 2021년 백산출판사,20262110885W020006N,W020|[W020] 호텔외식경영학과
W020,[W020] 호텔외식경영학과,W020029,외식브랜드경영론,김현주,N,전선,Y,"팬을 만드는 마케팅, 문영호 저, 기문사
외식창업컨설팅, 이강일저, 기문","위닝컬러, 이랑주, 지와인",20262110853W020029N,W020|[W020] 호텔외식경영학과
W020,[W020] 호텔외식경영학과,W020030,외식창업세미나,김경자,N,전선,Y,자체교재,"최신 외식 산업의 창업 및 경영/ 김은숙 한동여/ 2019 / 백산출판사 외식창업경영/ 백남길, 김장호/ 2014/ 지식인",20262110824W020030N,W020|[W020] 호텔외식경영학과
W020,[W020] 호텔외식경영학과,W020031,단체급식경영론,이동숙,N,전선,Y,급식경영 / 윤지현 외4인 / 2022/ 파워북,급식경영학 / 양일선 외3인 / 2023 / 교문사 단체급식 / 양일선 외7인 / 2022 / 교문사,20262515526W020031N,W020|[W020] 호텔외식경영학과
W020,[W020] 호텔외식경영학과,W020036,외식 R&D,정지혜,N,전선,Y,-,-,20262516059W020036N,W020|[W020] 호텔외식경영학과
W020,[W020] 호텔외식경영학과,W020040,주방관리실무,김경자,N,전필,Y,주방관리 / 윤수선외 4인 / 백산출판사,실전주방관리론 / 강동원 외2인 / 교문사 주방설계부터 주방경영관리까지 / 김영갑 외1인 / 교문사 주방관리론 / 김태형 / 교문사,20262110824W020040N,W020|[W020] 호텔외식경영학과
W020,[W020] 호텔외식경영학과,W020041,외식창업종합설계1,김현주,N,전필,Y,교수자체제작자료,산학협력전문가 제공자료,20262110853W020041N,W020|[W020] 호텔외식경영학과
W020,[W020] 호텔외식경영학과,W020045,외식마케팅원론,김경자,N,전필,Y,외식마케팅의 이해와 활용 / 김영갑 / 2023 / 교문사,"외식마케팅/ 정용주/ 2016/ 백산 출판사 호텔마케팅/ 김성혁, 황수영/ 2018/ 백산 출판사 외식마케팅관리/ 김성일, 박영일/ 2020/ 백산 출판사",20262110824W020045N,W020|[W020] 호텔외식경영학과
W020,[W020] 호텔외식경영학과,W020046,외식상품개발론,김현주,N,전선,Y,교수자 제작 자료(e-class 강의자료),"신제품개발론, 유순근저, 박영사",20262110853W020046N,W020|[W020] 호텔외식경영학과
W020,[W020] 호텔외식경영학과,W020047,외식회계원리,강혜영,N,전선,Y,IFRS 회계원리 / 이성욱·홍사선·오상훈 / 2025 / 생능출판사,IFRS 회계원리 / 이만우·김기영·최우석·조공희 / 2021(개정판) / 생능출판사,20262516051W020047N,W020|[W020] 호텔외식경영학과
W020,[W020] 호텔외식경영학과,W020057,외식인적자원관리,김경자,N,전선,Y,"인적자원관리/ 변상우, 윤두열 / 2024 / 무역경영사","인적자원관리 / 김면식 / 2020 / 학현사 호텔외식인적자원관리 / 안대희 외6인 / 2019 / 백산출판사 호텔외식관광인적자원관리 / 이준혁, 정연국 / 2021 / 백산출판사 호스피탈리티인적자원관리론 / 김의근 외6인 / 2021 / 백산출판사 인적자원관리론 / 양춘희 외 3인/ 2019 / 무역경영사",20262110824W020057N,W020|[W020] 호텔외식경영학과
W020,[W020] 호텔외식경영학과,W020059,외식시장조사론,김현주,N,전필,Y,교수자 제작 자료(e-class 강의자료),"시장조사의 기술, 자일스 루리저, 구자룡 번역, 리더스북 외식경영 컨설팅 실무매뉴얼, 한영만 저, 기문사",20262110853W020059N,W020|[W020] 호텔외식경영학과
W020,[W020] 호텔외식경영학과,W020061,연회기획설계,채봉수,N,전선,Y,호텔연회기획(2021년) 송흥규외 백산출판,호텔연회서비스 실무론 (2021년) 권봉헌 백산출판,20262110885W020061N,W020|[W020] 호텔외식경영학과
W020,[W020] 호텔외식경영학과,W020062,와인학개론,김현주,N,전선,Y,"와인과 소믈리에론, 백산출판사","와인소믈리에 자격검정 예상문제집, 고재윤외 4인, 세경북스",20262110853W020062N,W020|[W020] 호텔외식경영학과
W030,[W030] 뷰티디자인학과,W030005,커트기초실습,권오혁,N,전필,Y,"커트프로세스 / 메디시언, 지구문화 / 권오혁",없음,20262110776W030005N,W030|[W030] 뷰티디자인학과
W030,[W030] 뷰티디자인학과,W030006,메이크업기초,홍수남,N,전필,Y,"메이크업기초 워크북(2021), 저자: 홍수남, 출판사: 구민사",없음,20262110826W030006N,W030|[W030] 뷰티디자인학과
W030,[W030] 뷰티디자인학과,W030011,네일뷰티디자인,김혜정,N,전필,Y,"네일기본과 살롱네일 (2023) 오인영, 이세아. 메디시언",ppt 유인물,20262515749W030011N,W030|[W030] 뷰티디자인학과
W030,[W030] 뷰티디자인학과,W030017,응용메이크업,홍수남,N,전선,Y,"메이크업기초 워크북(2021), 저자: 홍수남, 출판사: 구민사",없음,20262110826W030017N,W030|[W030] 뷰티디자인학과
W030,[W030] 뷰티디자인학과,W030018,기초헤어컬러,석유나,N,전필,Y,두피모발관리학 / 광문각/ 2017 / 석유나,없음,20262110876W030018N,W030|[W030] 뷰티디자인학과
W030,[W030] 뷰티디자인학과,W030019,뷰티기초실무Ⅱ,석유나,N,전선,Y,최신 NCS기반 블로우 드라이&아이론 / 광문각/ 2019 두피모발관리학 / 광문각/ 2017 / 석유나,없음,20262110876W030019N,W030|[W030] 뷰티디자인학과
W030,[W030] 뷰티디자인학과,W030020,뷰티경영학,석유나,N,전선,Y,환대산업서비스경영(3판)/ 한올출판사/ 2022년,경영학개론((7판)/ 한올출판사/ 2017년,20262110876W030020N,W030|[W030] 뷰티디자인학과
W030,[W030] 뷰티디자인학과,W030026,응용에스테틱,김혜정,N,전선,Y,한국형특수관리 / 메디시언,교안자료,20262515749W030026N,W030|[W030] 뷰티디자인학과
W030,[W030] 뷰티디자인학과,W030028,뷰티교육설계,황영아,N,전필,Y,,,20262515368W030028N,W030|[W030] 뷰티디자인학과;W520|[W520] 뷰티매니지먼트학과
W030,[W030] 뷰티디자인학과,W030033,뷰티필드스터디4,석유나,N,전선,Y,대학생을 위한 심리학(개정판)/ 정의석/ 시그마프레스,마이어스의 심리학개론(제11판)/시그마프레스,20262110876W030033N,W030|[W030] 뷰티디자인학과
W030,[W030] 뷰티디자인학과,W030037,뷰티코스메틱의 이해,이서현,N,전선,Y,"교수자가 제공하는 강의자료 및 최신 화장품 산업 자료.
화장품학, 김경영 외, 2020, 메디시언",식품의약품안전처. 화장품 관련 법규 및 정책자료(최신판),20262515490W030037N,W030|[W030] 뷰티디자인학과
W030,[W030] 뷰티디자인학과,W030038,뷰티서비스실무론,이서현,N,전기,Y,"뷰티서비스실무론, 홍수남, 2022, 구민사",교수자가 제공하는 강의자료 및 최신 뷰티서비스 관련 자료.,20262515490W030038N,W030|[W030] 뷰티디자인학과
W030,[W030] 뷰티디자인학과,W030039,뷰티필드스터디2(캡스톤디자인),홍수남,N,전필,Y,"메이크업기초 워크북(2021), 저자: 홍수남, 출판사: 구민사",없음,20262110826W030039N,W030|[W030] 뷰티디자인학과
W030,[W030] 뷰티디자인학과,W030040,뷰티연구방법론종합설계,홍수남,N,전선,Y,"기초 통계적 연구방법론(2025), 저자: 차경천, 출판사: 한경사
초보 연구자를 위한 연구방법의 모든 것(2000), 유진은 외 1인, 학지사.","연구방법론(2020), 저자"" 성태제 &시기자, 출판사: 학지사",20262110826W030040N,W030|[W030] 뷰티디자인학과
W030,[W030] 뷰티디자인학과,W520020,뷰티 사진,이형,L,전선,Y,교수자 자체 제작 유인물 및 실습 가이드,"국내외 코스메틱 브랜드 포트폴리오 웹사이트 레퍼런스, 하이패션 에디토리얼 화보집",20262515650W520020L,W030|[W030] 뷰티디자인학과;W520|[W520] 뷰티매니지먼트학과
W030,[W030] 뷰티디자인학과,W520020,뷰티 사진,이형,M,전선,Y,교수자 자체 제작 유인물 및 실습 가이드,"국내외 코스메틱 브랜드 포트폴리오 웹사이트 레퍼런스, 하이패션 에디토리얼 화보집",20262515650W520020M,W030|[W030] 뷰티디자인학과;W520|[W520] 뷰티매니지먼트학과
W030,[W030] 뷰티디자인학과,W520033,뷰티이커머스마케팅,김경은,L,전선,Y,교수자 제작 강의자료(PPT 및 실습 워크북),"네이버 스마트스토어 판매자 공식 가이드, 쿠팡 WING 판매자 가이드, ChatGPT·Claude·Gemini 등 생성형 AI 도구 공식 문서",20262516178W520033L,W030|[W030] 뷰티디자인학과;W520|[W520] 뷰티매니지먼트학과
W040,[W040] 비즈니스컨설팅학과,W040005,프로세스혁신,장원호,N,전선,Y,자체 제작 교재,자체 제작 교재,20262516447W040005N,W040|[W040] 비즈니스컨설팅학과;W510|[W510] 스마트제조혁신컨설팅학과
W040,[W040] 비즈니스컨설팅학과,W040010,리스크관리론,탁인철,N,전필,Y,Fundamentals of Risk Management,비즈니스 리스크관리,20262516360W040010N,W040|[W040] 비즈니스컨설팅학과
W040,[W040] 비즈니스컨설팅학과,W040011,지식재산권개론,박인채,N,전필,Y,강의교안,없음,20262110799W040011N,W040|[W040] 비즈니스컨설팅학과
W040,[W040] 비즈니스컨설팅학과,W040015,기업가치전략 컨설팅방법론,이상준,N,전필,Y,"기업가치 창조와 IR경영?IR BEST PRACTICE와 실무지침서(함천수?지음?|?에프앤가이드?|?2015년 11월 05일 출간)
기업경영의 기본개요(윤영삼?지음?|?창명?|?2020년 02월 27일 출간)",강의교안내 참고문헌,20262515525W040015N,W040|[W040] 비즈니스컨설팅학과
W040,[W040] 비즈니스컨설팅학과,W040016,HRM&D 컨설팅방법론,김재원,N,전선,Y,강의 교안(PPT 자료),"1. 리더를 위한 인적자원관리 3판, 창민사, 유규창, 박우성 공저 2. 인적자원관리, 무역경영사, 변상우, 윤두열 공저, 2019년 8월",20262515825W040016N,W040|[W040] 비즈니스컨설팅학과
W040,[W040] 비즈니스컨설팅학과,W040018,비즈니스 모델 컨설팅방법론,신채상,N,전선,Y,비즈니모델 연구방법에 대한 교안_ PPT 자료,비즈니스모델 제너레이션,20262516174W040018N,W040|[W040] 비즈니스컨설팅학과
W040,[W040] 비즈니스컨설팅학과,W040024,기업진단 프로젝트 종합설계,"임욱빈,김재원",N,전필,Y,"강의용 PPT, 기업진단 프로젝트 사례",없음,20262110716W040024N,W040|[W040] 비즈니스컨설팅학과
W040,[W040] 비즈니스컨설팅학과,W040026,노사관계론과 노동법,김재원,N,전선,Y,"1. 4차산업혁명시대 신노사관계론, 무역경영사, 정형일 저, 2020년 3월 2. 강의 교안(PPT 자료)","1. 노동법의 쟁점과 사례, 박영사, 박은정 공저, 2021년 5월 2. 복수노조와 노사전략 컨설팅 프로세스, 박영사, 정광일 저, 2011년 5월",20262515825W040026N,W040|[W040] 비즈니스컨설팅학과
W040,[W040] 비즈니스컨설팅학과,W040034,관리 및 원가회계,임욱빈,N,전선,Y,"원관리회계, 황국재, 김도형, 이성욱 저, 생능출판사",없음,20262110716W040034N,W040|[W040] 비즈니스컨설팅학과
W040,[W040] 비즈니스컨설팅학과,W040039,컨설팅방법론,김삼영,N,전필,Y,강의 교안(PPT 자료),"1. 경영컨설팅방법론, 이동혁·이재훈·한승희·주상진·이득규 공저, 당나귀
2. 컨설턴트의 사고법, 나정호, 나앤북",20262516373W040039N,W040|[W040] 비즈니스컨설팅학과;W510|[W510] 스마트제조혁신컨설팅학과
W040,[W040] 비즈니스컨설팅학과,W040039,컨설팅방법론,임욱빈,O,전필,Y,강의용 PPT,컨설팅사례보고서,20262110716W040039O,W040|[W040] 비즈니스컨설팅학과;W510|[W510] 스마트제조혁신컨설팅학과
W040,[W040] 비즈니스컨설팅학과,W040041,ESG경영컨설팅방법론,탁인철,N,전선,Y,ESG 경영실무완성,실전ESG 공시 dlrjtaksdms dkfwk,20262516360W040041N,W040|[W040] 비즈니스컨설팅학과
W040,[W040] 비즈니스컨설팅학과,W040043,경영전략수립컨설팅방법론,김삼영,N,전선,Y,강의 교안(PPT 자료),"1. 경영전략수립 방법론, 시그마인사이트컴, 김동철, 서영우 공저
2. 경영전략수립 워크북, CTP, 김태진
3. 기업경영 분석과 성장전략 수립, 비전북하우스, 김병구",20262516373W040043N,W040|[W040] 비즈니스컨설팅학과
W040,[W040] 비즈니스컨설팅학과,W040044,중소기업법,이상준,N,전필,Y,"2025 경영지도사 1차 중소기업관계법령
중소기업 정책·법령 핸드북",중소기업 법령정보시스템 (smes.go.kr),20262515525W040044N,W040|[W040] 비즈니스컨설팅학과
W050,[W050] ICT융합디자인학과,W050013,사용자경험 프로토타이핑,송영섭,N,전선,Y,강의 PPT 자료,-,20262515809W050013N,W050|[W050] ICT융합디자인학과
W050,[W050] ICT융합디자인학과,W050014,미디어스토리텔링디자인,이지인,N,전선,Y,강의자료,없음,20262110943W050014N,W050|[W050] ICT융합디자인학과
W050,[W050] ICT융합디자인학과,W050015,브랜드전략,장다윤,N,전필,Y,"- 강의 자료
- ""데이비드 아커의 브랜드 경영"" David A. Aaker 데이비드 아커(이상민 옮김) / 비즈니스북스",- 강의 자료 참고,20262515816W050015N,W050|[W050] ICT융합디자인학과
W050,[W050] ICT융합디자인학과,W050022,UX디자인 사례분석,송영섭,N,전선,Y,강의 PPT 자료,-,20262515809W050022N,W050|[W050] ICT융합디자인학과
W050,[W050] ICT융합디자인학과,W050023,브랜드디자인,문해원,N,전선,Y,-,-,20262516037W050023N,W050|[W050] ICT융합디자인학과
W050,[W050] ICT융합디자인학과,W050024,모션그래픽,박원철,N,전선,Y,강의자료(PPT),없음.,20262110825W050024N,W050|[W050] ICT융합디자인학과
W050,[W050] ICT융합디자인학과,W050036,2D컴퓨터그래픽,김미혜,N,전기,Y,없음,맛있는 디자인 포토샵&일러스트레이터 CC 2026,20262516367W050036N,W050|[W050] ICT융합디자인학과
W050,[W050] ICT융합디자인학과,W050037,타이포그래피,이은경,N,전필,Y,-,"한글 디자인 교과서/ 안상수;한재준;이용제/2009/안그라픽스
타이포그라픽 디자인/얀치홀트/2006/안그라픽스",20262515815W050037N,W050|[W050] ICT융합디자인학과
W050,[W050] ICT융합디자인학과,W050040,기초입체디자인,김수한,N,전필,Y,교수자의 강의자료(PPT),-,20262516050W050040N,W050|[W050] ICT융합디자인학과
W050,[W050] ICT융합디자인학과,W050041,인포메이션디자인,이호찬,N,전선,Y,교수자 PPT,없음,20262110912W050041N,W050|[W050] ICT융합디자인학과
W050,[W050] ICT융합디자인학과,W050042,GUI,김민수,N,전기,Y,강의 교안,,20262516361W050042N,W050|[W050] ICT융합디자인학과
W050,[W050] ICT융합디자인학과,W050043,디자인 직업세계 탐색과 창업(캡스톤디자인),정향진,N,전선,Y,-,-,20262110896W050043N,W050|[W050] ICT융합디자인학과
W050,[W050] ICT융합디자인학과,W050044,편집디자인종합설계,김묘수,N,전선,Y,-,-,20262512213W050044N,W050|[W050] ICT융합디자인학과
W050,[W050] ICT융합디자인학과,W050046,AI와 HCI,김민수,N,전기,Y,강의 교안,,20262516361W050046N,W050|[W050] ICT융합디자인학과
W050,[W050] ICT융합디자인학과,W050048,미디어융합프로젝트2(캡스톤디자인),박원철,N,전선,Y,없음,없음,20262110825W050048N,W050|[W050] ICT융합디자인학과
W060,[W060] 융합행정학과,W060005,법과 사회,안소영,N,전기,Y,강의안,"강의안 또는 보충자료를 통해 제시하는 판결문, 관련 도서 및 영상 자료",20262515909W060005N,W060|[W060] 융합행정학과
W060,[W060] 융합행정학과,W060008,행정사무실무,서미정,N,전필,Y,별도의 강의안 제공,사무관리와 관련한 전공 및 비전공 서적 참조,20262110843W060008N,W060|[W060] 융합행정학과
W060,[W060] 융합행정학과,W060017,행정구제실무,김라은,N,전필,Y,강의안,"김남철, 행정법 
홍정선, 행정법 
이외 각종 시중 교과서, 논문 등",20262110882W060017N,W060|[W060] 융합행정학과
W060,[W060] 융합행정학과,W060019,헌법의 이론과 실제,이준복,N,전기,Y,수업자료(ppt),"백윤철.이준복 외, 헌법요론, 박영사, 2019. 기타 헌법관련 서적",20262516165W060019N,W060|[W060] 융합행정학과
W060,[W060] 융합행정학과,W060024,행정과 빅데이터,서미정,N,전선,Y,별도의 강의안 제공,행정학개론,20262110843W060024N,W060|[W060] 융합행정학과
W060,[W060] 융합행정학과,W060028,조직데이터 관리 프로젝트,서미정,N,전선,Y,별도의 강의안 제공,데이터와 관련한 전공 및 비전공 서적 참조,20262110843W060028N,W060|[W060] 융합행정학과
W060,[W060] 융합행정학과,W060034,법과 여성,안소영,N,전선,Y,강의안,"강의안 또는 보충자료를 통해 제시하는 판결문, 관련 도서 및 영상 자료",20262515909W060034N,W060|[W060] 융합행정학과
W060,[W060] 융합행정학과,W060037,환경과 법,김라은,N,전선,Y,강의,"각종 시중 교과서, 논문 등",20262110882W060037N,W060|[W060] 융합행정학과
W060,[W060] 융합행정학과,W060039,사회보장법 실무,이경은,N,전선,Y,주차별 ppt 강의자료,"전광석 외, 사회보장법(제8판), 신조사, 2024.
하명호 외, 사회보장행정법, 박영사, 2025 등.",20262516432W060039N,W060|[W060] 융합행정학과
W060,[W060] 융합행정학과,W060044,공법실무,이경은,N,전선,Y,주차별 ppt 강의자료,"이동흡, 헌법소송법, 박영사, 2025.
정형근, 행정법, 정독, 2025 등",20262516432W060044N,W060|[W060] 융합행정학과
W060,[W060] 융합행정학과,W060045,행정조사방법론,강혜연,N,전필,Y,[주교재] PPT강의안,추후 안내,20262110883W060045N,W060|[W060] 융합행정학과
W060,[W060] 융합행정학과,W060053,정부프로젝트관리 종합설계,강혜연,N,전선,Y,[주교재] PPT 강의안,추후 안내,20262110883W060053N,W060|[W060] 융합행정학과
W060,[W060] 융합행정학과,W060054,공공정책세미나,서미정,N,전선,Y,별도의 강의안,정책학과 관련된 전공 및 비전공 서적,20262110843W060054N,W060|[W060] 융합행정학과
W060,[W060] 융합행정학과,W060058,현대사회와 법문제연구 종합설계,김라은,N,전필,Y,강의안,"각종 논문, 법서",20262110882W060058N,W060|[W060] 융합행정학과
W080,[W080] AI·소프트웨어학과,W080010,생성형 AI의 이해와 활용,이진규,N,전선,Y,교수자 제작 강의자료,"Stanford University, CS224G: Building and Scaling LLM Applications
DeepLearning.AI, Generative AI for Everyone
DeepLearning.AI, Retrieval Augmented Generation
DeepLearning.AI, Agentic AI",20262516463W080010N,W080|[W080] AI·소프트웨어학과
W080,[W080] AI·소프트웨어학과,W080012,웹프로그래밍,장현주,N,전선,Y,명품 HTML5+CSS3+Javascript 웹 프로그래밍 (개정판) / 저자 황기태 / 생능출판사,명품 HTML5+CSS3+Javascript 웹 프로그래밍 (개정판) / 저자 황기태 / 생능출판사,20262110911W080012N,W080|[W080] AI·소프트웨어학과
W080,[W080] AI·소프트웨어학과,W080015,C프로그래밍,윤성림,N,전필,Y,"[개정판] 두근두근  C 언어 with 챗GP, 천인국, 생능출판사","Perfect C : C언어로 배우는 프로그래밍 기초 , 강환수 저, 인피니티북스",20262516461W080015N,W080|[W080] AI·소프트웨어학과
W080,[W080] AI·소프트웨어학과,W080016,AI를 위한 기초수학Ⅰ,장은실,N,전선,Y,컴퓨팅 사고력을 키우는 이산수학(3판) / 한빛아카데미 / 박주미,4차 산업혁명 시대의 이산수학 / 생능출판,20262516297W080016N,W080|[W080] AI·소프트웨어학과
W080,[W080] AI·소프트웨어학과,W080021,자료구조 및 알고리즘,김문희,N,전선,Y,"자체 pdf 교제,파이썬 자료구조와 알고리즘 ㅡ 우재남 한빛미디어","자체 pdf 교제,C로 배우는 쉬운 자료구조 4판ㅡ이지영 한빛미디어",20262516440W080021N,W080|[W080] AI·소프트웨어학과
W080,[W080] AI·소프트웨어학과,W080023,데이터베이스,윤성림,N,전필,Y,데이터베이스 개론(4판) / 한빛아카데미 / 김연희 저,오라클로 배우는 데이터베이스 개론과 실습 / 한빛아카데미 / 박우창 외,20262516461W080023N,W080|[W080] AI·소프트웨어학과
W080,[W080] AI·소프트웨어학과,W080029,웹프레임워크1,윤성림,N,전선,Y,"모던 자바스크립트로 배우는 리액트 입문( 한빛 미디어, 김모세 옮김)
소플의 처음 만난 리액트 3판 (한빛미디어, 이인제)",https://ko.react.org   React  문서 사이트,20262516461W080029N,W080|[W080] AI·소프트웨어학과
W080,[W080] AI·소프트웨어학과,W080030,자연어처리,이진규,N,전선,Y,자체 교재,"-Daniel Jurafsky and James H. Martin, Speech and Language Processing.
-Lewis Tunstall, Leandro von Werra and Thomas Wolf, Natural Language Processing with Transformers.",20262516463W080030N,W080|[W080] AI·소프트웨어학과
W080,[W080] AI·소프트웨어학과,W080031,컴퓨터비전,이진규,N,전선,Y,자체 제작 교재,"- Richard Szeliski, Computer Vision: Algorithms and Applications, 2nd Edition.
- Ian Goodfellow, Yoshua Bengio and Aaron Courville, Deep Learning, MIT Press.",20262516463W080031N,W080|[W080] AI·소프트웨어학과
W080,[W080] AI·소프트웨어학과,W080033,오픈소스소프트웨어,김문희,N,전필,Y,리눅스 활용 자체 pdf 교제,자체 pdf 교제,20262516440W080033N,W080|[W080] AI·소프트웨어학과
W080,[W080] AI·소프트웨어학과,W080035,데이터사이언스기초,양숙희,N,전기,Y,"인공지능 시대를 위한 데이터 사이언스, 신윤환, 생능출판사",없음,20262516239W080035N,W080|[W080] AI·소프트웨어학과
W080,[W080] AI·소프트웨어학과,W080036,AI 3D 콘텐츠 프로그래밍,장현주,N,전선,Y,강의자료,강의자료,20262110911W080036N,W080|[W080] AI·소프트웨어학과
W510,[W510] 스마트제조혁신컨설팅학과,W510001,VR/AR,신현덕,A,전선,Y,자체 교안,"VR Book / 제이슨제럴드 ""Virtual Reality and Augmented Reality: Understanding the Differences"" (Gartner, 2020) ""A Survey of Augmented Reality"" (Azuma, 1997)",20262110782W510001A,W510|[W510] 스마트제조혁신컨설팅학과
W510,[W510] 스마트제조혁신컨설팅학과,W510007,품질 및 공정관리,문혜진,A,전선,Y,통계적 품질관리,.,20262110867W510007A,W510|[W510] 스마트제조혁신컨설팅학과
W510,[W510] 스마트제조혁신컨설팅학과,W510014,생산 빅데이터,박인채,A,전선,Y,"강의교안, 비즈니스 애널리틱스를 위한 데이터마이닝 in 파이썬(조성준 외, 한빛아카데미)",없음,20262110799W510014A,W510|[W510] 스마트제조혁신컨설팅학과
W510,[W510] 스마트제조혁신컨설팅학과,W510015,산업인공지능,이주환,A,전선,Y,강의자료제공,없음,20262516474W510015A,W510|[W510] 스마트제조혁신컨설팅학과
W510,[W510] 스마트제조혁신컨설팅학과,W510016,설비관리 및 예지보전,문혜진,A,전선,Y,설비효율화를 위한 설비관리시스템,.,20262110867W510016A,W510|[W510] 스마트제조혁신컨설팅학과
W510,[W510] 스마트제조혁신컨설팅학과,W510017,제조공정 및 자동화,윤주일,A,전선,Y,"핵심 제조공학 (Introduction to Manufacturing Processes, Groover, 한티미디어)",Introduction to Manufacturing Processes (John A. Schey/ 출판사 McGrawHill),20262110606W510017A,W510|[W510] 스마트제조혁신컨설팅학과
W510,[W510] 스마트제조혁신컨설팅학과,W510018,창의 팩토리,문찬,A,전선,Y,강의자가 매 주 E-class에 탑재.,없음.,20262110562W510018A,W510|[W510] 스마트제조혁신컨설팅학과
W510,[W510] 스마트제조혁신컨설팅학과,W510023,스마트팩토리 사례연구,송명도,A,전선,Y,PPT자료,PPT자료,20262516109W510023A,W510|[W510] 스마트제조혁신컨설팅학과
W510,[W510] 스마트제조혁신컨설팅학과,W510024,SAP 생산 프로세스,홍정완,A,전선,Y,"SAP S/4HANA Production Planning & Manufacturing Academy (TS421, TS422)",없음,20262110135W510024A,W510|[W510] 스마트제조혁신컨설팅학과
W510,[W510] 스마트제조혁신컨설팅학과,W510025,제조업 ESG 경영,강근명,A,전선,Y,HAND-OUT,스타트업의 ESG 경영전략 및 사례,20262516252W510025A,W510|[W510] 스마트제조혁신컨설팅학과
W510,[W510] 스마트제조혁신컨설팅학과,W510026,SAP 영업/물류 프로세스,정상희,A,전선,Y,SAP Learning Hub/SAP Training Materials: TS460? SAP S/4HANA Sales Overview,"Mgaal, S. & Word, J., Integrated Business Processes with ERP Systems (S/4HANA Edition), Wiley. Ricardo Lopez, Discover SAP ERP Sales and Distriution, SAP Press. Gerh ard Oberniedermaier, , Sales and D",20262516251W510026A,W510|[W510] 스마트제조혁신컨설팅학과
W510,[W510] 스마트제조혁신컨설팅학과,W510029,스마트팩토리 캡스톤디자인,강근명,A,전선,Y,없음,없음,20262516252W510029A,W510|[W510] 스마트제조혁신컨설팅학과
W520,[W520] 뷰티매니지먼트학과,W520004,살롱헤어,박주향,L,전선,Y,교수자가 제공하는 강의자료 및 실습교재,"1.교수자 제작 강의자료
2.최신 헤어 트렌드 자료및 시청각 자료
3.Pivot Point Haircutting
4.Vidal Sassoon ABC Cutting",20262516445W520004L,W520|[W520] 뷰티매니지먼트학과
W520,[W520] 뷰티매니지먼트학과,W520027,아트캐릭터 메이크업,전지현,L,전선,Y,"Art Make up Design Idea / 아트메이크업 발상 /신원선, 권태순 / 훈민사",자체 PPT자료 및 기타 이미지 참고 자료,20262515091W520027L,W520|[W520] 뷰티매니지먼트학과
W520,[W520] 뷰티매니지먼트학과,W520043,뷰티프로젝트,"한혜련,이형",L,전선,Y,『결국 오프라인』 (최원석 저) - 팝업스토어 기획과 오프라인 공간이 주는 참신한 고객 경험(CX) 설계의 정석,"『모든 비즈니스는 브랜딩이다 / 브랜드로 남는다는 것』 (홍성태 저) - 뷰티 브랜드의 콘셉트 도출과 철학 구축
『마케터의 일』 (배달의민족 마케팅 사례) - 실전 마케터의 태도와 기본기, 타겟 커뮤니케이션


4. 『화장품 브랜드",20262515650W520043L,W520|[W520] 뷰티매니지먼트학과
W520,[W520] 뷰티매니지먼트학과,W520046,미용학개론,남향숙,L,전선,Y,위북스)  미용학 개론,(메디시언출판사)  에센스미용학개론,20262514021W520046L,W520|[W520] 뷰티매니지먼트학과
W520,[W520] 뷰티매니지먼트학과,W520049,뷰티아트 캡스톤디자인2,김경호,L,전선,Y,"담당교수 제작 강의자료, 졸업작품 제작 매뉴얼, 수업 실습자료","『헤어디자인』『업스타일 디자인『창의적 헤어아트 디자인- 최신 헤어트렌드 및 컬렉션 자료(국내·외)- 미용 전문 학술지 및 관련 논문, 전시·패션 컬렉션 자료",20262516305W520049L,W520|[W520] 뷰티매니지먼트학과
W520,[W520] 뷰티매니지먼트학과,W520049,뷰티아트 캡스톤디자인2,김경호,M,전선,Y,"담당교수 제작 강의자료, 졸업작품 제작 매뉴얼, 수업 실습자료","『헤어디자인』『업스타일 디자인『창의적 헤어아트 디자인- 최신 헤어트렌드 및 컬렉션 자료(국내·외)- 미용 전문 학술지 및 관련 논문, 전시·패션 컬렉션 자료",20262516305W520049M,W520|[W520] 뷰티매니지먼트학과
W520,[W520] 뷰티매니지먼트학과,W520050,두피모발케어,최경순,L,전선,Y,피앤피북: 두피모발생리학  최경순 ?이영주 공저,(주) 하야시월드와이드 트리코로로지스트,20262514958W520050L,W520|[W520] 뷰티매니지먼트학과
W520,[W520] 뷰티매니지먼트학과,W520052,뷰티 브랜드 캡스톤디자인2,한혜련,L,전선,Y,상품 및 서비스 기획 실무 - 교문사,전략적 브랜드 마케팅 - 박영사,20262110162W520052L,W520|[W520] 뷰티매니지먼트학과
W520,[W520] 뷰티매니지먼트학과,W520052,뷰티 브랜드 캡스톤디자인2,한혜련,M,전선,Y,상품 및 서비스 기획 실무 - 교문사,전략적 브랜드 마케팅 - 박영사,20262110162W520052M,W520|[W520] 뷰티매니지먼트학과
W520,[W520] 뷰티매니지먼트학과,W520053,뷰티테크,"한혜련,김경은",L,전선,Y,교수자 제작 강의자료(PPT 및 실습 워크북),"카페24 쇼핑몰 구축 공식 가이드, ChatGPT·Claude·Gemini 등 생성형 AI 도구 공식 문서, AI 웹빌더 및 바이브코딩 도구 공식 문서",20262516178W520053L,W520|[W520] 뷰티매니지먼트학과
W520,[W520] 뷰티매니지먼트학과,W520053,뷰티테크,"한혜련,김경은",M,전선,Y,교수자 제작 강의자료(PPT 및 실습 워크북),"카페24 쇼핑몰 구축 공식 가이드, ChatGPT·Claude·Gemini 등 생성형 AI 도구 공식 문서, AI 웹빌더 및 바이브코딩 도구 공식 문서",20262516178W520053M,W520|[W520] 뷰티매니지먼트학과
W520,[W520] 뷰티매니지먼트학과,W520054,살롱에스테틱 캡스톤디자인,남향숙,L,전선,Y,한국형 특수 관리( 메디시언),"피부과학( 청구문화사)
한국형미용학(2016)
미용경락실기(2015)",20262514021W520054L,W520|[W520] 뷰티매니지먼트학과
W550,[W550] 디지털콘텐츠디자인학과,W550008,인터랙티브 미디어,김희은,A,전선,Y,"Resolume Manual
[URL] https://docs.google.com/document/d/1-KGruCitOkI9KBaxROBAxvAhDUB-YLRWu9y0PqsOd-8/preview?tab=t.0",추후 안내 예정,20262516283W550008A,W550|[W550] 디지털콘텐츠디자인학과
W550,[W550] 디지털콘텐츠디자인학과,W550009,그래픽 디자인Ⅱ,남지아,A,전선,Y,"- PPT자료 / 시청각 자료 / 유인물 
- 매주 수업자료는 PDF파일로 공유","- PPT자료 / 시청각 자료 / 유인물 
- 매주 수업자료는 PDF파일로 공유",20262515439W550009A,W550|[W550] 디지털콘텐츠디자인학과
W550,[W550] 디지털콘텐츠디자인학과,W550011,3D 디자인 응용,이소영,A,전선,Y,제작 강의자료(PPT),없음,20262516522W550011A,W550|[W550] 디지털콘텐츠디자인학과
W550,[W550] 디지털콘텐츠디자인학과,W550013,디지털응용 캡스톤디자인,"박선영,강정빈",A,전선,Y,없음,없음,20262110895W550013A,W550|[W550] 디지털콘텐츠디자인학과
W550,[W550] 디지털콘텐츠디자인학과,W550014,브랜드 콘텐츠 캡스톤디자인,"박선영,강정빈",A,전선,Y,없음,없음,20262110895W550014A,W550|[W550] 디지털콘텐츠디자인학과
Y011,[Y011] 자기설계전공,Y011003,AI＋X 전공디자인 프리캡스톤,곽미선,A,전기,Y,강의안,강의안 및 프로젝트 수행 자료,20262110921Y011003A,Y011|[Y011] 자기설계전공
Y011,[Y011] 자기설계전공,Y011003,AI＋X 전공디자인 프리캡스톤,장선영,B,전기,Y,강의안,강의안 및 프로젝트 수행 자료,20262110821Y011003B,Y011|[Y011] 자기설계전공
Y020,[Y020] 문학문화콘텐츠학과,Y020001,문화콘텐츠의 이해,허은진,7,전기,Y,,,20262110902Y0200017,Y020|[Y020] 문학문화콘텐츠학과;A071|[A071] 국어국문전공
Y020,[Y020] 문학문화콘텐츠학과,Y020001,문화콘텐츠의 이해,허은진,A,전기,Y,없음,"고정민(2024) 문화콘텐츠산업의 이해, 드레북스
고정민(2023) 문화콘텐츠경영전략, 커뮤니케이션북스
김평수 외(2018) 문화콘텐츠 산업론, 커뮤니케이션북스
콘텐츠문화학회(2025) 새로운 문화콘텐츠학, 커뮤니케이션북스",20262516296Y020001A,Y020|[Y020] 문학문화콘텐츠학과;A071|[A071] 국어국문전공
Y020,[Y020] 문학문화콘텐츠학과,Y020001,문화콘텐츠의 이해,허은진,N,전기,Y,없음,"고정민(2024) 문화콘텐츠산업의 이해, 드레북스
고정민(2023) 문화콘텐츠경영전략, 커뮤니케이션북스
김평수 외(2018) 문화콘텐츠 산업론, 커뮤니케이션북스
콘텐츠문화학회(2025) 새로운 문화콘텐츠학, 커뮤니케이션북스",20262516296Y020001N,Y020|[Y020] 문학문화콘텐츠학과;A071|[A071] 국어국문전공
Y020,[Y020] 문학문화콘텐츠학과,Y020004,문학기반 대표콘텐츠 케이스스터디,백지혜,7,전선,Y,"각 케이스에 해당하는 문학 작품 탐독, 대표 사례는 수강생이 읽고자 하는 텍스트를 반영할 수 있음","수업 자료 및 영상 참고
https://www.youtube.com/watch?v=2ZJrcy-fnTM",20262511802Y0200047,Y020|[Y020] 문학문화콘텐츠학과;A071|[A071] 국어국문전공
Y020,[Y020] 문학문화콘텐츠학과,Y020004,문학기반 대표콘텐츠 케이스스터디,주지영,A,전선,Y,교수자가 매주 제공하는 수업 자료(PDF 파일),"홍재범, 각색의 기술(연극과인간, 2014), 린다 허천, 각색 이론의 모든 것(앨피, 2017), 수잔 헤이워드, 영화 사전: 이론과 비평(한나래, 2012), 루이스 자네티, 영화의 이해(K-Books, 2017), 이다운, 영상문학의 스토리텔링(역락, 2024), 강유정, 영화 글쓰기 강의(북바이, 2019) 등",20262110902Y020004A,Y020|[Y020] 문학문화콘텐츠학과;A071|[A071] 국어국문전공
Y020,[Y020] 문학문화콘텐츠학과,Y020012,고전소설 스토리텔링,주지영,A,전선,Y,교수자가 매주 제공하는 수업 자료(PDF 파일),"한국고소설학회 편, 한국 고소설 강의(돌베개, 2019) / 권순긍, 고전소설과 스토리텔링(박이정, 2018) / 서유경, 고전소설과 문화콘텐츠(박이정, 2021) / 서성은 편, K-스토리텔링(컴북스캠퍼스, 2022) / 딘 모브쇼비츠, 창작자를 위한 픽사 스토리텔링(동녘, 2024) / 마루야마 무쿠, 스토리텔링 7단계(토트, 2015) 등",20262110902Y020012A,Y020|[Y020] 문학문화콘텐츠학과;A071|[A071] 국어국문전공
Y020,[Y020] 문학문화콘텐츠학과,Y020012,고전소설 스토리텔링,주지영,N,전선,Y,교수자가 매주 제공하는 수업 자료(PDF 파일),"한국고소설학회 편, 한국 고소설 강의(돌베개, 2019) / 권순긍, 고전소설과 스토리텔링(박이정, 2018) / 서유경, 고전소설과 문화콘텐츠(박이정, 2021) / 서성은 편, K-스토리텔링(컴북스캠퍼스, 2022) / 딘 모브쇼비츠, 창작자를 위한 픽사 스토리텔링(동녘, 2024) / 마루야마 무쿠, 스토리텔링 7단계(토트, 2015) 등",20262110902Y020012N,Y020|[Y020] 문학문화콘텐츠학과;A071|[A071] 국어국문전공
Y020,[Y020] 문학문화콘텐츠학과,Y020014,웹콘텐츠와 플랫폼의 이해,박성준,A,전선,Y,"강사의 수업 PPT, 강의안 자료, 동영상 자료",.,20262515442Y020014A,Y020|[Y020] 문학문화콘텐츠학과;A071|[A071] 국어국문전공
Y020,[Y020] 문학문화콘텐츠학과,Y020014,웹콘텐츠와 플랫폼의 이해,박성준,N,전선,Y,"강사의 수업 PPT, 강의안 자료, 동영상 자료",.,20262515442Y020014N,Y020|[Y020] 문학문화콘텐츠학과;A071|[A071] 국어국문전공
Y020,[Y020] 문학문화콘텐츠학과,Y020015,한류 속의 K-콘텐츠와 문화정책,김보름,A,전선,Y,ㅇ 수업 중 제공하는 강의자료 활용,"ㅇ 심두보·배기형·정호재 편, 『한류 101』, 동국대학교 한류융합학술원, 2025.
ㅇ 조영한·김수아·이규탁·방희경·이성민, 『한류 탐색』, 컬처룩, 2024.",20262110869Y020015A,Y020|[Y020] 문학문화콘텐츠학과;A071|[A071] 국어국문전공
Y020,[Y020] 문학문화콘텐츠학과,Y020015,한류 속의 K-콘텐츠와 문화정책,김보름,N,전선,Y,ㅇ 수업 중 제공하는 강의자료 활용,"ㅇ 심두보·배기형·정호재 편, 『한류 101』, 동국대학교 한류융합학술원, 2025.
ㅇ 조영한·김수아·이규탁·방희경·이성민, 『한류 탐색』, 컬처룩, 2024.",20262110869Y020015N,Y020|[Y020] 문학문화콘텐츠학과;A071|[A071] 국어국문전공
Y020,[Y020] 문학문화콘텐츠학과,Y020016,영화·드라마 트리트먼트 작성과 피칭 실습,김기홍,A,전선,Y,수업 시간 교수자가 ppt로 제공,수업시간에 안내,20262110801Y020016A,Y020|[Y020] 문학문화콘텐츠학과;A071|[A071] 국어국문전공
Y020,[Y020] 문학문화콘텐츠학과,Y020016,영화·드라마 트리트먼트 작성과 피칭 실습,김기홍,N,전선,Y,수업 시간 교수자가 ppt로 제공,수업시간에 안내,20262110801Y020016N,Y020|[Y020] 문학문화콘텐츠학과;A071|[A071] 국어국문전공
Y020,[Y020] 문학문화콘텐츠학과,Y020017,미디어와 문화콘텐츠,김기홍,A,전필,Y,교수자가 수업 시간에 PPT로 제공,교수자가 수업 시간에 PPT로 제공,20262110801Y020017A,Y020|[Y020] 문학문화콘텐츠학과;A071|[A071] 국어국문전공
Y020,[Y020] 문학문화콘텐츠학과,Y020017,미디어와 문화콘텐츠,김기홍,N,전필,Y,교수자가 수업 시간에 PPT로 제공,교수자가 수업 시간에 PPT로 제공,20262110801Y020017N,Y020|[Y020] 문학문화콘텐츠학과;A071|[A071] 국어국문전공
Y020,[Y020] 문학문화콘텐츠학과,Y020017,미디어와 문화콘텐츠,박성준,7,전필,Y,"강사의 수업 PPT, 강의안 자료, 동영상 자료","이시다 히데다카, 『디지털 미디어란 무엇인가』 프랑크 하르트만, 『미디어 철학』 주영민, 『가상은 현실이다』 노기영, 이준복, 『뉴미디어와 공간의 전환』 앙리 르페브르, 『공간의 생산』",20262515442Y0200177,Y020|[Y020] 문학문화콘텐츠학과;A071|[A071] 국어국문전공
Y020,[Y020] 문학문화콘텐츠학과,Y020027,현대문학의 콘텐츠화 전략,백지혜,N,전필,Y,"홍재범, 각색의 기술, 연극과 인간, 2014
린다 허천, 각색 이론의 모든것, 엘피, 2017",수업 배포,20262511802Y020027N,Y020|[Y020] 문학문화콘텐츠학과;A071|[A071] 국어국문전공
Y020,[Y020] 문학문화콘텐츠학과,Y020027,현대문학의 콘텐츠화 전략,이행미,A,전필,Y,교수자가 제공하는 강의자료(PDF 파일),"- 최시한, 『스토리텔링』, 휴머니스트, 2024.
- 린다 허천, 손종흠 외 옮김, 『각색 이론의 모든 것』, 앨피, 2017.",20262110950Y020027A,Y020|[Y020] 문학문화콘텐츠학과;A071|[A071] 국어국문전공
Y020,[Y020] 문학문화콘텐츠학과,Y020028,공연·엔터테인먼트 산업의 실재,안미영,A,전선,Y,별도 교재 없음 수업 회차별 관련 문헌 및 자료 제공,예술경영(옹호성 저) 외,20262516356Y020028A,Y020|[Y020] 문학문화콘텐츠학과;A071|[A071] 국어국문전공
Y020,[Y020] 문학문화콘텐츠학과,Y020028,공연·엔터테인먼트 산업의 실재,안미영,N,전선,Y,별도 교재 없음 수업 회차별 관련 문헌 및 자료 제공,예술경영(옹호성 저) 외,20262516356Y020028N,Y020|[Y020] 문학문화콘텐츠학과;A071|[A071] 국어국문전공
Y020,[Y020] 문학문화콘텐츠학과,Y020029,원형으로서의 구비문학,김지혜,A,전선,Y,없음,필요에 따라 수시 제공,20262513957Y020029A,Y020|[Y020] 문학문화콘텐츠학과;A071|[A071] 국어국문전공
Y020,[Y020] 문학문화콘텐츠학과,Y020029,원형으로서의 구비문학,김지혜,N,전선,Y,없음,필요에 따라 수시 제공,20262513957Y020029N,Y020|[Y020] 문학문화콘텐츠학과;A071|[A071] 국어국문전공
Y020,[Y020] 문학문화콘텐츠학과,Y020030,문화콘텐츠 마케팅,김보름,A,전선,Y,"ㅇ 조 풀리지(Joe Pulizzi), 『에픽 콘텐츠 마케팅(Epic Content Marketing)』
※ 필수 구입 대상이 아니며, 수업은 매주 제공되는 강의자료(PPT)를 중심으로 진행한다. 최신 판·출판사는 서점에서 확인.","ㅇ 서준원(2023), 『훅, 끌어당기는 콘텐츠 마케팅』, 아시아
ㅇ 전우성(2025), 『그래서 브랜딩이 필요합니다』, 북스톤
ㅇ 차원상(2025), 『디지털 마케팅 전략과 실전사례』, 한국금융연수원
ㅇ 필립 코틀러 외, 『필립 코틀러 마켓 6.0 AI시대, 고객 경험을 진화시켜라!』, 더퀘스트",20262110869Y020030A,Y020|[Y020] 문학문화콘텐츠학과;A071|[A071] 국어국문전공
Y020,[Y020] 문학문화콘텐츠학과,Y020030,문화콘텐츠 마케팅,김보름,N,전선,Y,"ㅇ 조 풀리지(Joe Pulizzi), 『에픽 콘텐츠 마케팅(Epic Content Marketing)』
※ 필수 구입 대상이 아니며, 수업은 매주 제공되는 강의자료(PPT)를 중심으로 진행한다. 최신 판·출판사는 서점에서 확인.","ㅇ 서준원(2023), 『훅, 끌어당기는 콘텐츠 마케팅』, 아시아
ㅇ 전우성(2025), 『그래서 브랜딩이 필요합니다』, 북스톤
ㅇ 차원상(2025), 『디지털 마케팅 전략과 실전사례』, 한국금융연수원
ㅇ 필립 코틀러 외, 『필립 코틀러 마켓 6.0 AI시대, 고객 경험을 진화시켜라!』, 더퀘스트",20262110869Y020030N,Y020|[Y020] 문학문화콘텐츠학과;A071|[A071] 국어국문전공
Y020,[Y020] 문학문화콘텐츠학과,Y020032,지역문화와 콘텐츠-캡스톤디자인,유영초,A,전필,Y,"강의 자료 중심
오리엔테이션을 통해 필요 교재와 참고문헌 안내",오리엔테이션을 통해 필요 교재와 참고문헌 안,20262516230Y020032A,Y020|[Y020] 문학문화콘텐츠학과;A071|[A071] 국어국문전공
Y020,[Y020] 문학문화콘텐츠학과,Y020032,지역문화와 콘텐츠-캡스톤디자인,유영초,N,전필,Y,"강의 자료 중심
오리엔테이션을 통해 필요 교재와 참고문헌 안내",오리엔테이션을 통해 필요 교재와 참고문헌 안,20262516230Y020032N,Y020|[Y020] 문학문화콘텐츠학과;A071|[A071] 국어국문전공
Y020,[Y020] 문학문화콘텐츠학과,Y020033,스마트미디어 문화비평,강호정,A,전선,Y,"매 시간 다음 책을 참고하여, ppt로 수업 진행함 
 로이스 타이슨, 『비평이론의 모든 것』, 앨피, 2012.
          이상우 이기한 김순식, 『문학비평의 이론과 실제』, 집문당, 2002.","김욱동, 『「광장」을 읽는 일곱 가지 방법』, 문학과지성사, 1996. 
          아서 아사 버거 지음, 박웅진 옮김, 『대중문화 비평, 한권으로 끝내기』, 커뮤니케이션북스, 2015.
          존 스토리, 박만준 역, 『대중문화와 문화이론』, 경문사. 2017.",20262110718Y020033A,Y020|[Y020] 문학문화콘텐츠학과;A071|[A071] 국어국문전공
Y020,[Y020] 문학문화콘텐츠학과,Y020033,스마트미디어 문화비평,강호정,N,전선,Y,"매 시간 다음 책을 참고하여, ppt로 수업 진행함 
 로이스 타이슨, 『비평이론의 모든 것』, 앨피, 2012.
          이상우 이기한 김순식, 『문학비평의 이론과 실제』, 집문당, 2002.","김욱동, 『「광장」을 읽는 일곱 가지 방법』, 문학과지성사, 1996. 
          아서 아사 버거 지음, 박웅진 옮김, 『대중문화 비평, 한권으로 끝내기』, 커뮤니케이션북스, 2015.
          존 스토리, 박만준 역, 『대중문화와 문화이론』, 경문사. 2017.",20262110718Y020033N,Y020|[Y020] 문학문화콘텐츠학과;A071|[A071] 국어국문전공
Y020,[Y020] 문학문화콘텐츠학과,Y020041,한류 시대의 K-문학 담론과 소설비평,이행미,A,전선,Y,교수자가 제공하는 강의자료(PDF 파일),수업에서 다루는 소설과 관련 비평문 등의 읽기 자료,20262110950Y020041A,Y020|[Y020] 문학문화콘텐츠학과;A071|[A071] 국어국문전공
Y020,[Y020] 문학문화콘텐츠학과,Y020041,한류 시대의 K-문학 담론과 소설비평,이행미,N,전선,Y,교수자가 제공하는 강의자료(PDF 파일),수업에서 다루는 소설과 관련 비평문 등의 읽기 자료,20262110950Y020041N,Y020|[Y020] 문학문화콘텐츠학과;A071|[A071] 국어국문전공
Y020,[Y020] 문학문화콘텐츠학과,Y020042,AI 융합 디지털콘텐츠 기획 기초,"전준현,김정웅",A,전선,Y,"좋은 서비스 디자인(루 다운 지음, 윤효원 옮김), 하루 5분 UX(조엘 마시 지음, 김은지 옮김)","사용자 경험의 요소(제시 제임스 캐럿 지음, 정승녕 옮김), 심리를 꿰뚫는 UX 디자인(수잔 웨인쉔크 지음, 심규대 옮김)",20262110846Y020042A,Y020|[Y020] 문학문화콘텐츠학과;A071|[A071] 국어국문전공
Y020,[Y020] 문학문화콘텐츠학과,Y020042,AI 융합 디지털콘텐츠 기획 기초,"전준현,김정웅",N,전선,Y,"좋은 서비스 디자인(루 다운 지음, 윤효원 옮김), 하루 5분 UX(조엘 마시 지음, 김은지 옮김)","사용자 경험의 요소(제시 제임스 캐럿 지음, 정승녕 옮김), 심리를 꿰뚫는 UX 디자인(수잔 웨인쉔크 지음, 심규대 옮김)",20262110846Y020042N,Y020|[Y020] 문학문화콘텐츠학과;A071|[A071] 국어국문전공
Y020,[Y020] 문학문화콘텐츠학과,Y020043,AID  앱 콘텐츠 캡스톤 디자인,전준현,A,전필,Y,"교수 ppt, NCS 학습모듈_LM2002040101_16v1, The Vr Book (Human-centered Design for Virtual Reality: 교수 제공)",언리얼 엔진 5 블루프린트 비주얼 스크립팅 (코드 작성 없이 일인칭 슈터 게임 개발하기),20262110846Y020043A,Y020|[Y020] 문학문화콘텐츠학과
Y020,[Y020] 문학문화콘텐츠학과,Y020043,AID  앱 콘텐츠 캡스톤 디자인,전준현,N,전필,Y,"교수 ppt, NCS 학습모듈_LM2002040101_16v1, The Vr Book (Human-centered Design for Virtual Reality: 교수 제공)",언리얼 엔진 5 블루프린트 비주얼 스크립팅 (코드 작성 없이 일인칭 슈터 게임 개발하기),20262110846Y020043N,Y020|[Y020] 문학문화콘텐츠학과
Y030,[Y030] AI응용학과,M020039,의료 인공지능,"정성훈,최승호",7,전선,Y,"[정성훈 교수]
의료 AI 입문, 야마시타 야스유키 저/양형규 역, 양병원출판부
의사를 위한 실전 인공지능, 차유진 저, 군자출판사


[최승호 교수]
자체 제작","[정성훈 교 수]
참고 문헌: Fundamentals of Machine Learning and Deep Learning in Medicine",20262110141M0200397,Y030|[Y030] AI응용학과;M020|[M020] C&C School
Y030,[Y030] AI응용학과,M020041,Physical AI & 모빌리티 시뮬레이션,이경복,7,전선,Y,자체 제작 Physical AI 실습 교안,"피지컬 AI 시스템 설계, 한빛미디",20262110888M0200417,Y030|[Y030] AI응용학과;Y050|[Y050] 미래모빌리티학과;M020|[M020] C&C School
Y030,[Y030] AI응용학과,M020042,적대적 공격 및 방어,"강미선,석병진",7,전선,Y,교수자 강의자료,"Adversarial AI Attacks, Mitigations, and Defense Strategies (John Sotiropoulos)",20262110923M0200427,Y030|[Y030] AI응용학과;Y040|[Y040] 융합보안학과;M020|[M020] C&C School
Y030,[Y030] AI응용학과,M020043,안전·신뢰 AI 구현,석병진,7,전선,Y,교수자 강의자료,"AI 엔지니어링, 한빛미디어",20262110923M0200437,Y030|[Y030] AI응용학과;Y040|[Y040] 융합보안학과;M020|[M020] C&C School
Y030,[Y030] AI응용학과,Y030013,머신러닝,지준,A,전필,Y,"e-class 머신러닝 사이트.
https://github.com/junji64/Machine-Learning","Machine Learning by Andrew Ng at Stanford University
https://ko.coursera.org/learn/machine-learning",20262110150Y030013A,Y030|[Y030] AI응용학과;K191|[K191] IT응용시스템공학과
Y030,[Y030] AI응용학과,Y030013,머신러닝,지준,B,전필,Y,"e-class 머신러닝 사이트.
https://github.com/junji64/Machine-Learning","Machine Learning by Andrew Ng at Stanford University
https://ko.coursera.org/learn/machine-learning",20262110150Y030013B,Y030|[Y030] AI응용학과;K191|[K191] IT응용시스템공학과
Y030,[Y030] AI응용학과,Y030013,머신러닝,지준,N,전필,Y,"e-class 머신러닝 사이트.
https://github.com/junji64/Machine-Learning","Machine Learning by Andrew Ng at Stanford University
https://ko.coursera.org/learn/machine-learning",20262110150Y030013N,Y030|[Y030] AI응용학과;K191|[K191] IT응용시스템공학과
Y030,[Y030] AI응용학과,Y030024,시각지능 학습,강미선,A,전선,Y,강의교안 배포,강의교안 내 참고문헌 등장 시 표기,20262110922Y030024A,Y030|[Y030] AI응용학과
Y030,[Y030] AI응용학과,Y030024,시각지능 학습,강미선,N,전선,Y,강의교안 배포,강의교안 내 참고문헌 등장 시 표기,20262110922Y030024N,Y030|[Y030] AI응용학과
Y030,[Y030] AI응용학과,Y030035,기업연계 AI캡스톤디자인,노광현,N,전필,Y,기업에서 개발을 원하는 AI 응용 제품 및 서비스 요구사항,없음,20262110596Y030035N,Y030|[Y030] AI응용학과;K191|[K191] IT응용시스템공학과
Y030,[Y030] AI응용학과,Y030035,기업연계 AI캡스톤디자인,오세종,A,전필,Y,"산업체의 산업 분야 및 내부 자료, 리포트 등 중소기업 전략기술 로드맵(4대 테마) 트렌드 및 시장 현황 자료 등","산업체의 산업 분야 및 내부 자료, 리포트 등 중소기업 전략기술 로드맵(4대 테마) 트렌드 및 시장 현황 자료 등",20262110926Y030035A,Y030|[Y030] AI응용학과;K191|[K191] IT응용시스템공학과
Y030,[Y030] AI응용학과,Y030038,AI온캠퍼스인턴십,이동훈,7,전선,Y,강의교안 배포,"https://cocodataset.org
https://docs.voxel51.com
https://github.com/cvat-ai/cvat",20262110917Y0300387,Y030|[Y030] AI응용학과
Y040,[Y040] 융합보안학과,Y040005,컴퓨터 프로그래밍 기초,구동영,A,전선,Y,"누구나 쉽게 즐기는 C언어 콘서트 (개정판), 천인국 지음, 생능출판사","두근두근 C언어 with 챗GPT, 천인국, 생능출판, ISBN: 979-11-92932-77-4 명품 C언어 프로그래밍 (개정판), 안기수 지음, 생능출판사 쉽게 풀어쓴 C언어 EXPRESS (개정3판), 천인국 지음, 생능출판사",20262110774Y040005A,Y040|[Y040] 융합보안학과
Y040,[Y040] 융합보안학과,Y040011,암호학 고급,이후진,A,전선,Y,"- 암호기술의 이해 (Understanding Cryptography - A Textbook for Students and Practitioners), Christof Paar, Jan Pelzl 공저 / 원동호, 이영숙, 김지연 공역, 도서출판 그린","- 비밀의 언어(The Codebook): 암호의 역사와 과학, 사이먼 싱 저 / 이현경 역, 인사이트(Insight)",20262110619Y040011A,Y040|[Y040] 융합보안학과
Y040,[Y040] 융합보안학과,Y040013,데이터베이스,방갑산,A,전선,Y,데이터베이스 관련 서적,DB설계와 구축(이춘식),20262516418Y040013A,Y040|[Y040] 융합보안학과
Y040,[Y040] 융합보안학과,Y040014,위성정보 이해와 처리,이기원,A,전필,Y,기술발전이 빠른 분야이므로 최신 기술을 설명하는 교수 배포자료 및 실습자료,교수 배포자료 및 참고문헌,20262110525Y040014A,Y040|[Y040] 융합보안학과
Y040,[Y040] 융합보안학과,Y040015,이산수학,구동영,A,전선,Y,"이산수학: tool 중심으로 이해하는 새로운 시각, 박두순, 한빛아카데미, ISBN: 979-11-5664-403-3","이산수학 3판: 컴퓨팅 사교력을 키우는, 박주미, 한빛아카데미, ISBN: 979-11-5664-590-0 이산수학 개정판: 4차 산업혁명 시대의, 김대수, 생능출판, ISBN: 978-89-7050-980-8",20262110774Y040015A,Y040|[Y040] 융합보안학과
Y040,[Y040] 융합보안학과,Y040023,컴퓨터네트워크,김승천,A,전필,Y,"- Forouzan, Data Communications and Networking , 5th Edition, McGraw Hill, 2013. 
- Forouzan, Data Communications and Networking , 6th Edition, McGraw Hill, 2022.","- James F. Kurose, Computer Networking: A Top-Down Approach Featuring the Internet , Addison Wesley",20262110554Y040023A,Y040|[Y040] 융합보안학과;K191|[K191] IT응용시스템공학과
Y040,[Y040] 융합보안학과,Y040025,암호프로그래밍 고급,서화정,A,전선,Y,-,-,20262110775Y040025A,Y040|[Y040] 융합보안학과
Y040,[Y040] 융합보안학과,Y040026,웹그래픽정보처리,이기원,A,전선,Y,기술발전이 빠른 분야이므로 최신 기술을 설명하는 교수 배포자료 및 실습자료,교수 배포 참고자료,20262110525Y040026A,Y040|[Y040] 융합보안학과
Y040,[Y040] 융합보안학과,Y040027,융합보안 프리캡스톤 디자인,"김승천,이강신",A,전선,Y,없음,"https://www.youtube.com/watch?v=sqGDtF3Mhrk&list=PL8I6643rqCbvsg6hUErXj25eMNwVVtd9G
https://www.youtube.com/watch?v=3p_Ns3YZZyU&list=PL8I6643rqCbvsg6hUErXj25eMNwVVtd9G&index=2",20262110918Y040027A,Y040|[Y040] 융합보안학과
Y040,[Y040] 융합보안학과,Y040033,파이썬프로그래밍,김승천,A,전필,Y,"""따라하며 배우는 파이썬과 데이터 과학""(생능출판사)
? 저자 : 천인국, 박동규, 강영민",-,20262110554Y040033A,Y040|[Y040] 융합보안학과
Y040,[Y040] 융합보안학과,Y040034,AI 서비스 엔지니어링,석병진,A,전선,Y,"Do it! LLM을 활용한 AI 에이전트 개발 입문 (이성용, 이지스퍼블리싱, 2025)",-,20262110923Y040034A,Y040|[Y040] 융합보안학과
Y040,[Y040] 융합보안학과,Y040035,개인정보보호 실무 프리인턴십,윤재석,A,전선,Y,"ISO/IEC 27001:2022, ISO/IEC 27701:2025 표준 및 자체 제작 강의자료(Handout)","개인정보보호법·GDPR 해설서, 개인정보보호위원회 및 KISA 가이드라인",20262110933Y040035A,Y040|[Y040] 융합보안학과
Y040,[Y040] 융합보안학과,Y040036,디지털포렌식(AI활용),박명서,A,전선,Y,"디지털포렌식(노명선, 백명훈)","철통보안 윈도우즈 레지스트리 포렌식, 오픈소스 툴을 이용한 디지털 포렌식, 모바일 포렌식",20262110880Y040036A,Y040|[Y040] 융합보안학과
Y040,[Y040] 융합보안학과,Y040037,융합보안온캠퍼스인턴십,이강신,A,전선,Y,"- 자체 제작 강의자료 및 실습 과제
- 개인정보보호위원회 「가명정보 처리 가이드라인」 (최신판)","- 개인정보보호위원회, 「합성데이터 생성·활용 안내서」.
- 개인정보보호위원회, 「가명정보 결합·반출 안내서」.
- 개인정보보호위원회, 「AI 프라이버시 리스크 관리 모델」.
- Python 데이터 분석·처리 관련 라이브러리 공식 문서 (pandas, scikit-learn, 자연어·이미지 처리 라이브러리 등).",20262110918Y040037A,Y040|[Y040] 융합보안학과
Y050,[Y050] 미래모빌리티학과,Y050001,미래모빌리티개론,이경복,A,전기,Y,강의 노트(PPT 슬라이드),"1) Mobility 3.0, 류두진 역, 2021.09
2) 포스트 모빌리티, 차두원, 이슬아 저, 2022.06",20262110888Y050001A,Y050|[Y050] 미래모빌리티학과
Y050,[Y050] 미래모빌리티학과,Y050003,C프로그래밍,이경복,A,전선,Y,PPT 슬라이드,열혈 C 프로그래밍(윤성우),20262110888Y050003A,Y050|[Y050] 미래모빌리티학과
Y050,[Y050] 미래모빌리티학과,Y050009,인공지능 및 머신러닝개론,노광현,A,전필,Y,추후 안내,추후 안내,20262110596Y050009A,Y050|[Y050] 미래모빌리티학과
Y050,[Y050] 미래모빌리티학과,Y050018,기초역학Ⅰ,김상현,A,전필,Y,강의노트,"재료역학(Mechanics of Materials), 저자(Gere)",20262110597Y050018A,Y050|[Y050] 미래모빌리티학과
Y050,[Y050] 미래모빌리티학과,Y050019,선형대수,김동민,A,전선,Y,"MATLAB으로 배우는 선형대수학
저자: 이광연, 설한국 / 출판사: 한빛아카데미(주)",-,20262110932Y050019A,Y050|[Y050] 미래모빌리티학과
Y050,[Y050] 미래모빌리티학과,Y050021,확률 및 랜덤프로세스,김동민,A,전선,Y,"생생한 사례로 배우는 확률과 통계
저자: 이재원 / 출판사: 한빛아카데미(주)",-,20262110932Y050021A,Y050|[Y050] 미래모빌리티학과
Y050,[Y050] 미래모빌리티학과,Y050022,자료구조 및 알고리즘,노광현,A,전선,Y,"파이썬 자료구조와 알고리즘 for Beginner (저자: 우재남, 출판사: 한빛아카데미(주))",없음,20262110596Y050022A,Y050|[Y050] 미래모빌리티학과
Y050,[Y050] 미래모빌리티학과,Y050024,모빌리티 센서 응용설계,김동민,A,전선,Y,"Modern Electric Hybrid & Fuel Cell Vehic, 3/Ed
STEM CookBook, 전기 및 하이브리드 자동차(3판)
Electric Motor Control (DC, AC, and BLDC Motors)",주교재 기반 강의 자료 제공,20262110932Y050024A,Y050|[Y050] 미래모빌리티학과
Y050,[Y050] 미래모빌리티학과,Y050026,모빌리티 전자제어유닛 실습,이경복,A,전선,Y,강의 자료 PDF,"1. STMicroelectronics, STM32H7 Series Datasheet 및 Reference Manual
2. STM32CubeIDE User Guide 및 관련 기술문서
3. 모터, MOSFET, 게이트 드라이버, 전원소자 및 센서 제조사의 데이터시트",20262110888Y050026A,Y050|[Y050] 미래모빌리티학과
Y050,[Y050] 미래모빌리티학과,Y050027,기계제품설계(CAD),우윤환,A,전선,Y,없음. PDF 강의자료를 매주 learn.hansung.ac.kr에 업로드,없음,20262110574Y050027A,Y050|[Y050] 미래모빌리티학과
Y050,[Y050] 미래모빌리티학과,Y050032,스마트모빌리티와 지역현안문제해결,"노광현,이경복,김동민",A,전선,Y,없음,없음,20262110596Y050032A,Y050|[Y050] 미래모빌리티학과
Y050,[Y050] 미래모빌리티학과,Y050035,자율주행 캡스톤디자인,노광현,A,전필,Y,없음,없음,20262110596Y050035A,Y050|[Y050] 미래모빌리티학과
Y060,[Y060] SW연계전공,Y060005,프로덕트 디자인(UI/UX/CX),이현주,7,일선,Y,,,20262110914Y0600057,Y060|[Y060] SW연계전공
Y060,[Y060] SW연계전공,Y060007,생성 AI 영상 콘텐츠 기획과 제작,이동현,8,일선,Y,"특정 단일 교재를 사용하지 않고 담당 교수가 제작한 주차별 녹화강의, 강의자료, 실습 가이드, 프롬프트 예시, 기획서 및 스토리보드 양식을 주교재로 활용한다.","AI 영상제작누구나 AI 크리에이터가 될 수 있다!   / 이동현 공저
 AI 영화 5일만에 제작하는 법  / 이동현 공저",20262516422Y0600078,Y060|[Y060] SW연계전공
Y060,[Y060] SW연계전공,Y060007,생성 AI 영상 콘텐츠 기획과 제작,이현주,7,일선,Y,,,20262516421Y0600077,Y060|[Y060] SW연계전공
Y060,[Y060] SW연계전공,Y060008,생성 AI 내러티브 영상 프로젝트,이현주,7,일선,Y,,,20262516421Y0600087,Y060|[Y060] SW연계전공
Y060,[Y060] SW연계전공,Y060014,콘텐츠 프로듀싱,양옥수,7,일선,Y,- 제품의 탄생(책만),디지털 콘텐츠 기획(한빛아카데미),20262110914Y0600147,Y060|[Y060] SW연계전공
Y070,[Y070] 창업트랙,Y070005,산업분석과 시장성 검증,김종찬,7,전선,Y,강의자 자체 제작,해당없음,20262110935Y0700057,Y070|[Y070] 창업트랙
Y070,[Y070] 창업트랙,Y070009,창업지원정책의 이해와 활용,김종찬,7,전선,Y,강의자 자체 제작,해당없음,20262110935Y0700097,Y070|[Y070] 창업트랙
